en_lemma	base_word	total_freq	band	final_eo_root	final_eo_word	eo_gloss	gloss_source	anchor_source	tier_basis	proposed_tier	review_flag	note
spoil#pamper	spoil	47	P2_hot	dorlot	dorloti	to coddle, pamper, pet, fondle	espdic	curated	freq	1		sense: spoil/pamper a child or pet
spoil#rot	spoil	47	P2_hot	putr	putri	to decay, decompose, putrefy, rot, fester	espdic	curated	freq	1		sense: food spoils / goes bad
trunk#chest	trunk	42	P2_hot	kofr	kofro	chest, coffer, suitcase, trunk	espdic	curated	freq	1		sense: storage trunk/chest for toys
trunk#elephant	trunk	42	P2_hot	rostr	rostro	proboscis, snout, trunk, sucker	espdic	curated	freq	1		sense: elephant's trunk
trunk#tree	trunk	42	P2_hot	trunk	trunko	frustum, stem, trunk, torso	espdic	curated	freq	1		sense: tree trunk
beam#bar	beam	39	P2_hot	trab	trabo	beam, girder, joist, bar, tray	espdic	curated	freq	1		sense: balance beam in playground
beam#smile	beam	39	P2_hot	radi	radii	to radiate, irradiate	espdic	curated	freq	1		sense: beamed with pride/joy
flap#opening	flap	35	P2_hot	klap	klapo	flap, valve, half shell	espdic	curated	freq	1		sense: opened the flap (noun, tent/opening)
flap#wings	flap	35	P2_hot	flirt	flirti	to flirt, flit, flutter	espdic	curated	freq	1		sense: flapped its wings (verb)
tuck#bed	tuck	32	P4_nomatch	lit	enlitigi	to put to bed	espdic	curated	freq	1		sense: tucked into bed
tuck#hide	tuck	32	P4_nomatch	kaŝ	kaŝi	to conceal, hide, veil	espdic	curated	freq	1		sense: tucked away / hidden
scoop#lift	scoop	27	P2_hot	ĉerp	ĉerpi	to bail, draw (water), excerpt, extract, spoon	espdic	curated	freq	1		sense: scooped up / ladled (verb)
scoop#portion	scoop	27	P2_hot	bul	buleto	pellet, small ball	espdic	curated	freq	1		sense: a scoop of ice cream/sand (noun)
palm#hand	palm	24	P2_hot	manplat	manplato	palm (of hand)	espdic	curated	freq	1		sense: palm of the hand
palm#tree	palm	24	P2_hot	palm	palmo	palm, palm tree	espdic	curated	freq	1		sense: palm tree
perch#roost	perch	22	P2_hot	sidstang	sidstango	bass, perch (fish)	kept_original	curated	freq	1		sense: a perch/roost to sit on (noun)
perch#sit	perch	22	P2_hot	sid	sidi	to sit, be seated	espdic	curated	freq	1		sense: bird perched on a branch (verb)
dodge	dodge	4	P6_tail	evit	eviti	to avoid, evade, eschew, keep aloof, shirk, shun	espdic	curated	inventory	2		
gator	gator	4	P6_tail	aligator	aligatoro	alligator	espdic	curated	inventory	2	rare-anchor	
gladly	gladly	4	P6_tail	ĝoj	ĝoje	joyfully, happily	espdic	curated	inventory	2		
hideout	hideout	4	P6_tail	ej	kaŝejo	hiding place	espdic	curated	inventory	2		
hungrily	hungrily	4	P6_tail	malsat	malsate		kept_original	curated	inventory	2		
mesmerize	mesmerize	4	P6_tail	hipnot	hipnoti		kept_original	curated	inventory	2		
pepperoni	pepperoni	4	P6_tail	peperon	peperono		kept_original	curated	inventory	2		
pro	pro	4	P6_tail	profesi	profesiulo	professional	espdic	curated	inventory	2		
seatbelt	seatbelt	4	P6_tail	zon	sekurzono	safety belt, seat belt	espdic	curated	inventory	2		
snooze	snooze	4	P6_tail	dorm	dormeti	to doze, nap, slumber	espdic	curated	inventory	2		
squishy	squishy	4	P6_tail	mol	premmola		kept_original	curated	inventory	2		
sunscreen	sunscreen	4	P6_tail	krem	sunkremo	sunscreen	kept_original	curated	inventory	2		
veggie	veggie	4	P6_tail	legom	legomo	vegetable	espdic	curated	inventory	2		
bluebird	bluebird	3	P6_tail	bird	blubirdo		kept_original	curated	inventory	2		
dining	dining	3	P6_tail	manĝ	manĝado	repast	espdic	curated	inventory	2		
dollhouse	dollhouse	3	P6_tail	dom	pupdomo	doll house	espdic	curated	inventory	2		
energize	energize	3	P6_tail	energi	energiigi		kept_original	curated	inventory	2		
glittery	glittery	3	P6_tail	bril	brileta		kept_original	curated	inventory	2		
goody	goody	3	P6_tail	frand	frandaĵo	delicacy, tidbit, sweet, rarity, tidbit	espdic	curated	inventory	2		
heartbroken	heartbroken	3	P6_tail	ŝir	korŝirita		kept_original	curated	inventory	2		
honeybee	honeybee	3	P6_tail	abel	mielabelo		kept_original	curated	inventory	2		
lunchtime	lunchtime	3	P6_tail	temp	lunĉtempo		kept_original	curated	inventory	2		
mat	mat	3	P6_tail	mat	mato	checkmate, mate	espdic	curated	inventory	2	rare-anchor	
moonwalk	moonwalk	3	P6_tail	marŝ	lunmarŝo		kept_original	curated	inventory	2		
padlock	padlock	3	P6_tail	kadenac	kadenaco	padlock	kept_original	curated	inventory	2	rare-anchor	
playhouse	playhouse	3	P6_tail	dom	luddomo		kept_original	curated	inventory	2		
pointy	pointy	3	P6_tail	pint	pinta	pointed, spiked, leading	espdic	curated	inventory	2		
shyly	shyly	3	P6_tail	hont	hontete		kept_original	curated	inventory	2		
sideways	sideways	3	P6_tail	flank	flanken	aside, to the side	espdic	curated	inventory	2		
smoothie	smoothie	3	P6_tail	trink	fruktotrinkaĵo		kept_original	curated	inventory	2		
snarl	snarl	3	P6_tail	graŭl	graŭli	to growl	espdic	curated	inventory	2	rare-anchor	
stairway	stairway	3	P6_tail	ŝtup	ŝtuparo	staircase, stairs	espdic	curated	inventory	2		
storybook	storybook	3	P6_tail	libr	rakontlibro		kept_original	curated	inventory	2		
sweetly	sweetly	3	P6_tail	dolĉ	dolĉe	gently	espdic	curated	inventory	2		
tantrum	tantrum	3	P6_tail	kriz	kolerkrizo		kept_original	curated	inventory	2	rare-anchor	
tickly	tickly	3	P6_tail	tikl	tiklema		kept_original	curated	inventory	2		
windowsill	windowsill	3	P6_tail	bret	fenestrobreto	window sill	espdic	curated	inventory	2		
yummy	yummy	3	P6_tail	gust	bongusta	luscious, nice, tasty, savory, succulent	espdic	curated	inventory	2		
atop	atop	2	P6_tail	supr	supre	above, on top, overhead, upstairs, aloft, up, upstairs	espdic	curated	inventory	2		
awhile	awhile	2	P6_tail	temp	momenton	a moment, a few minutes	espdic	curated	inventory	2		
beady	beady	2	P6_tail	bid	bidsimila		kept_original	curated	inventory	2		
birdseed	birdseed	2	P6_tail	gren	birdogreno		kept_original	curated	inventory	2		
blob	blob	2	P6_tail	glob	globaĵo		kept_original	curated	inventory	2		
bubblegum	bubblegum	2	P6_tail	gum	maĉgumo	chewing gum	espdic	curated	inventory	2	rare-anchor	
campsite	campsite	2	P6_tail	ej	kampadejo	camping ground, camping site	espdic	curated	inventory	2		
carefree	carefree	2	P6_tail	zorg	senzorga	careless, neglectful, reckless, remiss	espdic	curated	inventory	2		
carton	carton	2	P6_tail	karton	kartono	cardboard, pasteboard	espdic	curated	inventory	2		
cranny	cranny	2	P6_tail	fend	fendeto	fissure	espdic	curated	inventory	2		
doorbell	doorbell	2	P6_tail	sonoril	pordsonorilo		kept_original	curated	inventory	2		
doorstep	doorstep	2	P6_tail	sojl	sojlo	sill, threshold	espdic	curated	inventory	2	rare-anchor	
flurry	flurry	2	P6_tail	turb	neĝoturbo		kept_original	curated	inventory	2		
footstep	footstep	2	P6_tail	paŝ	piedpaŝo		kept_original	curated	inventory	2		
grandkid	grandkid	2	P6_tail	nep	genepo	grandchild	espdic	curated	inventory	2		
grouchy	grouchy	2	P6_tail	grumbl	grumblema	morose	espdic	curated	inventory	2		
hideaway	hideaway	2	P6_tail	ej	kaŝejo	hiding place	espdic	curated	inventory	2		
hike	hike	2	P6_tail	migr	migri	to migrate, roam, wander, wander about, travel about	espdic	curated	inventory	2		
jellybean	jellybean	2	P6_tail	bombon	ĝelebombono		kept_original	curated	inventory	2		
junkyard	junkyard	2	P6_tail	ej	rubejo	garbage dump	espdic	curated	inventory	2		
knights	knights	2	P6_tail	kavalir	kavaliro	cavalier, knight, chevalier	espdic	curated	inventory	2		
lush	lush	2	P6_tail	abund	abunda	abundant, affluent, ample, copious, plentiful, profuse, rich, bountiful	espdic	curated	inventory	2		
midst	midst	2	P6_tail	mez	mezo	average, mean, middle	espdic	curated	inventory	2		
mini	mini	2	P6_tail	et	eta	tiny	espdic	curated	inventory	2	rare-anchor	
nightlight	nightlight	2	P6_tail	lamp	noktolampo		kept_original	curated	inventory	2		
nightstand	nightstand	2	P6_tail	tabl	noktotableto		kept_original	curated	inventory	2		
oily	oily	2	P6_tail	ole	olea		kept_original	curated	inventory	2		
piggybank	piggybank	2	P6_tail	pork	ŝparporketo		kept_original	curated	inventory	2		
popsicle	popsicle	2	P6_tail	baston	glacibastoneto		kept_original	curated	inventory	2		
restful	restful	2	P6_tail	ripoz	ripoziga		kept_original	curated	inventory	2		
sizzle	sizzle	2	P6_tail	sibl	sibli	to hiss, whistle	espdic	curated	inventory	2		
soundly	soundly	2	P6_tail	fund	profunde	deeply, profoundly	espdic	curated	inventory	2		
spook	spook	2	P6_tail	tim	ektimigi		kept_original	curated	inventory	2		
sugary	sugary	2	P6_tail	suker	sukera	bland, sugary	kept_original	curated	inventory	2		
surprisingly	surprisingly	2	P6_tail	surpriz	surprize	aback	espdic	curated	inventory	2		
swat	swat	2	P6_tail	frap	klakfrapi		kept_original	curated	inventory	2		
swipe	swipe	2	P6_tail	kapt	forkapti	to hijack, kidnap	espdic	curated	inventory	2		
teamwork	teamwork	2	P6_tail	labor	teamlaboro		kept_original	curated	inventory	2		
trudge	trudge	2	P6_tail	paŝ	trenpaŝi		kept_original	curated	inventory	2		
twinkly	twinkly	2	P6_tail	bril	brileta		kept_original	curated	inventory	2		
alleyways	alleyways	1	P6_tail	strat	strateto	alley, lane	espdic	curated	inventory	2		
awestruck	awestruck	1	P6_tail	frap	mirfrapita		kept_original	curated	inventory	2		
beachs	beachs	1	P6_tail	strand	strando	beach, shore	espdic	curated	inventory	2	rare-anchor	
bedspread	bedspread	1	P6_tail	kovril	litkovrilo	bedcover, blanket, quilt	espdic	curated	inventory	2		
bendy	bendy	1	P6_tail	fleks	fleksebla	flexible, pliable, pliant, supple	espdic	curated	inventory	2		
birdsong	birdsong	1	P6_tail	kant	birdokanto	bird song	espdic	curated	inventory	2		
bob	bob	1	P6_tail	balanc	balanceti		kept_original	curated	inventory	2		
brainstorm	brainstorm	1	P6_tail	um	cerbumado		kept_original	curated	inventory	2		
bravado	bravado	1	P6_tail	fanfaron	fanfaronado	fanfaronade, ostentation	espdic	curated	inventory	2		
busily	busily	1	P6_tail	okup	okupite		kept_original	curated	inventory	2		
careen	careen	1	P6_tail	kur	kuregi	to race, run	espdic	curated	inventory	2		
cartwheel	cartwheel	1	P6_tail	rad	flankrado		kept_original	curated	inventory	2		
catchy	catchy	1	P6_tail	memor	memorinda	memorable	espdic	curated	inventory	2		
charmy	charmy	1	P6_tail	ĉarm	ĉarma	attractive, charming, lovely, pleasing, alluring	espdic	curated	inventory	2		
chatty	chatty	1	P6_tail	babil	babilema	talkative, verbose	espdic	curated	inventory	2		
checkup	checkup	1	P6_tail	kontrol	kontrolo	check, oversight, scrutiny, verification, diagnostics	espdic	curated	inventory	2		
cheery	cheery	1	P6_tail	gaj	gajeta		kept_original	curated	inventory	2		
chocolaty	chocolaty	1	P6_tail	ĉokolad	ĉokolada	chocolate	espdic	curated	inventory	2	rare-anchor	
chomp	chomp	1	P6_tail	maĉ	maĉegi		kept_original	curated	inventory	2		
choppy	choppy	1	P6_tail	ond	onda	of a wave	espdic	curated	inventory	2		
classwork	classwork	1	P6_tail	labor	klaslaboro		kept_original	curated	inventory	2		
cleanly	cleanly	1	P6_tail	pur	pure	purely	espdic	curated	inventory	2		
cleansing	cleansing	1	P6_tail	pur	puriga	abluent, sanitary	espdic	curated	inventory	2		
cluttered	cluttered	1	P6_tail	ord	malorda	bedraggled, chaotic, disheveled	espdic	curated	inventory	2		
companionable	companionable	1	P6_tail	amik	amikema	friendly	espdic	curated	inventory	2		
contentedly	contentedly	1	P6_tail	kontent	kontente		kept_original	curated	inventory	2		
conveyor	conveyor	1	P6_tail	bend	transportbendo	conveyor belt	espdic	curated	inventory	2		
cooktop	cooktop	1	P6_tail	plat	kuirplato		kept_original	curated	inventory	2		
crawly	crawly	1	P6_tail	ramp	rampa		kept_original	curated	inventory	2		
crossly	crossly	1	P6_tail	koler	kolere	angrily	espdic	curated	inventory	2		
dearly	dearly	1	P6_tail	kar	kare		kept_original	curated	inventory	2		
dinnertime	dinnertime	1	P6_tail	temp	vespermanĝtempo		kept_original	curated	inventory	2		
dipping	dipping	1	P6_tail	tremp	trempi	to dip, immerse, plunge, soak, steep	espdic	curated	inventory	2		
disagreeable	disagreeable	1	P6_tail	agrabl	malagrabla	bleak, dismal, dreary, horrible, ghastly, grisly, nasty, unpleasant	espdic	curated	inventory	2		
dollop	dollop	1	P6_tail	bul	buleto	pellet, small ball	espdic	curated	inventory	2		
drool	drool	1	P6_tail	bav	bavi	to dribble, slobber	espdic	curated	inventory	2		
encouragingly	encouragingly	1	P6_tail	kuraĝ	kuraĝige	supportively	espdic	curated	inventory	2		
enforce	enforce	1	P6_tail	dev	devigi	to compel, force, coerce, oblige	espdic	curated	inventory	2		
enthral	enthral	1	P6_tail	sorĉ	ensorĉi	to bewitch, delude, fascinate	espdic	curated	inventory	2		
eyeshadow	eyeshadow	1	P6_tail	ŝmink	okulŝminko	eye shadow	espdic	curated	inventory	2		
fleck	fleck	1	P6_tail	makul	makuleto	speck, spot	espdic	curated	inventory	2		
flick	flick	1	P6_tail	frap	ekfrapeti		kept_original	curated	inventory	2		
forwards	forwards	1	P6_tail	antaŭ	antaŭen	ahead, forth, forward(s), on(ward)	espdic	curated	inventory	2	rare-anchor	
frilly	frilly	1	P6_tail	volan	volana		kept_original	curated	inventory	2		
glint	glint	1	P6_tail	bril	ekbrilo	flash	espdic	curated	inventory	2		
goggle	goggle	1	P6_tail	vitr	naĝokulvitroj		kept_original	curated	inventory	2		
gooey	gooey	1	P6_tail	glu	glueca	sticky	espdic	curated	inventory	2		
griddle	griddle	1	P6_tail	plat	bakplato		kept_original	curated	inventory	2		
grimy	grimy	1	P6_tail	kot	kotoza		kept_original	curated	inventory	2	rare-anchor	
hairstyle	hairstyle	1	P6_tail	aranĝ	hararanĝo	hair style, hairdo	espdic	curated	inventory	2		
hardwork	hardwork	1	P6_tail	labor	laborego	graft, labor, toil	espdic	curated	inventory	2		
hilarious	hilarious	1	P6_tail	rid	ridiga	amusing, comedy	espdic	curated	inventory	2		
hilltop	hilltop	1	P6_tail	supr	montetsupro		kept_original	curated	inventory	2		
homemade	homemade	1	P6_tail	far	hejmfarita		kept_original	curated	inventory	2		
homeward	homeward	1	P6_tail	hejm	hejmen	home(wards)	espdic	curated	inventory	2		
hosepipe	hosepipe	1	P6_tail	tub	akvotubo	drain, water-pipe	espdic	curated	inventory	2		
huff	huff	1	P6_tail	snuf	eksnufi		kept_original	curated	inventory	2		
icky	icky	1	P6_tail	naŭz	naŭza	abhorrent, abominable, alien, disgusting, nasty, nauseous	espdic	curated	inventory	2		
inevitably	inevitably	1	P6_tail	evit	neeviteble	unavoidably	espdic	curated	inventory	2	rare-anchor	
jiggle	jiggle	1	P6_tail	sku	skueti	to jog, joggle	espdic	curated	inventory	2		
jiggly	jiggly	1	P6_tail	trem	tremeta		kept_original	curated	inventory	2		
knowledgeable	knowledgeable	1	P6_tail	kler	klera	cultured, educated, learned, well-informed, talented, enlightened	espdic	curated	inventory	2		
laze	laze	1	P6_tail	pigr	pigri	to be lazy	espdic	curated	inventory	2		
ledge	ledge	1	P6_tail	kornic	kornico	cornice	espdic	curated	inventory	2	rare-anchor	
lolly	lolly	1	P6_tail	bombon	lekbombono		kept_original	curated	inventory	2		
lunchbox	lunchbox	1	P6_tail	kest	manĝokesto		kept_original	curated	inventory	2		
matey	matey	1	P6_tail	kamarad	kamaradeca		kept_original	curated	inventory	2		
meatball	meatball	1	P6_tail	bul	viandbulo		kept_original	curated	inventory	2		
naptime	naptime	1	P6_tail	temp	dormtempo		kept_original	curated	inventory	2		
nighttime	nighttime	1	P6_tail	temp	noktotempo		kept_original	curated	inventory	2		
nugget	nugget	1	P6_tail	pec	orpeceto		kept_original	curated	inventory	2		
operas	operas	1	P6_tail	oper	opero	opera	espdic	curated	inventory	2		
opportunistic	opportunistic	1	P6_tail	oportun	oportunisma		kept_original	curated	inventory	2		
playdate	playdate	1	P6_tail	kunven	ludkunveno		kept_original	curated	inventory	2		
pleadingly	pleadingly	1	P6_tail	pet	petege		kept_original	curated	inventory	2		
poolside	poolside	1	P6_tail	rand	basenrando		kept_original	curated	inventory	2		
precariously	precariously	1	P6_tail	firm	malfirme	loosely	espdic	curated	inventory	2		
rainfall	rainfall	1	P6_tail	pluv	pluvado		kept_original	curated	inventory	2		
rainstorm	rainstorm	1	P6_tail	ŝtorm	pluvoŝtormo		kept_original	curated	inventory	2	rare-anchor	
reassurance	reassurance	1	P6_tail	trankvil	trankviligo	appeasement	espdic	curated	inventory	2		
refreshingly	refreshingly	1	P6_tail	freŝ	refreŝige		kept_original	curated	inventory	2		
riverside	riverside	1	P6_tail	bord	riverbordo	riverbank	espdic	curated	inventory	2		
rummage	rummage	1	P6_tail	serĉ	traserĉi	to search (in document)	espdic	curated	inventory	2		
scariness	scariness	1	P6_tail	tim	timigeco		kept_original	curated	inventory	2		
scourging	scourging	1	P6_tail	vip	vipado	flogging, lashing, whipping	espdic	curated	inventory	2		
scuttle	scuttle	1	P6_tail	kur	forkuri	to abscond, elope, escape, run away	espdic	curated	inventory	2		
securely	securely	1	P6_tail	sekur	sekure	safely	espdic	curated	inventory	2		
selfie	selfie	1	P6_tail	fot	memfoto		kept_original	curated	inventory	2		
sheepishly	sheepishly	1	P6_tail	embaras	embarasite		kept_original	curated	inventory	2		
shoebox	shoebox	1	P6_tail	kest	ŝuskesto		kept_original	curated	inventory	2	rare-anchor	
shovels	shovels	1	P6_tail	ŝovel	ŝovelo		kept_original	curated	inventory	2		
skillfully	skillfully	1	P6_tail	lert	lerte	cleverly	espdic	curated	inventory	2		
sloppy	sloppy	1	P6_tail	zorg	malzorga	careless, neglectful, negligent, remiss	espdic	curated	inventory	2		
slurp	slurp	1	P6_tail	sorb	laŭtsorbi		kept_original	curated	inventory	2		
smooshy	smooshy	1	P6_tail	mol	premmola		kept_original	curated	inventory	2		
smoothness	smoothness	1	P6_tail	glat	glateco		kept_original	curated	inventory	2		
smug	smug	1	P6_tail	kontent	memkontenta	self-content, self-satisfied	espdic	curated	inventory	2		
sneakily	sneakily	1	P6_tail	kaŝ	kaŝeme	furtively, slyly	espdic	curated	inventory	2		
snowstorm	snowstorm	1	P6_tail	ŝtorm	neĝoŝtormo	blizzard	espdic	curated	inventory	2	rare-anchor	
spacesuit	spacesuit	1	P6_tail	kostum	kosmokostumo		kept_original	curated	inventory	2		
spikey	spikey	1	P6_tail	pik	pika	nasty, piquant, prickly, pungent	espdic	curated	inventory	2		
squirm	squirm	1	P6_tail	tord	tordiĝi	to twist	espdic	curated	inventory	2		
steadily	steadily	1	P6_tail	stabil	stabile		kept_original	curated	inventory	2		
steamy	steamy	1	P6_tail	vapor	vaporplena	damp	espdic	curated	inventory	2		
stretchy	stretchy	1	P6_tail	elast	elastika		kept_original	curated	inventory	2	rare-anchor	
suave	suave	1	P6_tail	ĝentil	elegantĝentila		kept_original	curated	inventory	2		
summertime	summertime	1	P6_tail	temp	somertempo		kept_original	curated	inventory	2		
sunbathe	sunbathe	1	P6_tail	sun	sunumi	to sun, sun oneself, take a sunbath	espdic	curated	inventory	2		
sunburnt	sunburnt	1	P6_tail	brul	sunbruligita		kept_original	curated	inventory	2		
swingset	swingset	1	P6_tail	ar	balancilaro		kept_original	curated	inventory	2		
teary	teary	1	P6_tail	larm	larmoplena		kept_original	curated	inventory	2		
thoughtfully	thoughtfully	1	P6_tail	pripens	pripenseme	critically, reflectively	espdic	curated	inventory	2		
tingly	tingly	1	P6_tail	pik	pikpika		kept_original	curated	inventory	2		
tippy	tippy	1	P6_tail	stabil	malstabila	unstable	espdic	curated	inventory	2		
tiptoes	tiptoes	1	P6_tail	pint	piedpinte		kept_original	curated	inventory	2		
tokens	tokens	1	P6_tail	ĵeton	ĵetono	chip, disk, token	espdic	curated	inventory	2		
topping	topping	1	P6_tail	garn	garnaĵo	equipment, accessories, fittings	espdic	curated	inventory	2		
trek	trek	1	P6_tail	marŝ	longmarŝo		kept_original	curated	inventory	2		
triumphant	triumphant	1	P6_tail	triumf	triumfa	triumphal	espdic	curated	inventory	2	rare-anchor	
truthfully	truthfully	1	P6_tail	ver	vereme		kept_original	curated	inventory	2		
tutu	tutu	1	P6_tail	jup	baletjupo	ballet skirt	espdic	curated	inventory	2	rare-anchor	
twirly	twirly	1	P6_tail	turn	turniĝema		kept_original	curated	inventory	2		
unbelievably	unbelievably	1	P6_tail	kred	nekredeble	incredibly	espdic	curated	inventory	2	rare-anchor	
unpleasantly	unpleasantly	1	P6_tail	agrabl	malagrable		kept_original	curated	inventory	2		
unstuck	unstuck	1	P6_tail	fiks	malfiksita		kept_original	curated	inventory	2		
upside	upside	1	P6_tail	flank	supraflanko		kept_original	curated	inventory	2		
vigorously	vigorously	1	P6_tail	vigl	vigle	vigilantly	espdic	curated	inventory	2		
waggly	waggly	1	P6_tail	sving	svingiĝema		kept_original	curated	inventory	2		
waggy	waggy	1	P6_tail	sving	svingema		kept_original	curated	inventory	2		
walkway	walkway	1	P6_tail	voj	promenvojo		kept_original	curated	inventory	2		
webs	webs	1	P6_tail	arane	araneaĵo	spider web	espdic	curated	inventory	2		
wetsuit	wetsuit	1	P6_tail	kostum	mergokostumo		kept_original	curated	inventory	2		
whirling	whirling	1	P6_tail	kirl	kirliĝi	to swirl	espdic	curated	inventory	2		
whiteboard	whiteboard	1	P6_tail	tabul	blanktabulo		kept_original	curated	inventory	2		
wingbeat	wingbeat	1	P6_tail	bat	flugilbato		kept_original	curated	inventory	2		
nod	nod	480	P1_name	jes	kapjesi	to nod (in agreement)	espdic	curated	freq	1		
bug	bug	291	P2_hot	insekt	insekto	bug, insect	espdic	curated	freq	1		
fox	fox	224	P1_name	vulp	vulpo	fox	espdic	curated	seed	1		
duck	duck	193	P2_hot	anas	anaso	duck	espdic	curated	seed	1		
castle	castle	152	P1_name	kastel	kastelo	castle, citadel, fort, stronghold, mansion	espdic	curated	freq	1		
treasure	treasure	152	P2_hot	trezor	trezoro	treasure	espdic	curated	freq	1		
spin	spin	131	P2_hot	turn	turniĝi	to gyrate, rotate, turn, revolve	espdic	curated	freq	1		
snack	snack	129	P2_hot	manĝ	manĝeto	refection	espdic	curated	seed	1		
blanket	blanket	127	P2_hot	kovr	kovrilo	cover, hood, lid, wrapper	espdic	curated	freq	1		
nap	nap	119	P2_hot	dorm	dormeto	nap	espdic	curated	freq	1		
zoom	zoom	87	P1_name	fulm	fulmi	to flash, lighten	espdic	curated	freq	1		
sandy	sandy	83	P1_name	sabl	sabla	sand, of sand	espdic	curated	freq	1		
stir	stir	75	P2_hot	kirl	kirli	to curl, froth, stir, whip, whirl	espdic	curated	freq	1		
nest	nest	74	P2_hot	nest	nesto	nest, den, lair	espdic	curated	freq	1		
couch	couch	71	P2_hot	sof	sofo	sofa	espdic	curated	freq	1		
paw	paw	66	P2_hot	pied	piedeto	leg, paw, limb	kept_original	curated	freq	1		
rocket	rocket	66	P2_hot	raket	raketo	flare, missile, rocket	espdic	curated	freq	1		
bull	bull	63	P1_name	bov	virbovo	bull	espdic	curated	freq	1		
crown	crown	55	P2_hot	kron	krono	crown (money)	espdic	curated	freq	1		
log	log	53	P2_hot	ŝtip	ŝtipo	billet, block, chunk of wood, log	espdic	curated	freq	1		
jet	jet	47	P1_name	jet	jeto	jet (plane), jet propulsion	espdic	curated	freq	1		
chubby	chubby	41	P1_name	dik	diketa	plump	espdic	curated	freq	1		
tuna	tuna	38	P1_name	tinus	tinuso	tuna, tuna fish	espdic	curated	freq	1		
crane	crane	37	P2_hot	gru	gruo	crane (bird)	espdic	curated	freq	1		
spike	spike	37	P1_name	pik	pikilo	awl, dart, prick, sting, pin, pick, pointing device	espdic	curated	freq	1		
laser	laser	35	P1_name	laser	lasero	laser	espdic	curated	freq	1		
pigeon	pigeon	35	P1_name	kolomb	kolombo	dove, pigeon	espdic	curated	freq	1		
squash	squash	33	P1_name	kukurb	kukurbo	gourd, pumpkin, squash	espdic	curated	freq	1		
distant	distant	31	P1_name	for	fora	distant, far, remote	espdic	curated	freq	1		
awe	awe	29	P1_name	mir	mirego	amazement, stupefaction, wonder	espdic	curated	freq	1		
hut	hut	27	P1_name	kaban	kabano	cabin, hut, shack	espdic	curated	freq	1		
kangaroo	kangaroo	26	P1_name	kangaru	kanguruo	kangaroo	espdic	curated	freq	1		
counter	counter	25	P2_hot	tabl	labortablo	desk, desktop, workspace	espdic	curated	freq	1		kitchen+shop surface
lime	lime	24	P1_name	lime	limeo	lime	kept_original	curated	freq	1		
skeleton	skeleton	23	P1_name	skelet	skeleto	skeleton	espdic	curated	freq	1		
screw	screw	20	P1_name	ŝraŭb	ŝraŭbo	screw	espdic	curated	freq	1		
bulb	bulb	16	P1_name	lamp	lampo	lamp	espdic	curated	freq	2		
crystal	crystal	16	P1_name	kristal	kristalo	crystal	espdic	curated	freq	2		
floppy	floppy	16	P1_name	mol	mola	gentle, soft, tender, minor (music)	espdic	curated	freq	2		
mug	mug	16	P1_name	tas	taso	cup	espdic	curated	freq	2		
whisker	whisker	15	P1_name	vibris	vibriso	sideburn, whisker	kept_original	curated	freq	2		
temple	temple	12	P1_name	templ	templo	temple (worship)	espdic	curated	freq	2		
marshmallow	marshmallow	11	P4_nomatch	marŝmal	marŝmalo		kept_original	curated	freq	2		loanword; no standard native EO term
navy	navy	10	P1_name	blu	malhelblua	dark blue	espdic	curated	freq	2		
strip	strip	10	P1_name	stri	strio	ray, strip, stripe	espdic	curated	freq	2		
wizard	wizard	10	P1_name	sorĉ	sorĉisto	enchanter, magician, sorcerer, warlock, wizard, necromancer	espdic	curated	freq	2		
maple	maple	8	P1_name	acer	acero	maple, sycamore	espdic	curated	freq	2		
swoop	swoop	8	P4_nomatch	plonĝ	plonĝi	to dive, plunge	espdic	curated	freq	2		
beaver	beaver	7	P1_name	kastor	kastoro	beaver	espdic	curated	freq	2		
builder	builder	4	P6_tail	konstru	konstruisto	builder	espdic	curated	inventory	2		
crunch	crunch	4	P6_tail	krak	kraki	to bang, clap, crack, snap (noise)	espdic	curated	inventory	2		
hatch	hatch	4	P6_tail	kov	kovi	to brood (over), hatch (up), incubate, watch over	espdic	curated	inventory	2		
leap	leap	4	P6_tail	salt	salti	to jump, leap, spring, bounce, bound, vault	espdic	curated	inventory	2		
plug	plug	4	P6_tail	ŝtop	ŝtopilo	buffer, plug, electric plug, stopper	espdic	curated	inventory	2		
stalk	stalk	4	P6_tail	kaŝsekv	kaŝsekvi	to pace, stalk, step, stride, tread	kept_original	curated	inventory	2		
twitch	twitch	4	P6_tail	spasm	spasmeti	twitch	kept_original	curated	inventory	2	rare-anchor	
vibrant	vibrant	4	P6_tail	vigl	vigla	adroit, agile, alert, brisk, keen, lively, nimble, vigilant, watchful	espdic	curated	inventory	2		
aloud	aloud	3	P6_tail	laŭt	laŭte	aloud, loudly	espdic	curated	inventory	2		
attendant	attendant	3	P6_tail	akompan	akompananto	accompanist, companion	espdic	curated	inventory	2		
bamboo	bamboo	3	P6_tail	bambu	bambuo	bamboo	espdic	curated	inventory	2	rare-anchor	
checkout	checkout	3	P6_tail	kas	kaso	cash box, money box, till, cashier	espdic	curated	inventory	2		
chick	chick	3	P6_tail	kokid	kokido	chick, chicken, fowl, hen	espdic	curated	inventory	2		
cock	cock	3	P6_tail	kok	virkoko	cock, rooster	espdic	curated	inventory	2		
craft	craft	3	P6_tail	metiaĵ	metiaĵo	craftwork	espdic	curated	inventory	2		
insert	insert	3	P6_tail	enmet	enmeti	to insert, put in, put away, stow, deposit, commit, check in	espdic	curated	inventory	2		
lever	lever	3	P6_tail	levil	levilo	crowbar, lever	espdic	curated	inventory	2		
lobby	lobby	3	P6_tail	vestibl	vestiblo	entrance hall, lobby, porch, vestibule	espdic	curated	inventory	2	rare-anchor	
prey	prey	3	P6_tail	pred	predo	booty, loot, prey	espdic	curated	inventory	2	rare-anchor	
saddle	saddle	3	P6_tail	sel	selo	saddle	espdic	curated	inventory	2		
slam	slam	3	P6_tail	bruferm	brufermi	to bang, slam	espdic	curated	inventory	2		
swell	swell	3	P6_tail	ŝvel	ŝveli	to bloat, swell, inflate, distend, puff	espdic	curated	inventory	2		
tissue	tissue	3	P6_tail	naztuk	naztuko	handkerchief, tissue	espdic	curated	inventory	2		
undo	undo	3	P6_tail	malfar	malfari	to unmake, undo	espdic	curated	inventory	2		
unison	unison	3	P6_tail	unison	unisono	unison	espdic	curated	inventory	2		
alien	alien	2	P6_tail	eksterter	eksterterulo	alien, extraterrestrial	espdic	curated	inventory	2		
baffle	baffle	2	P6_tail	konfuz	konfuzi	to bewilder, confuse, puzzle, disconcert, perplex, trouble, perturb, unsettle, disturb	espdic	curated	inventory	2		
boar	boar	2	P6_tail	apr	apro	wild boar	espdic	curated	inventory	2		
boarding	boarding	2	P6_tail	enir	enirado	boarding	kept_original	curated	inventory	2		
breadcrumb	breadcrumb	2	P6_tail	paner	panero	bread crumb	espdic	curated	inventory	2		
errand	errand	2	P6_tail	komisi	komisio	commission, appointment, authorization, charge, entrustment, errand, job, mandate, trust	espdic	curated	inventory	2		
gross	gross	2	P6_tail	naŭz	naŭza	abhorrent, abominable, alien, disgusting, nasty, nauseous	espdic	curated	inventory	2		
hover	hover	2	P6_tail	ŝveb	ŝvebi	to circle, hang, hover, float	espdic	curated	inventory	2	rare-anchor	
marking	marking	2	P6_tail	mark	marko	brand, marker, tag, label	espdic	curated	inventory	2		
prick	prick	2	P6_tail	pik	piki	to bite, jab, pick, pierce, prick, puncture, stab, stick, sting	espdic	curated	inventory	2		
retrieve	retrieve	2	P6_tail	repren	repreni	to abjure	espdic	curated	inventory	2		
rinse	rinse	2	P6_tail	tralav	tralavi	to wash	espdic	curated	inventory	2		
savor	savor	2	P6_tail	ĝu	ĝui	to delight in, enjoy, relish	espdic	curated	inventory	2	rare-anchor	
smear	smear	2	P6_tail	ŝmir	ŝmiri	to anoint, smear, spread, coat, grease, smear	espdic	curated	inventory	2		
swap	swap	2	P6_tail	interŝanĝ	interŝanĝi	to exchange, interchange, invert, swap, barter	espdic	curated	inventory	2		
swollen	swollen	2	P6_tail	ŝvel	ŝvelinta	to distend, inflate, swell, swollen	kept_original	curated	inventory	2		
tense	tense	2	P6_tail	streĉ	streĉita	flat, straight, strained	espdic	curated	inventory	2		
whir	whir	2	P6_tail	zum	zumado	buzz, hum	espdic	curated	inventory	2		
whisk	whisk	2	P6_tail	kirl	kirli	to curl, froth, stir, whip, whirl	espdic	curated	inventory	2		
ajar	ajar	1	P6_tail	duonmalferm	duonmalfermita	ajar, discordant	kept_original	curated	inventory	2		
bold	bold	1	P6_tail	kuraĝ	kuraĝa	audacious, bold, brave, courageous, valiant, daring, fearless, intrepid	espdic	curated	inventory	2		
choke	choke	1	P6_tail	sufok	sufoki	to choke, quell, suffocate, suppress, smother, stifle strangle, throttle	espdic	curated	inventory	2	rare-anchor	
collage	collage	1	P6_tail	kolaĝ	kolaĝo	collage	kept_original	curated	inventory	2	rare-anchor	
corridor	corridor	1	P6_tail	koridor	koridoro	corridor, passage, hallway, hall, lane, passageway	espdic	curated	inventory	2	rare-anchor	
detour	detour	1	P6_tail	ĉirkaŭvoj	ĉirkaŭvojo	roundabout way	espdic	curated	inventory	2		
disguise	disguise	1	P6_tail	alivest	alivestiĝo	disguise	kept_original	curated	inventory	2		
festive	festive	1	P6_tail	fest	festa	festal	espdic	curated	inventory	2		
filling	filling	1	P6_tail	plenigaĵ	plenigaĵo	filling	kept_original	curated	inventory	2		
finder	finder	1	P6_tail	trov	trovanto	finder, search command, search engine, search tool, search function	kept_original	curated	inventory	2		
fool	fool	1	P6_tail	malsaĝ	malsaĝulo	blockhead, dolt, fool	espdic	curated	inventory	2		
honorary	honorary	1	P6_tail	honor	honora	honorary	espdic	curated	inventory	2		
howl	howl	1	P6_tail	hurl	hurli	to howl	espdic	curated	inventory	2		
injection	injection	1	P6_tail	injekt	injekto	injection	espdic	curated	inventory	2		
joystick	joystick	1	P6_tail	stirstang	stirstango	joystick	espdic	curated	inventory	2		
litter	litter	1	P6_tail	rub	rubaĵo	junk	espdic	curated	inventory	2		
machinery	machinery	1	P6_tail	maŝinar	maŝinaro	machinery	espdic	curated	inventory	2		
navigate	navigate	1	P6_tail	navig	navigi	to navigate	espdic	curated	inventory	2		
operator	operator	1	P6_tail	operator	operatoro	operator	espdic	curated	inventory	2		
performer	performer	1	P6_tail	prezent	prezentanto	introducer, performer, presenter	espdic	curated	inventory	2		
preference	preference	1	P6_tail	prefer	prefero	preference	espdic	curated	inventory	2		
reset	reset	1	P6_tail	restarig	restarigi	to restore	espdic	curated	inventory	2		
rider	rider	1	P6_tail	rajd	rajdanto	cavalier	espdic	curated	inventory	2		
robe	robe	1	P6_tail	rob	robo	dress, gown, robe	espdic	curated	inventory	2		
seize	seize	1	P6_tail	kapt	ekkapti	to clutch, grab, grasp, grip, seize, apprehend, grapple, lay hold of, capture	espdic	curated	inventory	2		
skate	skate	1	P6_tail	sket	sketilo	skate	espdic	curated	inventory	2	rare-anchor	
spine	spine	1	P6_tail	spin	spino	backbone, spine, spinal column	espdic	curated	inventory	2		
spiral	spiral	1	P6_tail	spiral	spiralo	spiral	espdic	curated	inventory	2		
stuffy	stuffy	1	P6_tail	sufok	sufoka	airless, oppressive, stifling, sultry, suffocating	espdic	curated	inventory	2	rare-anchor	
suspend	suspend	1	P6_tail	pendig	pendigi	to hang, suspend	espdic	curated	inventory	2		
tapestry	tapestry	1	P6_tail	gobelin	gobelino	tapestry, wall covering, wallpaper	kept_original	curated	inventory	2		
thimble	thimble	1	P6_tail	fingring	fingringo	thimble	espdic	curated	inventory	2		
tin	tin	1	P6_tail	lad	lado	sheet metal, tin (plate), firmware	espdic	curated	inventory	2		
weaken	weaken	1	P6_tail	malfort	malfortigi	to weaken	espdic	curated	inventory	2		
weave	weave	1	P6_tail	teks	teksi	to weave	espdic	curated	inventory	2		
whimper	whimper	1	P6_tail	plor	ploreti	to snivel, whimper, whine	espdic	curated	inventory	2		
whirr	whirr	1	P6_tail	zum	zumado	buzz, hum	espdic	curated	inventory	2		
wrapper	wrapper	1	P6_tail	envolv	envolvaĵo	envelope	espdic	curated	inventory	2		
butterfly	butterfly	291	P3_compound	papili	papilio	butterfly	espdic	worksheet-proposed	seed	1		
cooky	cooky	134	P4_nomatch	keks	kekso	biscuit, cookie	espdic	curated	freq	1		
shin	shin	114	P4_nomatch	bril	brili	to glisten, glow, shine, sparkle	espdic	curated	freq	1		
swam	swam	114	P4_nomatch	naĝ	naĝi	to float, swim	espdic	curated	freq	1		
rainbow	rainbow	98	P3_compound	ĉielark	ĉielarko	rainbow	espdic	curated	seed	1		
sparkly	sparkly	75	P4_nomatch	scintil	scintila		kept_original	curated	freq	1		
realise	realise	69	P4_nomatch	kompren	ekkompreni	to begin to understand	espdic	curated	freq	1		
twirl	twirl	58	P4_nomatch	piruet	pirueti	to pirouette	espdic	curated	freq	1		
fridge	fridge	52	P4_nomatch	friduj	fridujo	refrigerator	espdic	curated	freq	1		
grumpy	grumpy	52	P4_nomatch	malbonhumor	malbonhumora	cross, peevish, pettish, petulant	espdic	curated	freq	1		
fin	fin	48	P1_name	naĝil	naĝilo	fin	espdic	worksheet-proposed	freq	1		
marble	marble	45	P2_hot	glob	globeto	bead, corpuscle, marble, globule, corpuscle	espdic	curated	freq	1		
safely	safely	45	P2_hot	sekur	sekure	safely	espdic	worksheet-proposed	freq	1		
whale	whale	45	P2_hot	balen	baleno	whale	espdic	worksheet-proposed	seed	2		
deer	deer	44	P2_hot	cerv	cervo	deer, hart, stag	espdic	curated	seed	1		
fountain	fountain	44	P2_hot	fontan	fontano	fountain	espdic	curated	freq	1		
kindness	kindness	44	P2_hot	bonkor	bonkoreco	kindness	espdic	curated	freq	1		
nosy	nosy	44	P3_compound	scivol	scivolema	inquisitive	espdic	curated	freq	1		
parade	parade	44	P2_hot	defil	defilado	march, marching, parade	espdic	curated	freq	1		
pear	pear	44	P2_hot	pir	piro	pear	espdic	worksheet-proposed	seed	1		
purse	purse	44	P2_hot	monuj	monujo	purse, wallet	espdic	worksheet-proposed	freq	1		
tummy	tummy	44	P2_hot	ventr	ventro	abdomen, stomach, belly, tummy	espdic	worksheet-proposed	seed	1		
charming	charming	43	P2_hot	ĉarm	ĉarma	attractive, charming, lovely, pleasing, alluring	espdic	curated	freq	1		
weird	weird	43	P2_hot	strang	stranga	odd, peculiar, strange, curious, eccentric, queer	espdic	curated	freq	1		
cabin	cabin	42	P2_hot	kaban	kabano	cabin, hut, shack	espdic	worksheet-proposed	freq	1		
dove	dove	42	P2_hot	kolomb	kolombo	dove, pigeon	espdic	worksheet-proposed	freq	1		
vase	vase	42	P2_hot	vaz	vazo	vase, vessel, container	espdic	worksheet-proposed	freq	1		
wand	wand	42	P2_hot	sorĉbaston	sorĉbastono	wand	espdic	curated	freq	1		
zoo	zoo	42	P2_hot	bestoĝarden	bestoĝardeno	zoo	espdic	curated	freq	1		
patch	patch	41	P2_hot	plac	placeto	patch	espdic	curated	freq	1		
raft	raft	41	P2_hot	flos	floso	raft	espdic	worksheet-proposed	freq	1		
tremble	tremble	41	P2_hot	trem	tremi	to quiver, shiver, tremble, shake, tremble	espdic	worksheet-proposed	freq	1		
tutor	tutor	41	P2_hot	guvernist	guvernisto	preceptor, tutor	espdic	curated	freq	1		
wolf	wolf	41	P2_hot	lup	lupo	wolf	espdic	worksheet-proposed	seed	1		
alert	alert	40	P2_hot	vigl	vigla	adroit, agile, alert, brisk, keen, lively, nimble, vigilant, watchful	espdic	curated	freq	1		
knob	knob	40	P2_hot	tenil	tenilo	grip, handle, knob, holder, hilt	espdic	curated	freq	1		
laundry	laundry	40	P2_hot	lav	lavaĵo	laundry, lavatory, washroom	kept_original	curated	freq	1		
lightning	lightning	40	P2_hot	fulm	fulmo	lightning	espdic	curated	seed	1		
necklace	necklace	40	P2_hot	kolier	koliero	necklace	espdic	worksheet-proposed	freq	1		
oyster	oyster	40	P2_hot	ostr	ostro	oyster	espdic	worksheet-proposed	freq	1		
proudly	proudly	40	P2_hot	fier	fiere	proudly	espdic	worksheet-proposed	freq	1		
twig	twig	40	P2_hot	branĉet	branĉeto	shoot (tree), twig, sprig	espdic	worksheet-proposed	freq	1		
barn	barn	39	P2_hot	garbej	garbejo	barn, granary	espdic	curated	freq	1		
blink	blink	39	P2_hot	palpebrum	palpebrumi	to blink, wink	espdic	curated	freq	1		
cube	cube	39	P2_hot	kub	kubo	cube	espdic	worksheet-proposed	seed	2		
mole	mole	39	P2_hot	talp	talpo	mole (animal)	espdic	curated	freq	1		
poke	poke	39	P2_hot	puŝet	puŝeti	to poke	espdic	worksheet-proposed	freq	1		
shark	shark	39	P2_hot	ŝark	ŝarko	shark	espdic	worksheet-proposed	seed	2		
stubborn	stubborn	39	P2_hot	obstin	obstina	dogged, headstrong, obstinate, stubborn	espdic	worksheet-proposed	freq	1		
fake	fake	38	P2_hot	fals	falsa	counterfeit, fake, false, spurious, forged, wrong	espdic	worksheet-proposed	freq	1		
fierce	fierce	38	P2_hot	feroc	feroca	fierce	espdic	worksheet-proposed	freq	1		
flashlight	flashlight	38	P2_hot	poŝlamp	poŝlampo	flashlight	espdic	worksheet-proposed	freq	1		
hairy	hairy	38	P2_hot	vil	vila	hairy, shaggy	espdic	worksheet-proposed	freq	1		
trap	trap	38	P2_hot	kaptil	kaptilo	decoy, snare, trap	espdic	curated	freq	1		
vine	vine	38	P2_hot	lian	liano	bind-weed, liana, tropical climbing vine	espdic	curated	freq	1		
cane	cane	37	P2_hot	baston	bastono	baton, cane, staff, stick, rod, bar	espdic	curated	freq	1		
cocoa	cocoa	37	P2_hot	kaka	kakao	cocoa	espdic	worksheet-proposed	freq	1		
graceful	graceful	37	P2_hot	graci	gracia	graceful, gracious, slender, slim	espdic	worksheet-proposed	freq	1		
harmless	harmless	37	P2_hot	nenoc	nenoca	harmless	espdic	worksheet-proposed	freq	1		
knight	knight	37	P2_hot	kavalir	kavaliro	cavalier, knight, chevalier	espdic	worksheet-proposed	freq	1		
playful	playful	37	P2_hot	ludem	ludema	playful	espdic	curated	freq	1		
polish	polish	37	P2_hot	polur	poluri	to brighten, burnish, glaze, gloss, polish	espdic	curated	freq	1		
sticker	sticker	37	P3_compound	glumark	glumarko	sticker	espdic	worksheet-proposed	freq	1		
swan	swan	37	P2_hot	cign	cigno	swan	espdic	worksheet-proposed	freq	1		
triangle	triangle	37	P2_hot	triangul	triangulo	triangle	espdic	worksheet-proposed	seed	2		
trophy	trophy	37	P2_hot	trofe	trofeo	trophy	espdic	worksheet-proposed	freq	1		
hammer	hammer	36	P2_hot	martel	martelo	hammer	espdic	curated	freq	1		
knot	knot	36	P2_hot	nod	nodo	knot, node	espdic	curated	freq	1		
mask	mask	36	P2_hot	mask	masko	mask	espdic	curated	freq	1		
scissor	scissor	36	P4_nomatch	tondil	tondilo	scissors, shears	espdic	curated	freq	1		
spill	spill	36	P2_hot	disverŝ	disverŝi	to spill	espdic	worksheet-proposed	freq	1		
attic	attic	35	P2_hot	subtegment	subtegmento	attic, garret	espdic	curated	freq	1		
horn	horn	35	P2_hot	korn	korno	hooter, horn, klaxon	espdic	worksheet-proposed	freq	1		
shrimp	shrimp	35	P2_hot	salikok	salikoko	prawn, shrimp	espdic	worksheet-proposed	freq	1		
thread	thread	35	P2_hot	faden	fadeno	strand, thread	espdic	curated	freq	1		
zebra	zebra	35	P2_hot	zebr	zebro	zebra	espdic	worksheet-proposed	seed	1		
axe	axe	34	P2_hot	hakil	hakilo	axe, chopper, hatchet	espdic	worksheet-proposed	freq	1		
chamber	chamber	34	P2_hot	ĉambr	ĉambro	chamber, room	espdic	curated	freq	1		
clapping	clapping	34	P4_nomatch	aplaŭd	aplaŭdi	to acclaim, applaud, clap	espdic	curated	freq	1		
folder	folder	34	P2_hot	paperuj	paperujo	file, folder, portfolio	espdic	curated	freq	1		
mailbox	mailbox	34	P2_hot	poŝtuj	poŝtujo	mailbox	espdic	worksheet-proposed	freq	1		
miserable	miserable	34	P2_hot	mizer	mizera	abject, dismal, meager, miserable, wretched	espdic	worksheet-proposed	freq	1		
sniff	sniff	34	P2_hot	enflar	enflari	to sniff	espdic	worksheet-proposed	freq	1		
spaghetti	spaghetti	34	P2_hot	spaget	spageto	spaghetti	espdic	worksheet-proposed	freq	1		
bossy	bossy	33	P2_hot	regem	regema	bossy	espdic	worksheet-proposed	freq	1		
envelope	envelope	33	P2_hot	kovert	koverto	envelope	espdic	worksheet-proposed	freq	1		
firework	firework	33	P3_compound	artfajraĵ	artfajraĵo	firework	espdic	worksheet-proposed	freq	1		
fragile	fragile	33	P2_hot	romp	rompiĝema	breakable, brittle, fragile	espdic	curated	freq	1		
harsh	harsh	33	P2_hot	aspr	aspra	rough, harsh	espdic	worksheet-proposed	freq	1		
hook	hook	33	P2_hot	hok	hoko	hacek, hook, inverted circumflex, inverted hat, wedge	espdic	curated	freq	1		
jolly	jolly	33	P2_hot	gaj	gaja	cheerful, gay, merry, happy	espdic	curated	freq	1		
modest	modest	33	P2_hot	modest	modesta	bashful, demure, modest, unassuming, moderate	espdic	curated	freq	1		
pebble	pebble	33	P2_hot	ŝtonet	ŝtoneto	pebble	espdic	worksheet-proposed	freq	1		
pie	pie	33	P2_hot	tort	torto	pie, tart, pastry	espdic	worksheet-proposed	freq	1		
razor	razor	33	P2_hot	razil	razilo	razor	espdic	worksheet-proposed	freq	1		
disgust	disgust	32	P2_hot	naŭz	naŭzi	to disgust, nauseate	espdic	worksheet-proposed	freq	1		
envious	envious	32	P2_hot	envi	envia	envious	espdic	worksheet-proposed	freq	1		
grin	grin	32	P3_compound	rikan	rikani	to laugh derisively, sneer	espdic	curated	freq	1		
heal	heal	32	P2_hot	san	resaniĝi	to get better, heal, recover, get well	espdic	curated	freq	1		
muffin	muffin	32	P4_nomatch	mufen	mufeno		kept_original	curated	freq	1		
tease	tease	32	P2_hot	mok	moketi	to tease	espdic	curated	freq	1		
thoughtful	thoughtful	32	P2_hot	konsiderem	konsiderema	considerate, reflective, thoughtful	espdic	curated	freq	1		
beetle	beetle	31	P2_hot	skarab	skarabo	beetle, scarabaeus, scarab	espdic	worksheet-proposed	seed	1		
bump	bump	31	P2_hot	puŝ	puŝiĝi	to thrust	espdic	curated	freq	1		
chimney	chimney	31	P2_hot	kamentub	kamentubo	chimney, smokestack, stack, flue	espdic	worksheet-proposed	freq	1		
filthy	filthy	31	P2_hot	malpur	malpurega	filthy, nasty, sordid	espdic	curated	freq	1		
gloomy	gloomy	31	P2_hot	mallum	malluma	dark, dim, gloomy, murky	espdic	curated	freq	1		
golden	golden	31	P2_hot	or	ora	golden	espdic	worksheet-proposed	freq	1		
growl	growl	31	P2_hot	grumbl	grumbli	to growl, grumble	espdic	curated	freq	1		
hoop	hoop	31	P2_hot	ringeg	ringego	hoop	espdic	worksheet-proposed	freq	1		
louder	louder	31	P4_nomatch	laŭt	laŭta	aloud, loud	espdic	curated	freq	1		
mechanic	mechanic	31	P2_hot	mekanikist	mekanikisto	mechanic	espdic	curated	freq	1		
mill	mill	31	P2_hot	muelej	muelejo	mill, millhouse	espdic	curated	freq	1		
pastel	pastel	31	P2_hot	paŝtel	paŝtelo	crayon, pastel	espdic	worksheet-proposed	freq	1		
pill	pill	31	P2_hot	pilol	pilolo	pill	espdic	worksheet-proposed	freq	1		
swamp	swamp	31	P2_hot	marĉ	marĉo	marsh, swamp	espdic	worksheet-proposed	freq	1		
vendor	vendor	31	P2_hot	vendist	vendisto	salesman, vendor	espdic	curated	freq	1		
compassionate	compassionate	30	P2_hot	kompatem	kompatema	charitable, merciful, compassionate, tenderhearted, sympathetic	espdic	curated	freq	1		
creek	creek	30	P2_hot	river	rivereto	brook, rill, rivulet, stream	espdic	curated	freq	1		
flutter	flutter	30	P2_hot	flug	flugeti	to flutter	espdic	curated	freq	1		
lollipop	lollipop	30	P4_nomatch	lekbombon	lekbombono		kept_original	curated	freq	1		
mixer	mixer	30	P2_hot	miksil	miksilo	mixer, scrambler	espdic	worksheet-proposed	freq	1		
perfume	perfume	30	P2_hot	parfum	parfumo	perfume	espdic	curated	freq	1		
pumpkin	pumpkin	30	P2_hot	kukurb	kukurbo	gourd, pumpkin, squash	espdic	worksheet-proposed	freq	1		
veil	veil	30	P2_hot	vual	vualo	veil	espdic	curated	freq	1		
wheat	wheat	30	P2_hot	tritik	tritiko	wheat	espdic	worksheet-proposed	freq	1		
yawn	yawn	30	P2_hot	osced	oscedi	to yawn	espdic	curated	freq	1		
pause	pause	29	P2_hot	paŭz	paŭzi	to pause, take a break, take a rest	espdic	worksheet-proposed	freq	1		
pedal	pedal	29	P2_hot	pedal	pedalo	pedal, treadle	espdic	curated	freq	1		
petal	petal	29	P2_hot	petal	petalo	petal	espdic	worksheet-proposed	freq	1		
rug	rug	29	P2_hot	tapiŝ	tapiŝo	carpet, rug	espdic	worksheet-proposed	freq	1		
sausage	sausage	29	P2_hot	kolbas	kolbaso	sausage, salami	espdic	worksheet-proposed	freq	1		
scooter	scooter	29	P2_hot	trotil	trotilo	scooter	espdic	curated	freq	1		
snowman	snowman	29	P3_compound	neĝhom	neĝhomo	snowman	espdic	worksheet-proposed	freq	1		
snuggle	snuggle	29	P4_nomatch	alprem	alpremiĝi		kept_original	curated	freq	1		
yacht	yacht	29	P2_hot	jakt	jakto	yacht	espdic	worksheet-proposed	freq	1		
comb	comb	28	P2_hot	komb	kombilo	comb	espdic	curated	freq	1		
jelly	jelly	28	P2_hot	ĵele	ĵeleo	jelly	espdic	worksheet-proposed	freq	1		
massage	massage	28	P2_hot	masaĝ	masaĝo	massage	espdic	curated	freq	1		
nicely	nicely	28	P2_hot	plaĉ	plaĉe	nicely, pleasantly, pleasingly	espdic	worksheet-proposed	freq	1		
refresh	refresh	28	P2_hot	freŝ	refreŝiĝi	to refresh	espdic	curated	freq	1		
sandcastle	sandcastle	28	P3_compound	sablokastel	sablokastelo	sandcastle	espdic	worksheet-proposed	freq	1		
scatter	scatter	28	P2_hot	ĵet	disĵeti	to (broad)cast, scatter, strew	espdic	curated	freq	1		
stitch	stitch	28	P2_hot	kudr	kudrero	stitch	espdic	curated	freq	1		
tray	tray	28	P2_hot	plet	pleto	tray	espdic	curated	freq	1		
trumpet	trumpet	28	P2_hot	trumpet	trumpeto	trumpet	espdic	curated	freq	1		
amazement	amazement	27	P2_hot	mir	miro	amazement, astonishment, wonder, surprise	espdic	worksheet-proposed	freq	1		
bandage	bandage	27	P2_hot	bandaĝ	bandaĝo	bandage	espdic	curated	freq	1		
calendar	calendar	27	P2_hot	kalendar	kalendaro	calendar	espdic	curated	freq	1		
cuddle	cuddle	27	P3_compound	karesprem	karespremi	to cuddle, hug	espdic	worksheet-proposed	freq	1		
drawer	drawer	27	P2_hot	tirkest	tirkesto	drawer	espdic	curated	freq	1		
eagerly	eagerly	27	P2_hot	avid	avide	eagerly, avidly	espdic	worksheet-proposed	freq	1		
helpless	helpless	27	P2_hot	senhelp	senhelpa	helpless	espdic	worksheet-proposed	freq	1		
lid	lid	27	P2_hot	kovril	kovrilo	cover, hood, lid, wrapper	espdic	worksheet-proposed	freq	1		
microscope	microscope	27	P2_hot	mikroskop	mikroskopo	microscope	espdic	worksheet-proposed	freq	1		
neighbourhood	neighbourhood	27	P4_nomatch	kvartal	kvartalo	district, neighborhood, quarter, ward	espdic	curated	freq	1		
rake	rake	27	P2_hot	rast	rastilo	rake (implement)	espdic	curated	freq	1		
reverse	reverse	27	P2_hot	antaŭ	malantaŭeniri	inverse, inverted, reverse, reversed	kept_original	curated	freq	1		
softly	softly	27	P2_hot	laŭt	mallaŭte	softly	espdic	curated	freq	1		
strawberry	strawberry	27	P2_hot	frag	frago	strawberry	espdic	worksheet-proposed	seed	1		
sunset	sunset	27	P2_hot	sunsubir	sunsubiro	sunset	espdic	worksheet-proposed	freq	1		
tug	tug	27	P2_hot	tir	ektiri	to jerk, pull, tug	espdic	curated	freq	1		
zipper	zipper	27	P2_hot	fulmoferm	fulmofermilo	fastener, zip, zip fastener, zipper	espdic	curated	freq	1		
crib	crib	26	P2_hot	lul	lulilo	cradle	espdic	curated	freq	1		
dishwasher	dishwasher	26	P3_compound	vazlavil	vazlavilo	dishwasher	espdic	worksheet-proposed	freq	1		
dive	dive	26	P2_hot	plonĝ	plonĝi	to dive, plunge	espdic	worksheet-proposed	freq	1		
fascinated	fascinated	26	P2_hot	fascin	fascinita	fascinated, gripped	espdic	curated	freq	1		
fireman	fireman	26	P2_hot	fajrobrigadist	fajrobrigadisto	firefighter, fireman	espdic	curated	freq	1		
forth	forth	26	P2_hot	antaŭ	antaŭen	ahead, forth, forward(s), on(ward)	espdic	curated	freq	1		
gaze	gaze	26	P2_hot	rigardeg	rigardegi	to gaze, stare	espdic	worksheet-proposed	freq	1		
gear	gear	26	P2_hot	ilar	ilaro	gear, tackle, apparatus, equipment, tool box, tool set, toolbar, toolkit	espdic	worksheet-proposed	freq	1		
pastry	pastry	26	P2_hot	kuk	kukaĵo	pastry	espdic	curated	freq	1		
shiver	shiver	26	P2_hot	frostotrem	frostotremi	to shiver	espdic	curated	freq	1		
spade	spade	26	P2_hot	fos	fosilo	digging implement, shovel, spade	espdic	curated	freq	1		
worm	worm	26	P2_hot	verm	vermo	worm	espdic	worksheet-proposed	freq	1		
yoga	yoga	26	P2_hot	jog	jogo	yoga	espdic	worksheet-proposed	freq	1		
apron	apron	25	P2_hot	antaŭtuk	antaŭtuko	apron	espdic	curated	freq	1		
beak	beak	25	P2_hot	bek	beko	beak, bill	espdic	worksheet-proposed	freq	1		
beneath	beneath	25	P2_hot	sub	sub	below, beneath, under, underneath	espdic	worksheet-proposed	freq	1		
breeze	breeze	25	P2_hot	vent	venteto	breeze, zephyr	espdic	curated	freq	1		
disturb	disturb	25	P2_hot	ĝen	ĝeni	to bother, disturb, hinder, trouble, make uncomfortable	espdic	worksheet-proposed	freq	1		
dough	dough	25	P2_hot	past	pasto	dough, paste	espdic	worksheet-proposed	freq	1		
gum	gum	25	P2_hot	maĉgum	maĉgumo	chewing gum	espdic	curated	freq	1		
herb	herb	25	P2_hot	herb	herbo	grass, herb	espdic	worksheet-proposed	freq	1		
ink	ink	25	P2_hot	ink	inko	ink	espdic	curated	freq	1		
missile	missile	25	P2_hot	misil	misilo	missile	espdic	curated	freq	1		
panda	panda	25	P2_hot	pand	pando	panda	espdic	worksheet-proposed	freq	1		
penguin	penguin	25	P2_hot	pingven	pingveno	penguin	espdic	worksheet-proposed	freq	1		
quarrel	quarrel	25	P2_hot	kverel	kvereli	to quarrel, wrangle	espdic	curated	freq	1		
reef	reef	25	P2_hot	rif	rifo	dangerous rocks, reef	espdic	curated	freq	1		
scare	scare	25	P2_hot	timig	timigi	to affright, alarm, frighten, intimidate, scare	espdic	worksheet-proposed	freq	1		
scratch	scratch	25	P2_hot	grat	grati	to scratch	espdic	worksheet-proposed	freq	1		
shrink	shrink	25	P2_hot	ŝrump	ŝrumpi	to crumple, shrink, shrivel up, wilt, wrinkle	espdic	curated	freq	1		
tap	tap	25	P2_hot	frap	frapeti	to pat, tap, rap	espdic	curated	freq	1		
ash	ash	24	P2_hot	cindr	cindro	ash(es), cinder	espdic	worksheet-proposed	freq	1		
bracelet	bracelet	24	P2_hot	bracelet	braceleto	bracelet	espdic	worksheet-proposed	freq	1		
collar	collar	24	P2_hot	kolrimen	kolrimeno	collar	espdic	curated	freq	1		
fearful	fearful	24	P2_hot	tim	tima	afraid	espdic	curated	freq	1		
gust	gust	24	P2_hot	ekvent	ekvento	gust (of wind)	espdic	worksheet-proposed	freq	1		
jail	jail	24	P2_hot	prizon	prizono	jail, prison	espdic	worksheet-proposed	freq	1		
oat	oat	24	P4_nomatch	aven	aveno	oats	espdic	curated	freq	1		
paddle	paddle	24	P2_hot	pagaj	pagajo	paddle	espdic	curated	freq	1		
pinch	pinch	24	P2_hot	pinĉ	pinĉi	to nip, pinch	espdic	worksheet-proposed	freq	1		
popcorn	popcorn	24	P2_hot	krevmaiz	krevmaizo	popcorn	espdic	worksheet-proposed	freq	1		
shampoo	shampoo	24	P2_hot	ŝampu	ŝampuo	shampoo	espdic	curated	freq	1		
stack	stack	24	P2_hot	stak	stako	heap, pile, stack	espdic	curated	freq	1		
suitcase	suitcase	24	P2_hot	valiz	valizo	suitcase, piece of luggage, valise	espdic	curated	freq	1		
sunlight	sunlight	24	P3_compound	sunlum	sunlumo	sunlight	espdic	worksheet-proposed	freq	1		
birdcage	birdcage	23	P4_nomatch	birdokaĝ	birdokaĝo	bird cage	espdic	curated	freq	1		
bravely	bravely	23	P2_hot	brav	brave	bravely	espdic	worksheet-proposed	freq	1		
chess	chess	23	P2_hot	ŝak	ŝako	check, chess	espdic	worksheet-proposed	freq	1		
clearing	clearing	23	P2_hot	maldensej	maldensejo	clearing (in a forest), glade	espdic	worksheet-proposed	freq	1		
haircut	haircut	23	P4_nomatch	hartond	hartondo		kept_original	curated	freq	1		
humble	humble	23	P2_hot	humil	humila	humble, lowly, submissive	espdic	worksheet-proposed	freq	1		
makeup	makeup	23	P4_nomatch	ŝmink	ŝminko	cosmetic, make up, make-up	espdic	curated	freq	1		
microphone	microphone	23	P2_hot	mikrofon	mikrofono	microphone	espdic	worksheet-proposed	freq	1		
oats	oats	23	P2_hot	aven	aveno	oats	espdic	worksheet-proposed	freq	1		
opera	opera	23	P2_hot	oper	opero	opera	espdic	worksheet-proposed	freq	1		
scrub	scrub	23	P2_hot	frotlav	frotlavi	to scour, scrub	espdic	curated	freq	1		
sofa	sofa	23	P2_hot	sof	sofo	sofa	espdic	worksheet-proposed	freq	1		
thumb	thumb	23	P3_compound	dikfingr	dikfingro	thumb	espdic	curated	seed	2		
anchor	anchor	22	P2_hot	ankr	ankro	anchor, hyperlink	espdic	curated	freq	1		
applaud	applaud	22	P2_hot	aplaŭd	aplaŭdi	to acclaim, applaud, clap	espdic	curated	freq	1		
grape	grape	22	P2_hot	vinber	vinbero	grape	espdic	curated	seed	1		
infant	infant	22	P2_hot	infan	infaneto	babe, baby, infant	espdic	curated	freq	1		
magnet	magnet	22	P2_hot	magnet	magneto	loadstone, magnet	espdic	worksheet-proposed	freq	1		
pride	pride	22	P2_hot	fier	fiero	pride	espdic	worksheet-proposed	freq	1		
restless	restless	22	P2_hot	trankvil	maltrankvila	agitated, anxious, restless, uneasy, fitful	espdic	curated	freq	1		
rot	rot	22	P2_hot	putr	putriĝi	to rot	espdic	curated	freq	1		
scurry	scurry	22	P4_nomatch	kur	kureti		kept_original	curated	freq	1		
avocado	avocado	21	P2_hot	avokad	avokado	avocado	espdic	worksheet-proposed	freq	1		
dare	dare	21	P2_hot	kuraĝ	kuraĝi	to be bold enough (to), dare, have courage, venture to	espdic	curated	freq	1		
darkness	darkness	21	P2_hot	lum	mallumo	darkness, murk, gloom	espdic	curated	freq	1		
helmet	helmet	21	P2_hot	kask	kasko	helmet	espdic	worksheet-proposed	freq	1		
kneel	kneel	21	P2_hot	genu	genui	to kneel	espdic	worksheet-proposed	freq	1		
ornament	ornament	21	P2_hot	ornam	ornamaĵo	adornment, decoration, ornament, finery, ornamentation	espdic	curated	freq	1		
soak	soak	21	P2_hot	tremp	trempi	to dip, immerse, plunge, soak, steep	espdic	worksheet-proposed	freq	1		
thunder	thunder	21	P2_hot	tondr	tondro	thunder	espdic	curated	seed	1		
tickle	tickle	21	P2_hot	tikl	tikli	to tickle	espdic	worksheet-proposed	freq	1		
trail	trail	21	P2_hot	pad	pado	path	espdic	curated	freq	1		
twisted	twisted	21	P4_nomatch	tord	tordi	to contort, twist, warp, wind, wring, wriggle, sprain	espdic	curated	freq	1		
unpack	unpack	21	P2_hot	elpak	elpaki	to unpack	espdic	worksheet-proposed	freq	1		
waist	waist	21	P2_hot	tali	talio	waist, waistline	espdic	curated	freq	1		
whip	whip	21	P2_hot	vip	vipo	whip	espdic	curated	freq	1		
adorable	adorable	20	P2_hot	adorind	adorinda	adorable	espdic	worksheet-proposed	freq	1		
bookcase	bookcase	20	P2_hot	librobretar	librobretaro	bookcase	espdic	curated	freq	1		
cart	cart	20	P2_hot	ĉar	ĉareto	carriage, typewriter carriage, (push)cart, baseket (e-commerce)	espdic	curated	freq	1		
cereal	cereal	20	P2_hot	cereal	cerealo	cereal	espdic	curated	freq	1		
cheek	cheek	20	P2_hot	vang	vango	cheek, jowl	espdic	worksheet-proposed	seed	2		
chore	chore	20	P2_hot	farotaĵ	farotaĵo	thing to be done, chore	espdic	worksheet-proposed	freq	1		
fort	fort	20	P2_hot	fortikaĵ	fortikaĵo	citadel, fortification, fortress, stronghold, fort	espdic	curated	freq	1		
grill	grill	20	P2_hot	kradrostil	kradrostilo	barbecue, gridiron, grill	espdic	curated	freq	1		
hedge	hedge	20	P2_hot	heĝ	heĝo	hedge	espdic	worksheet-proposed	freq	1		
jellyfish	jellyfish	20	P2_hot	meduz	meduzo	jellyfish	espdic	worksheet-proposed	seed	2		
overjoy	overjoy	20	P4_nomatch	ĝoj	ĝojega	jovial, jubilant	espdic	curated	freq	1		
porch	porch	20	P2_hot	verand	verando	porch, veranda	espdic	curated	freq	1		
rag	rag	20	P2_hot	ĉifon	ĉifono	rag, scrap, tatter, shred	espdic	curated	freq	1		
rhinoceros	rhinoceros	20	P2_hot	rinocer	rinocero	rhino, rhinoceros	espdic	worksheet-proposed	freq	1		
ribbon	ribbon	20	P2_hot	ruband	rubando	ribbon, band, tape	espdic	curated	freq	1		
shrug	shrug	20	P2_hot	ŝultrolev	ŝultrolevi	to shrug	espdic	curated	freq	1		
slap	slap	20	P2_hot	frap	frapi	to hit, knock, strike	espdic	curated	freq	1		
slippery	slippery	20	P2_hot	glit	glita	floating, slick, slippery	espdic	curated	freq	1		
thermometer	thermometer	20	P3_compound	termometr	termometro	thermometer	espdic	worksheet-proposed	freq	1		
unlock	unlock	20	P2_hot	malŝlos	malŝlosi	to unlock	espdic	worksheet-proposed	freq	1		
vest	vest	20	P2_hot	veŝt	veŝto	vest, waistcoat	espdic	worksheet-proposed	freq	1		
warmth	warmth	20	P2_hot	varm	varmo	warmth	espdic	worksheet-proposed	freq	1		
weep	weep	20	P2_hot	larm	larmi	to cry, shed tears, weep	espdic	worksheet-proposed	freq	1		
yarn	yarn	20	P2_hot	lanfaden	lanfadeno	worsted	espdic	curated	freq	1		
alright	alright	19	P5_mid	bon	bone	well, ok, alright, fine	espdic	worksheet-proposed	freq	2		
birdie	birdie	19	P4_nomatch	bird	birdeto	little bird	espdic	curated	freq	2		
blouse	blouse	19	P5_mid	bluz	bluzo	blouse	espdic	worksheet-proposed	freq	2		
buckle	buckle	19	P5_mid	buk	buko	buckle, clasp	espdic	curated	freq	2		
cauliflower	cauliflower	19	P5_mid	florbrasik	florbrasiko	cauliflower	espdic	worksheet-proposed	freq	2		
chop	chop	19	P5_mid	hak	haki	to chop, cut, hack, hew	espdic	worksheet-proposed	freq	2		
hunter	hunter	19	P5_mid	ĉasist	ĉasisto	hunter	espdic	curated	freq	2		
itch	itch	19	P5_mid	juk	juko	itch, itching	espdic	curated	freq	2		
napkin	napkin	19	P3_compound	buŝtuk	buŝtuko	napkin, serviette	espdic	worksheet-proposed	freq	2		
reindeer	reindeer	19	P5_mid	boac	boaco	caribou, reindeer	espdic	worksheet-proposed	freq	2		
sandbox	sandbox	19	P5_mid	sablokest	sablokesto	sandbox	espdic	curated	freq	2		
scarf	scarf	19	P5_mid	koltuk	koltuko	neckcloth, scarf	espdic	curated	seed	1		
skull	skull	19	P5_mid	krani	kranio	cranium, head, skull, pate	espdic	worksheet-proposed	freq	2		
venture	venture	19	P5_mid	aventur	aventuri	to hazard, risk, venture	kept_original	curated	freq	2		
boom	boom	18	P5_mid	bum	bumo	boom	espdic	worksheet-proposed	freq	2		
broccoli	broccoli	18	P5_mid	brokol	brokolo	broccoli	espdic	worksheet-proposed	seed	1		
cracker	cracker	18	P5_mid	kraken	krakeno	cracker	espdic	worksheet-proposed	freq	2		
creep	creep	18	P5_mid	ŝtel	ŝteliri	to steal, sneak	espdic	curated	freq	2		
kindly	kindly	18	P5_mid	afabl	afable	kindly, affably	espdic	worksheet-proposed	freq	2		
mop	mop	18	P5_mid	ŝvabr	ŝvabrilo	to mop, swab	kept_original	curated	freq	2		
mule	mule	18	P5_mid	mul	mulo	mule	espdic	worksheet-proposed	freq	2		
mustache	mustache	18	P4_nomatch	liphar	lipharoj	moustache	espdic	curated	freq	2		
ripe	ripe	18	P5_mid	matur	matura	mature, ripe, full-grown, mature	espdic	worksheet-proposed	freq	2		
shield	shield	18	P5_mid	ŝild	ŝildo	buckler, shield, sign, plaque, tag	espdic	curated	freq	2		
spark	spark	18	P5_mid	fajr	fajrero	spark	espdic	curated	freq	2		
spit	spit	18	P5_mid	kraĉ	kraĉi	to expectorate, spit	espdic	worksheet-proposed	freq	2		
steak	steak	18	P5_mid	stek	steko	steak	espdic	worksheet-proposed	freq	2		
sword	sword	18	P5_mid	glav	glavo	sword	espdic	worksheet-proposed	freq	2		
toast	toast	18	P5_mid	rostpan	rostpano	toast, toasted bread	espdic	curated	freq	2		
vet	vet	18	P4_nomatch	veterinar	veterinaro	veterinarian	espdic	curated	freq	2		
villager	villager	18	P5_mid	vilaĝan	vilaĝano	villager	espdic	worksheet-proposed	freq	2		
anytime	anytime	17	P5_mid	iutemp	iutempe	anytime, at some time, eventually, ever, once, sometime, someday	espdic	worksheet-proposed	freq	2		
barrel	barrel	17	P5_mid	barel	barelo	barrel, cask	espdic	curated	freq	2		
bathe	bathe	17	P5_mid	ban	bani	to bathe, rinse, wash (over), submerge	espdic	worksheet-proposed	freq	2		
chalk	chalk	17	P5_mid	kret	kreto	chalk	espdic	curated	freq	2		
drain	drain	17	P5_mid	defluej	defluejo	drain	espdic	curated	freq	2		
drift	drift	17	P5_mid	driv	drivi	to drift, be adrift	espdic	curated	freq	2		
fireplace	fireplace	17	P5_mid	kamen	kameno	fireplace, hearth, fireside	espdic	worksheet-proposed	freq	2		
lumber	lumber	17	P3_compound	seglign	segligno	lumber, timber	espdic	worksheet-proposed	freq	2		
respectful	respectful	17	P5_mid	respekt	respekta	respectful	espdic	worksheet-proposed	freq	2		
scold	scold	17	P5_mid	riproĉ	riproĉi	to blame, rebuke, reproach, reprove, scold, reprimand	espdic	curated	freq	2		
sip	sip	17	P5_mid	trink	trinketi	to sip	espdic	curated	freq	2		
sneak	sneak	17	P5_mid	ŝtel	ŝteliri	to steal, sneak	espdic	curated	freq	2		
sprinkle	sprinkle	17	P5_mid	ŝutet	ŝuteti	to sprinkle	espdic	worksheet-proposed	freq	2		
sunrise	sunrise	17	P5_mid	sunleviĝ	sunleviĝo	sunrise	espdic	curated	freq	2		
tide	tide	17	P5_mid	tajd	tajdo	tide	espdic	worksheet-proposed	freq	2		
vanish	vanish	17	P5_mid	aper	malaperi	to disappear	espdic	curated	freq	2		
wardrobe	wardrobe	17	P5_mid	vestoŝrank	vestoŝranko	wardrobe (piece of furniture for storing clothes)	espdic	curated	freq	2		
backpack	backpack	16	P5_mid	dorssak	dorssako	backpack	espdic	worksheet-proposed	freq	2		
bouncy	bouncy	16	P4_nomatch	salt	resaltema	springy	espdic	curated	freq	2		
fog	fog	16	P5_mid	nebul	nebulo	fog, mist	espdic	worksheet-proposed	seed	1		
hanger	hanger	16	P4_nomatch	pend	pendigilo	gallows	espdic	curated	freq	2		
outfit	outfit	16	P5_mid	vestar	vestaro	outfit	espdic	curated	freq	2		
patiently	patiently	16	P5_mid	pacienc	pacience	patiently	espdic	worksheet-proposed	freq	2		
prune	prune	16	P5_mid	sekprun	sekpruno	to crop, trim, prune	kept_original	curated	freq	2		
rip	rip	16	P5_mid	ŝir	ŝiri	to rip, tear	espdic	worksheet-proposed	freq	2		
seagull	seagull	16	P5_mid	mev	mevo	gull, seagull	espdic	worksheet-proposed	freq	2		
seal	seal	16	P5_mid	fok	foko	seal (animal)	espdic	worksheet-proposed	freq	2		
steam	steam	16	P5_mid	vapor	vaporo	steam, vapor	espdic	curated	freq	2		
twist	twist	16	P5_mid	tord	tordi	to contort, twist, warp, wind, wring, wriggle, sprain	espdic	worksheet-proposed	freq	2		
airplane	airplane	15	P5_mid	aviadil	aviadilo	airplane, aircraft	espdic	worksheet-proposed	freq	2		
cabinet	cabinet	15	P5_mid	ŝrank	ŝranko	cabinet, closet, cupboard, sideboard, wardrobe	espdic	worksheet-proposed	freq	2		
cautiously	cautiously	15	P5_mid	singardem	singardeme	carefully, cautiously, gingerly, guardedly, prudently, warily	espdic	curated	freq	2		
cupcake	cupcake	15	P5_mid	kuket	kuketo	cookie, little cake, cupcake	espdic	worksheet-proposed	freq	2		
giraffe	giraffe	15	P5_mid	ĝiraf	ĝirafo	giraffe	espdic	worksheet-proposed	seed	1		
hallway	hallway	15	P5_mid	koridor	koridoro	corridor, passage, hallway, hall, lane, passageway	espdic	worksheet-proposed	freq	2		
hose	hose	15	P5_mid	hos	hoso	hose, tube	espdic	worksheet-proposed	freq	2		
notebook	notebook	15	P5_mid	kajer	kajero	copybook, exercise book, folder, notebook, pamphlet, workbook	espdic	curated	freq	2		
oak	oak	15	P5_mid	kverk	kverko	oak	espdic	curated	freq	2		
oxygen	oxygen	15	P5_mid	oksigen	oksigeno	oxygen	espdic	worksheet-proposed	freq	2		
pajama	pajama	15	P5_mid	piĵam	piĵamo	pajama	espdic	worksheet-proposed	freq	2		
pearl	pearl	15	P5_mid	perl	perlo	pearl	espdic	worksheet-proposed	freq	2		
prettiest	prettiest	15	P4_nomatch	bel	beleta	attractive, bonny, pretty, comely, cute	espdic	curated	freq	2		
ranch	ranch	15	P5_mid	bien	bieno	domain, estate, farm, property, ranch, land, ground(s)	espdic	worksheet-proposed	freq	2		
reminder	reminder	15	P5_mid	memorigil	memorigilo	reminder	espdic	curated	freq	2		
sadness	sadness	15	P5_mid	malĝoj	malĝojo	grief, sadness, sorrow, tribulation	espdic	worksheet-proposed	freq	2		
barely	barely	14	P5_mid	apenaŭ	apenaŭ	barely, hardly, only just, scarcely, no more than	espdic	curated	freq	2		
canvas	canvas	14	P5_mid	kanvas	kanvaso	canvas	espdic	worksheet-proposed	freq	2		
carriage	carriage	14	P5_mid	kaleŝ	kaleŝo	carriage, coach	espdic	curated	freq	2		
celery	celery	14	P5_mid	api	apio	(wild) celery	espdic	worksheet-proposed	freq	2		
comfy	comfy	14	P4_nomatch	komfort	komforta	at ease, comfortable, cozy, snug	espdic	curated	freq	2		
cop	cop	14	P5_mid	policist	policisto	policeman	espdic	curated	freq	2		
flavor	flavor	14	P5_mid	gust	gusto	flavor, relish, savor, taste, zest	espdic	curated	freq	2		
freezer	freezer	14	P5_mid	frostuj	frostujo	freezer	espdic	worksheet-proposed	freq	2		
intrigue	intrigue	14	P5_mid	scivol	scivoligi	to intrigue	espdic	curated	freq	2		
jeep	jeep	14	P5_mid	ĵip	ĵipo	jeep	espdic	worksheet-proposed	freq	2		
lotion	lotion	14	P4_nomatch	loci	locio		kept_original	curated	freq	2		
panic	panic	14	P5_mid	panik	paniki	to panic	espdic	worksheet-proposed	freq	2		
pupil	pupil	14	P5_mid	lernant	lernanto	apprentice, scholar, pupil	espdic	curated	freq	2		
sew	sew	14	P5_mid	kudr	kudri	to stitch, sew, tack	espdic	worksheet-proposed	freq	2		
shovel	shovel	14	P5_mid	ŝovelil	ŝovelilo	shovel	espdic	curated	freq	2		
sore	sore	14	P5_mid	dolor	dolora	aching, anguished, pained, painful, sore	espdic	worksheet-proposed	freq	2		
starfish	starfish	14	P5_mid	marstel	marstelo	starfish	espdic	curated	freq	2		
sway	sway	14	P5_mid	balanc	balanciĝi	to balance, poise, oscillate, swing	espdic	curated	freq	2		
thrill	thrill	14	P5_mid	rav	ravi	to delight, enchant, enrapture	espdic	curated	freq	2		
underneath	underneath	14	P5_mid	sub	sub	below, beneath, under, underneath	espdic	worksheet-proposed	freq	2		
ambulance	ambulance	13	P5_mid	ambulanc	ambulanco	ambulance, field hospital	espdic	worksheet-proposed	freq	2		
bedtime	bedtime	13	P5_mid	enlitiĝtemp	enlitiĝtempo	bedtime	espdic	worksheet-proposed	freq	2		
brighter	brighter	13	P4_nomatch	hel	hela	bright, brilliant, clear, light, vivid	espdic	curated	freq	2		
bully	bully	13	P5_mid	tiran	tirano	despot, tyrant, oppressor	espdic	curated	freq	2		
campfire	campfire	13	P5_mid	tendarfajr	tendarfajro	campfire	espdic	worksheet-proposed	freq	2		
cricket	cricket	13	P5_mid	gril	grilo	cricket (insect)	espdic	worksheet-proposed	freq	2		
eagle	eagle	13	P5_mid	agl	aglo	eagle	espdic	worksheet-proposed	freq	2		
fade	fade	13	P5_mid	pal	paliĝi	to blanch, fade, grow pale, become pale	espdic	curated	freq	2		
forgave	forgave	13	P4_nomatch	pardon	pardoni	to forgive, pardon, reprieve, excuse, overlook	espdic	curated	freq	2		
knelt	knelt	13	P4_nomatch	genu	genui	to kneel	espdic	curated	freq	2		
marker	marker	13	P5_mid	markil	markilo	highlighter, marker	espdic	curated	freq	2		
melon	melon	13	P5_mid	melon	melono	melon	espdic	worksheet-proposed	freq	2		
onwards	onwards	13	P4_nomatch	plu	plu	else, further, more, on, any more	espdic	curated	freq	2		
ray	ray	13	P5_mid	radi	radio	beam, radio, radius, ray, wireless, spoke (of wheel)	espdic	curated	freq	2		
restore	restore	13	P5_mid	restarig	restarigi	to restore	espdic	curated	freq	2		
shed	shed	13	P5_mid	bud	budo	barn, shed, stand, stall, hut, booth, cabana, kiosk	espdic	worksheet-proposed	freq	2		
sting	sting	13	P5_mid	pik	piki	to bite, jab, pick, pierce, prick, puncture, stab, stick, sting	espdic	worksheet-proposed	freq	2		
stroke	stroke	13	P5_mid	kares	karesi	to caress, fondle, stroke	espdic	curated	freq	2		
unpacked	unpacked	13	P4_nomatch	pak	elpaki	to unpack	espdic	curated	freq	2		
acorn	acorn	12	P5_mid	glan	glano	acorn, glans	espdic	worksheet-proposed	freq	2		
bathtub	bathtub	12	P5_mid	banuj	banujo	bathtub	espdic	worksheet-proposed	freq	2		
batter	batter	12	P5_mid	farunbat	farunbataĵo	batter	espdic	curated	freq	2		
cardboard	cardboard	12	P5_mid	karton	kartono	cardboard, pasteboard	espdic	curated	freq	2		
coral	coral	12	P5_mid	koral	koralo	coral	espdic	curated	freq	2		
curl	curl	12	P5_mid	kaŭr	kaŭriĝi	to crouch, squat	espdic	curated	freq	2		
dip	dip	12	P5_mid	tremp	trempeti	to dip	espdic	curated	freq	2		
helper	helper	12	P5_mid	helpant	helpanto	aid, helper, assistant, auxiliary	espdic	worksheet-proposed	freq	2		
lawn	lawn	12	P5_mid	gazon	gazono	lawn	espdic	worksheet-proposed	freq	2		
mailman	mailman	12	P5_mid	poŝtist	poŝtisto	mail carrier, postal worker, mailman, postman	espdic	worksheet-proposed	freq	2		
medal	medal	12	P5_mid	medal	medalo	medal	espdic	worksheet-proposed	freq	2		
muddy	muddy	12	P5_mid	kot	kota	dirty, muddy, filthy, mucky, muddy	espdic	worksheet-proposed	freq	2		
purr	purr	12	P5_mid	ronron	ronroni	to purr	espdic	curated	freq	2		
quack	quack	12	P5_mid	kvak	kvaki	to croak, quack	espdic	worksheet-proposed	freq	2		
rumble	rumble	12	P5_mid	bruegad	bruegadi	to rumble	espdic	worksheet-proposed	freq	2		
sidewalk	sidewalk	12	P5_mid	trotuar	trotuaro	footpath, pavement, sidewalk	espdic	worksheet-proposed	freq	2		
squeal	squeal	12	P5_mid	kri	krieti	to squall	espdic	curated	freq	2		
swung	swung	12	P4_nomatch	balanc	balanciĝi	to balance, poise, oscillate, swing	espdic	curated	freq	2		
warrior	warrior	12	P5_mid	batalist	batalisto	warrior	espdic	worksheet-proposed	freq	2		
armchair	armchair	11	P5_mid	fotel	fotelo	armchair, easy chair	espdic	worksheet-proposed	freq	2		
burst	burst	11	P5_mid	krev	krevi	to burst	espdic	curated	freq	2		
chuckle	chuckle	11	P4_nomatch	rid	subridi	to laugh up one’s sleeve	espdic	curated	freq	2		
circus	circus	11	P5_mid	cirk	cirko	circus	espdic	worksheet-proposed	freq	2		
claws	claws	11	P4_nomatch	ung	ungego	claw, talon, fingernail, nail	espdic	curated	freq	2		
creamy	creamy	11	P4_nomatch	krem	krema	cream	espdic	curated	freq	2		
drank	drank	11	P4_nomatch	trink	trinki	to drink	espdic	curated	freq	2		
exhaust	exhaust	11	P5_mid	elĉerp	elĉerpi	to ladle out, scoop out, exhaust, use up, consume	espdic	worksheet-proposed	freq	2		
explorer	explorer	11	P5_mid	esplorist	esploristo	explorer	espdic	curated	freq	2		
fabric	fabric	11	P5_mid	ŝtof	ŝtofo	cloth, material, matter, stuff, fabric, textile	espdic	worksheet-proposed	freq	2		
fisherman	fisherman	11	P5_mid	fiŝist	fiŝisto	fisherman	espdic	worksheet-proposed	freq	2		
glitter	glitter	11	P5_mid	scintil	scintili	to glitter	kept_original	curated	freq	2		
gracefully	gracefully	11	P5_mid	graci	gracie	gracefully, graciously	espdic	worksheet-proposed	freq	2		
honking	honking	11	P5_mid	hup	hupi	to hoot	espdic	curated	freq	2		
horizon	horizon	11	P5_mid	horizont	horizonto	horizon	espdic	worksheet-proposed	freq	2		
jug	jug	11	P5_mid	kruĉ	kruĉo	cruse, ewer, jug, pitcher, pot, vessel	espdic	curated	freq	2		
oasis	oasis	11	P5_mid	oaz	oazo	oasis	espdic	worksheet-proposed	freq	2		
ostrich	ostrich	11	P5_mid	strut	struto	ostrich	espdic	worksheet-proposed	freq	2		
pasta	pasta	11	P5_mid	pastaĵ	pastaĵo	pasta	espdic	worksheet-proposed	freq	2		
potion	potion	11	P5_mid	poci	pocio	potion	espdic	worksheet-proposed	freq	2		
precious	precious	11	P5_mid	kar	kara	beloved, cherished, dear, expensive, valuable, precious, costly, high-priced	espdic	worksheet-proposed	freq	2		
sibling	sibling	11	P5_mid	gefrat	gefrato	brother, sibling, sister	espdic	curated	freq	2		
snuck	snuck	11	P4_nomatch	ŝtel	ŝteliri	to steal, sneak	espdic	curated	freq	2		
spaceship	spaceship	11	P5_mid	kosmoŝip	kosmoŝipo	spaceship	espdic	worksheet-proposed	freq	2		
spear	spear	11	P5_mid	lanc	lanco	lance, spear	espdic	worksheet-proposed	freq	2		
stem	stem	11	P5_mid	tig	tigo	stalk, stem	espdic	curated	freq	2		
tricky	tricky	11	P5_mid	facil	malfacila	difficult, hard, inconvenient, troublesome	espdic	curated	freq	2		
wallet	wallet	11	P5_mid	biletuj	biletujo	wallet	espdic	curated	freq	2		
wiggle	wiggle	11	P5_mid	tordetiĝ	tordetiĝi	to wiggle	espdic	worksheet-proposed	freq	2		
yucky	yucky	11	P4_nomatch	naŭz	naŭza	abhorrent, abominable, alien, disgusting, nasty, nauseous	espdic	curated	freq	2		
bat	bat	10	P5_mid	vespert	vesperto	bat (animal)	espdic	curated	freq	2		
billboard	billboard	10	P5_mid	reklampanel	reklampanelo	billboard	espdic	worksheet-proposed	freq	2		
budge	budge	10	P4_nomatch	mov	moviĝi	to (make) move	espdic	curated	freq	2		
compassion	compassion	10	P5_mid	kompat	kompato	compassion, pity, mercy, sympathy	espdic	worksheet-proposed	freq	2		
dresser	dresser	10	P5_mid	komod	komodo	chest of drawers, dresser, commode (furniture)	espdic	worksheet-proposed	freq	2		
firefly	firefly	10	P5_mid	lampir	lampiro	firefly, glow-worm	espdic	curated	freq	2		
grandchild	grandchild	10	P5_mid	genep	genepo	grandchild	espdic	worksheet-proposed	freq	2		
hider	hider	10	P5_mid	kaŝ	kaŝiĝanto	hider, concealer	kept_original	curated	freq	2		
hopeful	hopeful	10	P5_mid	esperem	esperema	hopeful	espdic	worksheet-proposed	freq	2		
itchy	itchy	10	P4_nomatch	juk	juka		kept_original	curated	freq	2		
luggage	luggage	10	P5_mid	bagaĝ	bagaĝo	baggage, luggage	espdic	worksheet-proposed	freq	2		
patience	patience	10	P5_mid	pacienc	pacienco	patience	espdic	worksheet-proposed	freq	2		
peer	peer	10	P5_mid	rigard	enrigardi	to look inside	espdic	curated	freq	2		
quiz	quiz	10	P5_mid	kviz	kvizo	quiz	espdic	worksheet-proposed	freq	2		
racer	racer	10	P4_nomatch	vetkurist	vetkuristo		kept_original	curated	freq	2		
reassure	reassure	10	P5_mid	rekuraĝig	rekuraĝigi	to cheer up, reassure	espdic	worksheet-proposed	freq	2		
rustle	rustle	10	P5_mid	susur	susuri	to rustle, swish	espdic	curated	freq	2		
slimy	slimy	10	P5_mid	ŝlim	ŝlima	slimy, turbid	espdic	worksheet-proposed	freq	2		
snatch	snatch	10	P5_mid	ekpren	ekpreni	to grasp, snatch	espdic	worksheet-proposed	freq	2		
soapy	soapy	10	P4_nomatch	sap	sapa		kept_original	curated	freq	2		
someday	someday	10	P5_mid	iutag	iutage	one day, someday	espdic	worksheet-proposed	freq	2		
spice	spice	10	P5_mid	spic	spico	spice	espdic	curated	freq	2		
storekeeper	storekeeper	10	P4_nomatch	butikist	butikisto	merchant, retailer, shopkeeper, tradesman	espdic	curated	freq	2		
toddler	toddler	10	P5_mid	paŝetul	paŝetulo	toddler	espdic	worksheet-proposed	freq	2		
vow	vow	10	P5_mid	vot	voti	to vow	espdic	worksheet-proposed	freq	2		
wisdom	wisdom	10	P5_mid	saĝ	saĝo	wisdom	espdic	worksheet-proposed	freq	2		
wobble	wobble	10	P5_mid	ŝancel	ŝanceliĝi	to demur, hesitate, lurch, reel, stagger, vacillate, wav, waddle	espdic	curated	freq	2		
yield	yield	10	P5_mid	ced	cedi	to cede, give in, yield, comply, concede, grant, accommodate	espdic	worksheet-proposed	freq	2		
accomplish	accomplish	9	P5_mid	ating	atingi	to accomplish, achieve, attain, get, reach, overtake, obtain, access (database, disk)	espdic	worksheet-proposed	freq	2		
beard	beard	9	P5_mid	barb	barbo	beard	espdic	worksheet-proposed	freq	2		
bravery	bravery	9	P5_mid	brav	braveco	bravery, valor	espdic	curated	freq	2		
cobweb	cobweb	9	P3_compound	araneret	aranereto	cobweb	espdic	worksheet-proposed	freq	2		
crumb	crumb	9	P3_compound	paner	panero	bread crumb	espdic	curated	freq	2		
dolly	dolly	9	P5_mid	pup	pupeto	dolly	kept_original	curated	freq	2		
echo	echo	9	P5_mid	eĥ	eĥi	to echo	espdic	worksheet-proposed	freq	2		
feast	feast	9	P5_mid	festen	festeno	banquet, feast	espdic	curated	freq	2		
fetch	fetch	9	P5_mid	port	alporti	to bring, fetch, convey	espdic	curated	freq	2		
firefighter	firefighter	9	P5_mid	fajrobrigadist	fajrobrigadisto	firefighter, fireman	espdic	worksheet-proposed	freq	2		
greedy	greedy	9	P5_mid	avid	avida	avid, eager, greedy	espdic	curated	freq	2		
hiss	hiss	9	P5_mid	sibl	sibli	to hiss, whistle	espdic	curated	freq	2		
kingdom	kingdom	9	P5_mid	reĝland	reĝlando	kingdom	espdic	curated	freq	2		
mattress	mattress	9	P5_mid	matrac	matraco	mattress	espdic	worksheet-proposed	freq	2		
onward	onward	9	P4_nomatch	plu	plu	else, further, more, on, any more	espdic	curated	freq	2		
paintbrush	paintbrush	9	P5_mid	penik	peniko	brush, paintbrush	espdic	worksheet-proposed	freq	2		
practise	practise	9	P4_nomatch	ekzerc	ekzerci	to exercise, practice, train, drill, rehearse	espdic	curated	freq	2		
raccoon	raccoon	9	P5_mid	lavurs	lavurso	raccoon, washing-bear	espdic	curated	freq	2		
reluctantly	reluctantly	9	P5_mid	malvol	malvole	against one’s will, forcefully, reluctantly, unwillingly	espdic	worksheet-proposed	freq	2		
riddle	riddle	9	P5_mid	enigm	enigmo	enigma, puzzle, riddle	espdic	worksheet-proposed	freq	2		
sailboat	sailboat	9	P3_compound	velŝip	velŝipo	sailing ship, sailboat	espdic	worksheet-proposed	freq	2		
seeker	seeker	9	P5_mid	serĉant	serĉanto	seeker	espdic	worksheet-proposed	freq	2		
stomp	stomp	9	P4_nomatch	stamf	stamfi	to paw the ground, stamp	espdic	curated	freq	2		
sunglass	sunglass	9	P4_nomatch	sunokulvitr	sunokulvitroj	sunglasses	espdic	curated	freq	2		
swirl	swirl	9	P5_mid	kirliĝ	kirliĝi	to swirl	espdic	worksheet-proposed	freq	2		
tick	tick	9	P5_mid	tiktak	tiktaki	to tick	espdic	curated	freq	2		
tub	tub	9	P5_mid	kuv	kuvo	bath, tub, vat, space open box, visible space	espdic	worksheet-proposed	freq	2		
unlocked	unlocked	9	P4_nomatch	ŝlos	malŝlosi	to unlock	espdic	curated	freq	2		
accomplishment	accomplishment	8	P5_mid	ating	atingo	accomplishment, achievement, attainment, access	espdic	curated	freq	2		
bead	bead	8	P5_mid	bid	bido	bead	espdic	worksheet-proposed	freq	2		
belly	belly	8	P5_mid	ventr	ventro	abdomen, stomach, belly, tummy	espdic	worksheet-proposed	freq	2		
belove	belove	8	P4_nomatch	am	amata	loved, beloved	espdic	curated	freq	2		
chipmunk	chipmunk	8	P5_mid	eŭtami	eŭtamio	chipmunk	espdic	worksheet-proposed	freq	2		
cough	cough	8	P5_mid	tus	tusi	to cough	espdic	worksheet-proposed	freq	2		
darling	darling	8	P5_mid	karul	karulo	darling, dear (person)	espdic	curated	freq	2		
dot	dot	8	P5_mid	punkt	punkto	dot, period, point, spot	espdic	worksheet-proposed	freq	2		
dragonfly	dragonfly	8	P5_mid	libel	libelo	dragonfly	espdic	worksheet-proposed	freq	2		
glee	glee	8	P5_mid	ĝoj	ĝojo	gladness, joy, glee	espdic	worksheet-proposed	freq	2		
glimmer	glimmer	8	P5_mid	lum	lumetadi	to glimmer, shimmer	espdic	curated	freq	2		
jailer	jailer	8	P5_mid	prizongardist	prizongardisto	jailer, prison guard	kept_original	curated	freq	2		
keeper	keeper	8	P5_mid	gardist	gardisto	curator, guard, jailer	espdic	curated	freq	2		
magician	magician	8	P5_mid	magiist	magiisto	magician	espdic	worksheet-proposed	freq	2		
marching	marching	8	P5_mid	marŝ	marŝi	to march, walk	espdic	curated	freq	2		
mermaid	mermaid	8	P5_mid	marvirin	marvirino	mermaid, siren	kept_original	curated	freq	2		
playtime	playtime	8	P3_compound	ludtemp	ludtempo	playtime, recreation	espdic	worksheet-proposed	freq	2		
pluck	pluck	8	P5_mid	pluk	pluki	to pick, pluck	espdic	worksheet-proposed	freq	2		
scamper	scamper	8	P4_nomatch	kur	kureti		kept_original	curated	freq	2		
spooky	spooky	8	P5_mid	timiget	timigeta	spooky	espdic	worksheet-proposed	freq	2		
stew	stew	8	P5_mid	stufaĵ	stufaĵo	stew	espdic	curated	freq	2		
stripe	stripe	8	P5_mid	stri	strio	ray, strip, stripe	espdic	curated	freq	2		
telescope	telescope	8	P5_mid	teleskop	teleskopo	telescope	espdic	curated	freq	2		
tiptoe	tiptoe	8	P4_nomatch	piedpint	piedpinte		kept_original	curated	freq	2		
twisting	twisting	8	P3_compound	tord	tordi	to contort, twist, warp, wind, wring, wriggle, sprain	espdic	curated	freq	2		
unsure	unsure	8	P5_mid	necert	necerta	uncertain, indecisive, unsure, doubtful	espdic	worksheet-proposed	freq	2		
warmly	warmly	8	P5_mid	varm	varme	warmly	espdic	worksheet-proposed	freq	2		
wink	wink	8	P5_mid	okulsign	okulsigni	to wink	espdic	curated	freq	2		
admiration	admiration	7	P5_mid	admir	admiro	admiration	espdic	worksheet-proposed	freq	2		
afar	afar	7	P5_mid	for	fore	afar, afield, far, far away, remotely	espdic	worksheet-proposed	freq	2		
backwards	backwards	7	P5_mid	antaŭ	malantaŭen	backwards	espdic	curated	freq	2		
basement	basement	7	P5_mid	kel	kelo	basement, cellar	espdic	worksheet-proposed	freq	2		
beehive	beehive	7	P5_mid	abeluj	abelujo	beehive, hive	espdic	worksheet-proposed	freq	2		
broom	broom	7	P5_mid	balail	balailo	broom, sweeper	espdic	curated	freq	2		
burrow	burrow	7	P5_mid	kav	kavo	cave, cavity, groove	espdic	curated	freq	2		
cliff	cliff	7	P5_mid	klif	klifo	cliff, crag, headland	espdic	worksheet-proposed	freq	2		
cluck	cluck	7	P5_mid	kluk	kluki	to cluck	espdic	worksheet-proposed	freq	2		
cottage	cottage	7	P5_mid	domet	dometo	cottage, lodge, small house	espdic	worksheet-proposed	freq	2		
crunchy	crunchy	7	P5_mid	kraket	kraketa	brittle, crisp, crunchy	espdic	worksheet-proposed	freq	2		
curiously	curiously	7	P4_nomatch	scivol	scivoleme	inquisitively	espdic	curated	freq	2		
diving	diving	7	P5_mid	plonĝ	plonĝado	diving	espdic	curated	freq	2		
doorway	doorway	7	P3_compound	pordapertur	pordaperturo	doorway	espdic	worksheet-proposed	freq	2		
dusty	dusty	7	P5_mid	polv	polva	dusty	espdic	worksheet-proposed	freq	2		
faraway	faraway	7	P4_nomatch	for	fora	distant, far, remote	espdic	curated	freq	2		
frost	frost	7	P5_mid	glazur	glazuro	glaze	espdic	curated	freq	2		
hen	hen	7	P5_mid	kokin	kokino	hen	espdic	curated	seed	1		
honk	honk	7	P5_mid	hup	hupi	to hoot	espdic	curated	freq	2		
mane	mane	7	P5_mid	kolhar	kolharoj	mane	espdic	worksheet-proposed	freq	2		
munch	munch	7	P5_mid	maĉ	maĉi	to chew, masticate, munch	espdic	worksheet-proposed	freq	2		
plead	plead	7	P5_mid	peteg	petegi	to appeal, beg, beseech, implore, plead	espdic	curated	freq	2		
politely	politely	7	P5_mid	ĝentil	ĝentile	gently, politely	espdic	worksheet-proposed	freq	2		
pout	pout	7	P5_mid	paŭt	paŭti	to pout, sulk	espdic	curated	freq	2		
puff	puff	7	P5_mid	puf	pufi	padding, puff, swelling, stuffing, wad, pad	kept_original	curated	freq	2		
quilt	quilt	7	P5_mid	peplom	peplomo	quilt	espdic	curated	freq	2		
ranger	ranger	7	P4_nomatch	parkgardist	parkgardisto		kept_original	curated	freq	2		
ruler	ruler	7	P5_mid	liniil	liniilo	ruler, straight-edge	espdic	worksheet-proposed	freq	2		
scar	scar	7	P5_mid	timig	timigi	to affright, alarm, frighten, intimidate, scare	espdic	curated	freq	2		
screwdriver	screwdriver	7	P5_mid	ŝraŭbil	ŝraŭbilo	screwdriver	espdic	worksheet-proposed	freq	2		
spoonful	spoonful	7	P5_mid	plenkuler	plenkulero	spoonful	espdic	curated	freq	2		
sternly	sternly	7	P4_nomatch	sever	severe	rigidly	espdic	curated	freq	2		
stroll	stroll	7	P5_mid	promen	promeni	to go for a walk, stroll, promenade	espdic	curated	freq	2		
texture	texture	7	P3_compound	tekstur	teksturo	texture, grain	espdic	worksheet-proposed	freq	2		
tractor	tractor	7	P3_compound	traktor	traktoro	tractor	espdic	worksheet-proposed	freq	2		
trampoline	trampoline	7	P5_mid	trampolin	trampolino	trampoline	espdic	worksheet-proposed	freq	2		
treehouse	treehouse	7	P4_nomatch	arbodom	arbodomo		kept_original	curated	freq	2		
waffle	waffle	7	P5_mid	vafl	vaflo	waffle	espdic	worksheet-proposed	freq	2		
windy	windy	7	P5_mid	vent	venta	windy	espdic	worksheet-proposed	freq	2		
alligator	alligator	6	P5_mid	aligator	aligatoro	alligator	espdic	worksheet-proposed	freq	2		
astronaut	astronaut	6	P3_compound	astronaŭt	astronaŭto	astronaut, spaceman	espdic	worksheet-proposed	freq	2		
brick	brick	6	P5_mid	brik	briko	block	espdic	curated	freq	2		
cashier	cashier	6	P5_mid	kasist	kasisto	cashier, treasurer, paymaster, treasurer	espdic	curated	freq	2		
conquer	conquer	6	P5_mid	venk	venki	to conquer, defeat, win over, overcome, vanquish, subdue	espdic	worksheet-proposed	freq	2		
creativity	creativity	6	P5_mid	kreem	kreemo	creativeness, creativity	espdic	worksheet-proposed	freq	2		
devastate	devastate	6	P5_mid	aflikt	aflikti	to afflict, grieve, distress	espdic	curated	freq	2		
dripping	dripping	6	P4_nomatch	gut	guti	to drip, drop	espdic	curated	freq	2		
driveway	driveway	6	P5_mid	enveturej	enveturejo	driveway	espdic	worksheet-proposed	freq	2		
farewell	farewell	6	P5_mid	adiaŭ	adiaŭo	farewell, goodbye, logout	espdic	curated	freq	2		
gobble	gobble	6	P4_nomatch	vor	voregi		kept_original	curated	freq	2		
grassy	grassy	6	P5_mid	herb	herba	grassy, herbal	espdic	worksheet-proposed	freq	2		
hamster	hamster	6	P5_mid	hamstr	hamstro	hamster	espdic	worksheet-proposed	seed	1		
handy	handy	6	P5_mid	lert	lerta	able, adroit, clever, dexterous, skillful, expert, talented, handy	espdic	worksheet-proposed	freq	2		
harvest	harvest	6	P5_mid	rikolt	rikolti	to gather, harvest, reap	espdic	worksheet-proposed	freq	2		
hesitant	hesitant	6	P5_mid	hezit	hezitema	irresolute, undecided	espdic	curated	freq	2		
hood	hood	6	P5_mid	kapot	kapoto	bonnet, hood, capote	espdic	curated	freq	2		
instantly	instantly	6	P5_mid	tuj	tuj	at once, immediately, just, right away, right now	espdic	curated	freq	2		
joyfully	joyfully	6	P5_mid	ĝoj	ĝoje	joyfully, happily	espdic	worksheet-proposed	freq	2		
lap	lap	6	P5_mid	sin	sino	bosom, breast, lap	espdic	curated	freq	2		
masterpiece	masterpiece	6	P5_mid	ĉefverk	ĉefverko	masterpiece	espdic	worksheet-proposed	freq	2		
mist	mist	6	P5_mid	nebul	nebuleto	haze, mist	espdic	curated	freq	2		
nervously	nervously	6	P5_mid	nervoz	nervoze	nervously	espdic	curated	freq	2		
newfound	newfound	6	P4_nomatch	nov	nova	new, novel, recent	espdic	curated	freq	2		
nibble	nibble	6	P5_mid	mord	mordeti	to corrode, gnaw, nibble	espdic	curated	freq	2		
pecked	pecked	6	P4_nomatch	bek	beki	to peck	espdic	curated	freq	2		
peel	peel	6	P5_mid	ŝel	ŝelo	bark, husk, peel, shell, pod, rind, skin, wrapper	espdic	worksheet-proposed	freq	2		
prank	prank	6	P5_mid	petolaĵ	petolaĵo	prank, shenanigan, trick	espdic	curated	freq	2		
rainy	rainy	6	P5_mid	pluv	pluva	rain, of rain, rainy	espdic	worksheet-proposed	freq	2		
recorder	recorder	6	P5_mid	registril	registrilo	recorder	espdic	curated	freq	2		
satisfaction	satisfaction	6	P5_mid	kontent	kontento	contentment, satisfaction	espdic	curated	freq	2		
scent	scent	6	P5_mid	odor	odoro	odor, scent, smell	espdic	curated	freq	2		
scrap	scrap	6	P5_mid	pecet	peceto	morsel, scrap	espdic	worksheet-proposed	freq	2		
silently	silently	6	P5_mid	silent	silente	silently	espdic	worksheet-proposed	freq	2		
snowflake	snowflake	6	P5_mid	neĝer	neĝero	snowflake	espdic	worksheet-proposed	freq	2		
sponge	sponge	6	P5_mid	spong	spongo	sponge	espdic	worksheet-proposed	freq	2		
spy	spy	6	P5_mid	spion	spioni	to spy, snoop, watch	espdic	curated	freq	2		
straw	straw	6	P5_mid	pajl	pajlo	straw	espdic	curated	freq	2		
tangle	tangle	6	P5_mid	implik	impliki	to entangle, implicate, infer	espdic	curated	freq	2		
teaspoon	teaspoon	6	P5_mid	tekuler	tekulero	teaspoon	espdic	worksheet-proposed	freq	2		
terrify	terrify	6	P5_mid	terur	teruri	to frighten, terrify	espdic	worksheet-proposed	freq	2		
tornado	tornado	6	P3_compound	turnventeg	turnventego	tornado, whirlwind	espdic	worksheet-proposed	freq	2		
tumble	tumble	6	P5_mid	fal	rulfali	to somersault, tumble	espdic	curated	freq	2		
turnip	turnip	6	P5_mid	rap	rapo	turnip	espdic	curated	freq	2		
uncover	uncover	6	P5_mid	malkovr	malkovri	to discover, uncover, lay open, unburden, reveal, tell	espdic	worksheet-proposed	freq	2		
untie	untie	6	P5_mid	mallig	malligi	to disconnect, undo, unfasten, untie, delink, detach, unlink	espdic	worksheet-proposed	freq	2		
weeping	weeping	6	P5_mid	larm	larmi	to cry, shed tears, weep	espdic	curated	freq	2		
widen	widen	6	P5_mid	larĝig	larĝigi	to widen	espdic	worksheet-proposed	freq	2		
yelp	yelp	6	P5_mid	jelp	jelpi	to yelp	espdic	worksheet-proposed	freq	2		
zookeeper	zookeeper	6	P4_nomatch	bestogardist	bestogardisto		kept_original	curated	freq	2		
adjust	adjust	5	P5_mid	ĝust	alĝustigi	to adjust, put right, correct	espdic	curated	freq	2		
aisle	aisle	5	P5_mid	irpasej	irpasejo	aisle	espdic	worksheet-proposed	freq	2		
anticipation	anticipation	5	P5_mid	anticip	anticipo	anticipation	espdic	worksheet-proposed	freq	2		
appreciation	appreciation	5	P5_mid	ŝat	ŝato	appreciation, high opinion, reputation	espdic	worksheet-proposed	freq	2		
badge	badge	5	P5_mid	insign	insigno	badge, insignia, coat-of-arms	espdic	curated	freq	2		
bathrobe	bathrobe	5	P5_mid	banmantel	banmantelo	bathrobe	espdic	curated	freq	2		
blender	blender	5	P5_mid	likvigil	likvigilo	blender	espdic	worksheet-proposed	freq	2		
bolt	bolt	5	P5_mid	fulm	fulmo	lightning	espdic	curated	freq	2		
bound	bound	5	P5_mid	impet	impeti	to be impetuous, bound, dash, spring, leap, rush	espdic	curated	freq	2		
brighten	brighten	5	P5_mid	hel	heligi	to brighten up	espdic	curated	freq	2		
bunnie	bunnie	5	P4_nomatch	kunikl	kunikleto	bunny	espdic	curated	freq	2		
buyer	buyer	5	P5_mid	aĉetant	aĉetanto	buyer, client, purchaser	espdic	worksheet-proposed	freq	2		
cactuse	cactuse	5	P4_nomatch	kakt	kakto	cactus	espdic	curated	freq	2		
calmly	calmly	5	P5_mid	trankvil	trankvile	peacefully, tranquilly, calmly	espdic	curated	freq	2		
cape	cape	5	P5_mid	mantel	mantelo	cape, cloak, mantle, coat	espdic	curated	freq	2		
cobwebs	cobwebs	5	P4_nomatch	arane	aranereto	cobweb	espdic	curated	freq	2		
croak	croak	5	P5_mid	kvak	kvaki	to croak, quack	espdic	curated	freq	2		
den	den	5	P5_mid	nest	nesto	nest, den, lair	espdic	worksheet-proposed	freq	2		
doggie	doggie	5	P4_nomatch	hund	hundeto	small dog	espdic	curated	freq	2		
donkey	donkey	5	P5_mid	azen	azeno	ass, donkey	espdic	curated	freq	2		
doze	doze	5	P5_mid	dormet	dormeti	to doze, nap, slumber	espdic	worksheet-proposed	freq	2		
drip	drip	5	P5_mid	gut	guti	to drip, drop	espdic	worksheet-proposed	freq	2		
ease	ease	5	P5_mid	facilec	facileco	ease, facility	espdic	worksheet-proposed	freq	2		
elder	elder	5	P5_mid	pliaĝul	pliaĝulo	elder	espdic	curated	freq	2		
fins	fins	5	P4_nomatch	naĝil	naĝilo	fin	espdic	curated	freq	2		
firmly	firmly	5	P5_mid	firm	firme	firmly	espdic	worksheet-proposed	freq	2		
flea	flea	5	P5_mid	pul	pulo	flea	espdic	worksheet-proposed	freq	2		
glisten	glisten	5	P5_mid	bril	brili	to glisten, glow, shine, sparkle	espdic	worksheet-proposed	freq	2		
gorgeous	gorgeous	5	P5_mid	beleg	belega	exquisite, gorgeous, lovely, magnificent, splendid	espdic	worksheet-proposed	freq	2		
gratitude	gratitude	5	P5_mid	dank	danko	gratitude, thanks	espdic	worksheet-proposed	freq	2		
graze	graze	5	P5_mid	paŝt	paŝtiĝi	to graze	espdic	curated	freq	2		
groom	groom	5	P5_mid	novedz	novedzo	bridegroom	espdic	curated	freq	2		
gulp	gulp	5	P5_mid	glut	gluto	draught, sip, mouthful, gulp, swallow, sup	espdic	worksheet-proposed	freq	2		
handful	handful	5	P5_mid	manplen	manpleno	fistful, handful	espdic	curated	freq	2		
handsome	handsome	5	P5_mid	bel	bela	beautiful, fine, handsome, lovely, good-looking, pretty	espdic	worksheet-proposed	freq	2		
healing	healing	5	P5_mid	san	resaniga	healing	espdic	curated	freq	2		
hum	hum	5	P5_mid	zum	zumi	to buzz, hum, roar (traffic)	espdic	worksheet-proposed	freq	2		
instinct	instinct	5	P5_mid	instinkt	instinkto	instinct	espdic	worksheet-proposed	freq	2		
junk	junk	5	P5_mid	rub	rubo	debris, rubbish, rubble, garbage, trash, junk	espdic	worksheet-proposed	freq	2		
lava	lava	5	P5_mid	laf	lafo	lava	espdic	curated	freq	2		
lettuce	lettuce	5	P3_compound	laktuk	laktuko	lettuce, milt, roe	espdic	worksheet-proposed	seed	1		
marvel	marvel	5	P5_mid	mir	miri	to be amazed, be astonished, marvel (at), wonder, be surprised	espdic	worksheet-proposed	freq	2		
mint	mint	5	P5_mid	ment	mento	mint (plant, flavor)	espdic	curated	freq	2		
motion	motion	5	P5_mid	mov	movo	move, motion, movement	espdic	worksheet-proposed	freq	2		
nasty	nasty	5	P5_mid	malagrabl	malagrabla	bleak, dismal, dreary, horrible, ghastly, grisly, nasty, unpleasant	espdic	curated	freq	2		
naughtiness	naughtiness	5	P4_nomatch	petol	petoleco	frolic, petulance	espdic	curated	freq	2		
neatly	neatly	5	P5_mid	ordem	ordeme	neatly, tidily	espdic	worksheet-proposed	freq	2		
oatmeal	oatmeal	5	P5_mid	avenkaĉ	avenkaĉo	oatmeal porridge	espdic	curated	freq	2		
peacefully	peacefully	5	P5_mid	pac	pace	amicably, peaceably, peacefully	espdic	worksheet-proposed	freq	2		
peck	peck	5	P5_mid	bek	beki	to peck	espdic	worksheet-proposed	freq	2		
peculiar	peculiar	5	P5_mid	strang	stranga	odd, peculiar, strange, curious, eccentric, queer	espdic	worksheet-proposed	freq	2		
peddle	peddle	5	P5_mid	pedal	pedali	to pedal	espdic	curated	freq	2		
pistol	pistol	5	P5_mid	pistol	pistolo	pistol, spray gun	espdic	worksheet-proposed	freq	2		
pitcher	pitcher	5	P5_mid	kruĉ	kruĉo	cruse, ewer, jug, pitcher, pot, vessel	espdic	worksheet-proposed	freq	2		
pitchfork	pitchfork	5	P5_mid	forkeg	forkego	hay fork, pitchfork, prong	espdic	worksheet-proposed	freq	2		
preschool	preschool	5	P4_nomatch	infanĝarden	infanĝardeno	kindergarten, nursery school	espdic	curated	freq	2		
prickly	prickly	5	P5_mid	pik	pika	nasty, piquant, prickly, pungent	espdic	worksheet-proposed	freq	2		
radish	radish	5	P5_mid	rafan	rafano	radish, black radish, horse radish	espdic	worksheet-proposed	freq	2		
rail	rail	5	P5_mid	rel	relo	rail	espdic	worksheet-proposed	freq	2		
raindrop	raindrop	5	P5_mid	pluver	pluvero	raindrop	espdic	worksheet-proposed	freq	2		
reunite	reunite	5	P5_mid	rekunig	rekunigi	to reunite, rejoin	espdic	worksheet-proposed	freq	2		
roast	roast	5	P5_mid	rost	rosti	to broil, roast, toast	espdic	worksheet-proposed	freq	2		
salty	salty	5	P5_mid	sal	sala	briny, saline, salty	espdic	worksheet-proposed	freq	2		
sandpit	sandpit	5	P4_nomatch	sabluj	sablujo		kept_original	curated	freq	2		
scoot	scoot	5	P4_nomatch	ŝov	ŝoviĝi	to glide, slide, thrust	espdic	curated	freq	2		
seashell	seashell	5	P4_nomatch	markonk	markonko		kept_original	curated	freq	2		
shave	shave	5	P5_mid	raz	razi	to shave	espdic	worksheet-proposed	freq	2		
shimmer	shimmer	5	P5_mid	lum	lumetadi	to glimmer, shimmer	espdic	curated	freq	2		
smiley	smiley	5	P5_mid	rid	rideta	smiley	kept_original	curated	freq	2		
sneaky	sneaky	5	P4_nomatch	ruz	ruza	artful, crafty, sly, astute, clever, cunning, smart	espdic	curated	freq	2		
sniffle	sniffle	5	P4_nomatch	snuf	snufi	to snuffle	espdic	curated	freq	2		
snowball	snowball	5	P3_compound	neĝbul	neĝbulo	snowball	espdic	worksheet-proposed	freq	2		
squint	squint	5	P5_mid	ferm	duonfermi	to half close (eyes)	espdic	curated	freq	2		
squirt	squirt	5	P5_mid	ŝpruc	elŝpruci	to spurt, squirt	espdic	curated	freq	2		
squish	squish	5	P4_nomatch	prem	dispremi	to crush, squash	espdic	curated	freq	2		
streamer	streamer	5	P5_mid	paperstri	paperstrio	streamer	espdic	worksheet-proposed	freq	2		
syrup	syrup	5	P5_mid	sirop	siropo	syrup	espdic	worksheet-proposed	freq	2		
tingle	tingle	5	P5_mid	vibr	vibreti	to tingle	espdic	curated	freq	2		
townspeople	townspeople	5	P4_nomatch	urban	urbanoj		kept_original	curated	freq	2		
twisty	twisty	5	P5_mid	serpent	serpenta	serpentine, sinuous, snaky, twisty	espdic	worksheet-proposed	freq	2		
unfamiliar	unfamiliar	5	P4_nomatch	kon	nekonata	ulterior, unknown	espdic	curated	freq	2		
untangle	untangle	5	P4_nomatch	implik	malimpliki	to untie, take apart	espdic	curated	freq	2		
wetter	wetter	5	P4_nomatch	sek	malseka	damp, humid, wet	espdic	curated	freq	2		
workman	workman	5	P5_mid	laborist	laboristo	laborer, operative, worker, working man, workman	espdic	worksheet-proposed	freq	2		
angrily	angrily	4	P6_tail	koler	kolere	angrily	espdic	worksheet-proposed	inventory	2		
astonish	astonish	4	P6_tail	mirig	mirigi	to astonish, amaze, surprise	espdic	worksheet-proposed	inventory	2		
bakery	bakery	4	P6_tail	bakej	bakejo	bakery	espdic	worksheet-proposed	inventory	2		
belonging	belonging	4	P6_tail	apartenad	apartenado	belonging	espdic	worksheet-proposed	inventory	2		
bleed	bleed	4	P6_tail	sang	sangi	to bleed	espdic	worksheet-proposed	inventory	2		
bog	bog	4	P6_tail	marĉeg	marĉego	bog	espdic	worksheet-proposed	inventory	2		
bookmark	bookmark	4	P6_tail	legosign	legosigno	bookmark, favorite (Internet Explorer)	espdic	worksheet-proposed	inventory	2		
bubbly	bubbly	4	P6_tail	eferversk	eferverska	bubbly	espdic	worksheet-proposed	inventory	2	rare-anchor	
bud	bud	4	P6_tail	ĝerm	ĝermi	to germinate, shoot, bud	espdic	worksheet-proposed	inventory	2		
bushy	bushy	4	P6_tail	arbed	arbeda	bushy	espdic	worksheet-proposed	inventory	2	rare-anchor	
caution	caution	4	P6_tail	avert	averti	to alert, caution, (fore)warn	espdic	worksheet-proposed	inventory	2		
chatter	chatter	4	P6_tail	klak	klaki	to chatter, clap, click, rattle, flap, slap, smack	espdic	worksheet-proposed	inventory	2		
cheetah	cheetah	4	P6_tail	gepard	gepardo	cheetah	espdic	worksheet-proposed	inventory	2	rare-anchor	
chilly	chilly	4	P6_tail	frisk	friska	chilly	espdic	worksheet-proposed	inventory	2	rare-anchor	
clover	clover	4	P6_tail	trifoli	trifolio	clover, shamrock, trefoil	espdic	worksheet-proposed	inventory	2		
clutch	clutch	4	P6_tail	kapt	kapti	to capture, catch, grapple, trap, ensnare, clutch, grasp, grab	espdic	worksheet-proposed	inventory	2		
compass	compass	4	P6_tail	busol	busolo	compass	espdic	worksheet-proposed	inventory	2	rare-anchor	
compliment	compliment	4	P6_tail	kompliment	komplimenti	to compliment	espdic	worksheet-proposed	inventory	2		
confusion	confusion	4	P6_tail	konfuz	konfuzo	commotion, confusion, muddle	espdic	worksheet-proposed	inventory	2		
cord	cord	4	P6_tail	kabl	kablo	cable, cord	espdic	worksheet-proposed	inventory	2		
cowboy	cowboy	4	P6_tail	gaŭĉ	gaŭĉo	cowboy, gaucho	espdic	worksheet-proposed	inventory	2	rare-anchor	
disappointment	disappointment	4	P6_tail	ĉagren	ĉagreno	annoyance, disappointment, grief, chagrin, worry	espdic	worksheet-proposed	inventory	2		
embarrassment	embarrassment	4	P6_tail	embaras	embaraso	abashment, embarrassment, perplexity, difficult situation, quandary, complication, difficulty	espdic	worksheet-proposed	inventory	2		
energetic	energetic	4	P6_tail	energi	energia	energetic, strenuous	espdic	worksheet-proposed	inventory	2		
flop	flop	4	P6_tail	malsukceseg	malsukcesego	failure, flop	espdic	worksheet-proposed	inventory	2		
foal	foal	4	P6_tail	ĉevalid	ĉevalido	colt, foal, filly	espdic	worksheet-proposed	inventory	2		
fondly	fondly	4	P6_tail	am	ame	fondly, lovingly	espdic	worksheet-proposed	inventory	2	rare-anchor	
foreshadow	foreshadow	4	P6_tail	aŭgur	aŭguri	to augur, forecast, foretell, prophesy, foreshadow, predict	espdic	worksheet-proposed	inventory	2		
gesture	gesture	4	P6_tail	gest	gesti	to gesticulate, gesture	espdic	worksheet-proposed	inventory	2		
grumble	grumble	4	P6_tail	grumbl	grumbli	to growl, grumble	espdic	worksheet-proposed	inventory	2		
guardian	guardian	4	P6_tail	gardant	gardanto	custodian, guard, guardian, watch, warder, keeper	espdic	worksheet-proposed	inventory	2		
handkerchief	handkerchief	4	P6_tail	poŝtuk	poŝtuko	handkerchief, tissue	espdic	worksheet-proposed	inventory	2	rare-anchor	
hedgehog	hedgehog	4	P6_tail	erinac	erinaco	hedgehog	espdic	worksheet-proposed	inventory	2	rare-anchor	
hind	hind	4	P6_tail	post	posta	hind, hindmost, posterior, ulterior	espdic	worksheet-proposed	inventory	2	rare-anchor	
hip	hip	4	P6_tail	koks	kokso	haunch, hip	espdic	worksheet-proposed	seed	2	rare-anchor	
icicle	icicle	4	P6_tail	pendglaci	pendglacio	icicle	espdic	worksheet-proposed	inventory	2		
juggle	juggle	4	P6_tail	ĵongl	ĵongli	to conjure, juggle	espdic	worksheet-proposed	inventory	2		
kit	kit	4	P6_tail	komplet	kompleto	outfit, set, suit, kit	espdic	worksheet-proposed	inventory	2		
maid	maid	4	P6_tail	servistin	servistino	maid, servant	espdic	worksheet-proposed	inventory	2		
miracle	miracle	4	P6_tail	mirakl	miraklo	miracle	espdic	worksheet-proposed	inventory	2	rare-anchor	
mischievous	mischievous	4	P6_tail	blag	blaga	humorous, playful, mischievous	espdic	worksheet-proposed	inventory	2	rare-anchor	
overcome	overcome	4	P6_tail	venk	venki	to conquer, defeat, win over, overcome, vanquish, subdue	espdic	worksheet-proposed	inventory	2		
overhead	overhead	4	P6_tail	aer	aera	aerial, overhead, airborne	espdic	worksheet-proposed	inventory	2		
peak	peak	4	P6_tail	pint	pinto	peak, point, tip, summit, ridge, vertex	espdic	worksheet-proposed	inventory	2		
peep	peep	4	P6_tail	pep	pepi	to chirp, peep, twitter, warble, beep	espdic	worksheet-proposed	inventory	2		
playroom	playroom	4	P6_tail	ludĉambr	ludĉambro	playroom	espdic	worksheet-proposed	inventory	2		
pod	pod	4	P6_tail	guŝ	guŝo	husk, pod	espdic	worksheet-proposed	inventory	2	rare-anchor	
polar	polar	4	P6_tail	polar	polara	polar	espdic	worksheet-proposed	inventory	2		
raincoat	raincoat	4	P6_tail	pluvmantel	pluvmantelo	raincoat	espdic	worksheet-proposed	inventory	2		
rejoice	rejoice	4	P6_tail	ĝoj	ĝoji	to be glad, enjoy, rejoice	espdic	worksheet-proposed	inventory	2		
roam	roam	4	P6_tail	vag	vagi	to drift, loiter, prowl, ramble, roam, wander, meander, stray	espdic	worksheet-proposed	inventory	2		
robber	robber	4	P6_tail	rabist	rabisto	brigand, highwayman, robber	espdic	worksheet-proposed	inventory	2		
rooster	rooster	4	P6_tail	kok	koko	chicken, fowl, cock, rooster	espdic	worksheet-proposed	seed	1		
ruffle	ruffle	4	P6_tail	krisp	krispo	frill, ruffle, frilled collar	espdic	worksheet-proposed	inventory	2		
scramble	scramble	4	P6_tail	miks	miksi	to blend, mingle, mix, shuffle, scramble	espdic	worksheet-proposed	inventory	2		
scribble	scribble	4	P6_tail	skribaĉ	skribaĉi	to scribble, scrawl	espdic	worksheet-proposed	inventory	2		
smash	smash	4	P6_tail	disbat	disbati	to dash to pieces, knock down, smash	espdic	worksheet-proposed	inventory	2		
sob	sob	4	P6_tail	ploreg	ploregi	to bewail, sob, mourn, wail	espdic	worksheet-proposed	inventory	2		
soften	soften	4	P6_tail	mildig	mildigi	to soften, alleviate	espdic	worksheet-proposed	inventory	2		
sprout	sprout	4	P6_tail	ŝos	ŝosi	to sprout	espdic	worksheet-proposed	inventory	2	rare-anchor	
squawk	squawk	4	P6_tail	kvak	kvako	croak, honk, squawk	espdic	worksheet-proposed	inventory	2		
stern	stern	4	P6_tail	pob	pobo	poop(deck), stern	espdic	worksheet-proposed	inventory	2	rare-anchor	
stormy	stormy	4	P6_tail	ŝtorm	ŝtorma	stormy	espdic	worksheet-proposed	inventory	2	rare-anchor	
strum	strum	4	P6_tail	fuŝlud	fuŝludi	to strum	espdic	worksheet-proposed	inventory	2		
swimsuit	swimsuit	4	P6_tail	bankalson	bankalsono	bathing suit, swimming trunks, swimsuit	espdic	worksheet-proposed	inventory	2		
tablecloth	tablecloth	4	P6_tail	tablotuk	tablotuko	tablecloth	espdic	worksheet-proposed	inventory	2		
tempt	tempt	4	P6_tail	tent	tenti	to entice, induce, tempt	espdic	worksheet-proposed	inventory	2		
timer	timer	4	P6_tail	horloĝ	horloĝo	clock, watch, timepiece	espdic	worksheet-proposed	inventory	2		
toss	toss	4	P6_tail	sku	skui	to agitate, shake, shock, toss	espdic	worksheet-proposed	inventory	2		
trot	trot	4	P6_tail	trot	troti	to trot	espdic	worksheet-proposed	inventory	2		
underwater	underwater	4	P6_tail	subakv	subakva	underwater	espdic	worksheet-proposed	inventory	2		
unkind	unkind	4	P6_tail	malafabl	malafabla	blunt, brutal, gruff, harsh, rough, sour, surly, unkind, unpleasant, rude	espdic	worksheet-proposed	inventory	2		
unload	unload	4	P6_tail	deŝarĝ	deŝarĝi	to unload, discharge	espdic	worksheet-proposed	inventory	2	rare-anchor	
unripe	unripe	4	P6_tail	nematur	nematura	immature, unripe, not ripe	espdic	worksheet-proposed	inventory	2	rare-anchor	
vanilla	vanilla	4	P6_tail	vanil	vanilo	vanilla	espdic	worksheet-proposed	inventory	2		
vessel	vessel	4	P6_tail	uj	ujo	bin, container, box, vessel	espdic	worksheet-proposed	inventory	2	rare-anchor	
wad	wad	4	P6_tail	bul	bulo	ball, chunk, clod, hunk, lump, wad, bullet	espdic	worksheet-proposed	inventory	2		
wax	wax	4	P6_tail	cir	ciro	polish, wax	espdic	worksheet-proposed	inventory	2		
whiz	whiz	4	P6_tail	sibl	siblo	whiz	espdic	worksheet-proposed	inventory	2		
wrist	wrist	4	P6_tail	pojn	pojno	wrist	espdic	worksheet-proposed	seed	2	rare-anchor	
abc	abc	3	P6_tail	aboc	aboco	ABC, alphabet, basics, fundamentals, primer, rudiments	espdic	worksheet-proposed	inventory	2	rare-anchor	
abracadabra	abracadabra	3	P6_tail	abrakadabr	abrakadabro	abracadabra	espdic	worksheet-proposed	inventory	2	rare-anchor	
ache	ache	3	P6_tail	dolor	dolori	to ache, be painful, hurt	espdic	worksheet-proposed	inventory	2		
alongside	alongside	3	P6_tail	ŝipflank	ŝipflanke	alongside (a ship)	espdic	worksheet-proposed	inventory	2		
aroma	aroma	3	P6_tail	arom	aromo	aroma, flavor, fragrance, smell	espdic	worksheet-proposed	inventory	2		
balanced	balanced	3	P6_tail	bilancit	bilancita	balanced	espdic	worksheet-proposed	inventory	2		
bellow	bellow	3	P6_tail	muĝ	muĝi	to bellow, howl, roar, low, moo, roar	espdic	worksheet-proposed	inventory	2		
blade	blade	3	P6_tail	kulm	kulmo	blade, stalk	espdic	worksheet-proposed	inventory	2	rare-anchor	
blast	blast	3	P6_tail	bloveg	blovego	blast	espdic	worksheet-proposed	inventory	2		
bookshelf	bookshelf	3	P6_tail	librobret	librobreto	bookshelf	espdic	worksheet-proposed	inventory	2		
boost	boost	3	P6_tail	suprenig	suprenigi	to boost	espdic	worksheet-proposed	inventory	2		
booth	booth	3	P6_tail	bud	budo	barn, shed, stand, stall, hut, booth, cabana, kiosk	espdic	worksheet-proposed	inventory	2		
bridle	bridle	3	P6_tail	brid	bridi	to bridle, check, restrain	espdic	worksheet-proposed	inventory	2		
brilliantly	brilliantly	3	P6_tail	bril	brile	brightly, brilliantly	espdic	worksheet-proposed	inventory	2		
burger	burger	3	P6_tail	burger	burgero	burger	espdic	worksheet-proposed	inventory	2		
buzzer	buzzer	3	P6_tail	zumil	zumilo	buzzer	espdic	worksheet-proposed	inventory	2		
calf	calf	3	P6_tail	sur	suro	calf	espdic	worksheet-proposed	inventory	2	rare-anchor	
catcher	catcher	3	P6_tail	kaptant	kaptanto	catcher	espdic	worksheet-proposed	inventory	2		
cherish	cherish	3	P6_tail	am	ami	to love, cherish	espdic	worksheet-proposed	inventory	2	rare-anchor	
chime	chime	3	P6_tail	sonoret	sonoreti	to chime, clank	espdic	worksheet-proposed	inventory	2		
chunk	chunk	3	P6_tail	bul	bulo	ball, chunk, clod, hunk, lump, wad, bullet	espdic	worksheet-proposed	inventory	2		
classmate	classmate	3	P6_tail	koleg	kolego	associate, classmate, coworker, colleague, companion, comrade, schoolmate	espdic	worksheet-proposed	inventory	2		
cloudy	cloudy	3	P6_tail	nub	nuba	cloudy, overcast, gloomy, obscure, unclear	espdic	worksheet-proposed	inventory	2		
coconut	coconut	3	P6_tail	kokos	kokoso	coconut	espdic	worksheet-proposed	inventory	2		
companion	companion	3	P6_tail	koleg	kolego	associate, classmate, coworker, colleague, companion, comrade, schoolmate	espdic	worksheet-proposed	inventory	2		
congratulate	congratulate	3	P6_tail	gratul	gratuli	to felicitate, congratulate	espdic	worksheet-proposed	inventory	2		
cooperate	cooperate	3	P6_tail	kunag	kunagi	to cooperate	espdic	worksheet-proposed	inventory	2	rare-anchor	
creak	creak	3	P6_tail	knar	knari	to creak, screech, grate, grind, scratch, squeak, scrape	espdic	worksheet-proposed	inventory	2		
crouch	crouch	3	P6_tail	kaŭr	kaŭri	to cower, crouch, squat, lurk	espdic	worksheet-proposed	inventory	2		
cuddly	cuddly	3	P6_tail	karesem	karesema	affectionate, caressing, cuddlesome, cuddly	espdic	worksheet-proposed	inventory	2		
dart	dart	3	P6_tail	sag	sagi	to dart	espdic	worksheet-proposed	inventory	2		
dash	dash	3	P6_tail	ireg	iregi	to dash, to rush	espdic	worksheet-proposed	inventory	2	rare-anchor	
dial	dial	3	P6_tail	disk	diski	to dial (telephone)	espdic	worksheet-proposed	inventory	2		
dock	dock	3	P6_tail	dok	doko	dock, dockyard, docking station, cradle	espdic	worksheet-proposed	inventory	2		
encouraging	encouraging	3	P6_tail	esperig	esperiga	encouraging, hopeful, promising	espdic	worksheet-proposed	inventory	2		
english	english	3	P6_tail	angl	angla	English	espdic	worksheet-proposed	inventory	2		
faint	faint	3	P6_tail	sven	sveni	to faint, swoon	espdic	worksheet-proposed	inventory	2		
flicker	flicker	3	P6_tail	flagr	flagri	to flare, flare up, flicker	espdic	worksheet-proposed	inventory	2		
frosty	frosty	3	P6_tail	frost	frosta	freezing, frosty, raw, chilly	espdic	worksheet-proposed	inventory	2		
gallop	gallop	3	P6_tail	galop	galopi	to gallop	espdic	worksheet-proposed	inventory	2		
gardener	gardener	3	P6_tail	ĝardenist	ĝardenisto	gardener, groundskeeper, landscaper	espdic	worksheet-proposed	inventory	2		
glance	glance	3	P6_tail	ekrigard	ekrigardi	to glance (at)	espdic	worksheet-proposed	inventory	2		
glare	glare	3	P6_tail	brileg	brilego	flare, glare	espdic	worksheet-proposed	inventory	2		
goodness	goodness	3	P6_tail	bonec	boneco	excellence, goodness, kindness	espdic	worksheet-proposed	inventory	2		
grasp	grasp	3	P6_tail	ten	teno	grasp, grip, hold	espdic	worksheet-proposed	inventory	2		
grip	grip	3	P6_tail	ten	teno	grasp, grip, hold	espdic	worksheet-proposed	inventory	2		
harmony	harmony	3	P6_tail	harmoni	harmonio	harmony	espdic	worksheet-proposed	inventory	2		
homeless	homeless	3	P6_tail	sendom	sendoma	homeless	espdic	worksheet-proposed	inventory	2		
hoof	hoof	3	P6_tail	huf	hufo	hoof	espdic	worksheet-proposed	inventory	2		
hoot	hoot	3	P6_tail	hu	hui	to boo, hoot	espdic	worksheet-proposed	inventory	2	rare-anchor	
illuminate	illuminate	3	P6_tail	lumig	lumigi	to illuminate, light	espdic	worksheet-proposed	inventory	2		
joyful	joyful	3	P6_tail	ĝoj	ĝoja	happy, glad, joyful, joyous	espdic	worksheet-proposed	inventory	2		
keen	keen	3	P6_tail	akr	akra	abrasive, acrimonious, acute, lurid, sharp, keen, poignant	espdic	worksheet-proposed	inventory	2		
leafy	leafy	3	P6_tail	folriĉ	folriĉa	leafy, rich in leaves	espdic	worksheet-proposed	inventory	2	rare-anchor	
lioness	lioness	3	P6_tail	leonin	leonino	lioness	espdic	worksheet-proposed	inventory	2		
loneliness	loneliness	3	P6_tail	solec	soleco	loneliness, seclusion, solitude	espdic	worksheet-proposed	inventory	2		
maker	maker	3	P6_tail	farint	farinto	maker	espdic	worksheet-proposed	inventory	2		
muster	muster	3	P6_tail	kunvenig	kunvenigi	to muster, take along	espdic	worksheet-proposed	inventory	2		
nuzzle	nuzzle	3	P6_tail	nazum	nazumi	to nuzzle	espdic	worksheet-proposed	inventory	2		
obediently	obediently	3	P6_tail	obe	obee	obediently	espdic	worksheet-proposed	inventory	2		
obstacle	obstacle	3	P6_tail	bar	baro	bar, barrier, impediment, obstacle, obstruction, bound	espdic	worksheet-proposed	inventory	2		
parcel	parcel	3	P6_tail	pak	pako	pack, parcel, package	espdic	worksheet-proposed	inventory	2		
persistence	persistence	3	P6_tail	senĉesec	senĉeseco	persistence	espdic	worksheet-proposed	inventory	2		
pony	pony	3	P6_tail	pone	poneo	pony	espdic	worksheet-proposed	inventory	2	rare-anchor	
porridge	porridge	3	P6_tail	kaĉ	kaĉo	gruel, mess, mush, porridge, puree, slush, hodge-podge	espdic	worksheet-proposed	inventory	2		
pouch	pouch	3	P6_tail	krop	kropo	craw, crop, goiter, gullet, pouch	espdic	worksheet-proposed	inventory	2	rare-anchor	
protector	protector	3	P6_tail	zorgant	zorganto	caretaker, guardian, protector	espdic	worksheet-proposed	inventory	2		
pry	pry	3	P6_tail	rigardet	rigardeti	to peep, pry, take a look at, have a glance at	espdic	worksheet-proposed	inventory	2		
reappear	reappear	3	P6_tail	reaper	reaperi	to reappear	espdic	worksheet-proposed	inventory	2		
reflection	reflection	3	P6_tail	rebild	rebildo	reflection, reflected image	espdic	worksheet-proposed	inventory	2		
relic	relic	3	P6_tail	relikv	relikvo	relic	espdic	worksheet-proposed	inventory	2		
resume	resume	3	P6_tail	daŭrig	daŭrigi	to continue, carry on, go on, proceed with, perpetuate, resume, continue, prolong	espdic	worksheet-proposed	inventory	2		
riverbank	riverbank	3	P6_tail	riverbord	riverbordo	riverbank	espdic	worksheet-proposed	inventory	2		
rosy	rosy	3	P6_tail	roz	roza	pink, rosy	espdic	worksheet-proposed	inventory	2		
rumor	rumor	3	P6_tail	fam	famo	fame, hearsay, renown, repute, rumor, reputation	espdic	worksheet-proposed	inventory	2		
scowl	scowl	3	P6_tail	sulkegiĝ	sulkegiĝi	to scowl	espdic	worksheet-proposed	inventory	2		
seahorse	seahorse	3	P6_tail	hipokamp	hipokampo	seahorse	espdic	worksheet-proposed	inventory	2	rare-anchor	
seesaw	seesaw	3	P6_tail	baskul	baskulo	seesaw, teeter-totter, lever, toggle, trigger, weighing machine	espdic	worksheet-proposed	inventory	2		
sensation	sensation	3	P6_tail	sent	sento	feel, feeling, sensation, perception, sentiment	espdic	worksheet-proposed	inventory	2		
shortly	shortly	3	P6_tail	fru	frue	early, shortly, soon	espdic	worksheet-proposed	inventory	2		
shuffle	shuffle	3	P6_tail	miks	miksi	to blend, mingle, mix, shuffle, scramble	espdic	worksheet-proposed	inventory	2		
sparrow	sparrow	3	P6_tail	paser	pasero	sparrow	espdic	worksheet-proposed	inventory	2		
spat	spat	3	P6_tail	gamaŝet	gamaŝeto	spat	espdic	worksheet-proposed	inventory	2		
squeak	squeak	3	P6_tail	knar	knari	to creak, screech, grate, grind, scratch, squeak, scrape	espdic	worksheet-proposed	inventory	2		
stain	stain	3	P6_tail	makul	makuli	to soil, spot, stain	espdic	worksheet-proposed	inventory	2		
stall	stall	3	P6_tail	bud	budo	barn, shed, stand, stall, hut, booth, cabana, kiosk	espdic	worksheet-proposed	inventory	2		
steer	steer	3	P6_tail	stir	stiri	to drive, fly, steer, control	espdic	worksheet-proposed	inventory	2		
stubbornness	stubbornness	3	P6_tail	obstin	obstino	obstinacy, stubbornness	espdic	worksheet-proposed	inventory	2		
sturdy	sturdy	3	P6_tail	hard	harda	hardy, sturdy	espdic	worksheet-proposed	inventory	2		
surfboard	surfboard	3	P6_tail	surftabul	surftabulo	surfboard	espdic	worksheet-proposed	inventory	2	rare-anchor	
teapot	teapot	3	P6_tail	teuj	teujo	teapot, tea caddy, tea canister	espdic	worksheet-proposed	inventory	2	rare-anchor	
temptation	temptation	3	P6_tail	tent	tento	temptation	espdic	worksheet-proposed	inventory	2		
tournament	tournament	3	P6_tail	turnir	turniro	tournament	espdic	worksheet-proposed	inventory	2		
trusty	trusty	3	P6_tail	fidel	fidela	accurate, exact, faithful, loyal, staunch, trusty, trustworthy	espdic	worksheet-proposed	inventory	2		
unicorn	unicorn	3	P6_tail	unikorn	unikorno	unicorn	espdic	worksheet-proposed	inventory	2		
unwell	unwell	3	P6_tail	malsan	malsana	ill, sick, unhealthy, unwell, unwholesome	espdic	worksheet-proposed	inventory	2		
useless	useless	3	P6_tail	van	vana	abortive, futile, useless, vain, fruitless, ineffectual	espdic	worksheet-proposed	inventory	2		
waddle	waddle	3	P6_tail	anasir	anasiri	to waddle	espdic	worksheet-proposed	inventory	2	rare-anchor	
wobbly	wobbly	3	P6_tail	nestarem	nestarema	shaky, rickety, wobbly, loose	espdic	worksheet-proposed	inventory	2		
workshop	workshop	3	P6_tail	metiej	metiejo	jobsite, workplace, workshop	espdic	worksheet-proposed	inventory	2		
wrinkle	wrinkle	3	P6_tail	ĉif	ĉifi	to crease, crumble, crumple, rumple, wrinkle	espdic	worksheet-proposed	inventory	2		
accurately	accurately	2	P6_tail	traf	trafe	accurately, appropriately, graphically, relevant, on target, apt, to the point	espdic	worksheet-proposed	inventory	2		
acrobat	acrobat	2	P6_tail	akrobat	akrobato	acrobat	espdic	worksheet-proposed	inventory	2		
alas	alas	2	P6_tail	bedaŭrind	bedaŭrinde	alas, regrettably, unfortunately	espdic	worksheet-proposed	inventory	2		
amuse	amuse	2	P6_tail	amuz	amuzi	to amuse, divert, entertain, unbend, relax	espdic	worksheet-proposed	inventory	2		
anxiously	anxiously	2	P6_tail	anksi	anksie	anxiously	espdic	worksheet-proposed	inventory	2		
appetite	appetite	2	P6_tail	apetit	apetito	appetite	espdic	worksheet-proposed	inventory	2		
arch	arch	2	P6_tail	ark	arki	to arch	espdic	worksheet-proposed	inventory	2		
artwork	artwork	2	P6_tail	artaĵ	artaĵoj	artwork	espdic	worksheet-proposed	inventory	2		
astound	astound	2	P6_tail	mireg	miregi	to astound, be stupefied	espdic	worksheet-proposed	inventory	2		
awkward	awkward	2	P6_tail	plump	plumpa	awkward, lumpish, plump, ungainly	espdic	worksheet-proposed	inventory	2	rare-anchor	
baa	baa	2	P6_tail	be	bei	to baa, bleat	espdic	worksheet-proposed	inventory	2	rare-anchor	
ballerina	ballerina	2	P6_tail	baletistin	baletistino	ballerina, ballet dancer, ballet girl	espdic	worksheet-proposed	inventory	2		
basin	basin	2	P6_tail	pelv	pelvo	basin, bowl, pelvis	espdic	worksheet-proposed	inventory	2	rare-anchor	
beautifully	beautifully	2	P6_tail	bel	bele	beautifully	espdic	worksheet-proposed	inventory	2		
bid	bid	2	P6_tail	pet	peti	to ask (for), request, seek, bid, beg	espdic	worksheet-proposed	inventory	2		
binocular	binocular	2	P6_tail	duokul	duokula	binocular	espdic	worksheet-proposed	inventory	2		
blend	blend	2	P6_tail	miks	miksi	to blend, mingle, mix, shuffle, scramble	espdic	worksheet-proposed	inventory	2		
bless	bless	2	P6_tail	ben	beni	to bless	espdic	worksheet-proposed	inventory	2		
blonde	blonde	2	P6_tail	blondulin	blondulino	blonde (woman)	espdic	worksheet-proposed	inventory	2		
blossom	blossom	2	P6_tail	flor	flori	to bloom, blossom, flower	espdic	worksheet-proposed	inventory	2		
blur	blur	2	P6_tail	malklariĝ	malklariĝi	to blur, fade	espdic	worksheet-proposed	inventory	2		
blush	blush	2	P6_tail	roziĝ	roziĝi	to become rosy, blush	espdic	worksheet-proposed	inventory	2		
boundary	boundary	2	P6_tail	lim	limo	bound, boundary, frontier, limit	espdic	worksheet-proposed	inventory	2		
bristle	bristle	2	P6_tail	arist	aristo	arista, awn, beard, bristle	espdic	worksheet-proposed	inventory	2	rare-anchor	
bruise	bruise	2	P6_tail	bataĵ	bataĵo	black-and-blue mark, bruise	espdic	worksheet-proposed	inventory	2		
bundle	bundle	2	P6_tail	fask	fasko	bunch, bundle, cluster, sheaf	espdic	worksheet-proposed	inventory	2	rare-anchor	
buttery	buttery	2	P6_tail	buter	butera	buttery, buttered	espdic	worksheet-proposed	inventory	2		
canyon	canyon	2	P6_tail	kanjon	kanjono	canyon	espdic	worksheet-proposed	inventory	2		
carelessly	carelessly	2	P6_tail	malzorg	malzorge	carelessly	espdic	worksheet-proposed	inventory	2		
carve	carve	2	P6_tail	ĉiz	ĉizi	to carve, chisel	espdic	worksheet-proposed	inventory	2	rare-anchor	
cautious	cautious	2	P6_tail	evitem	evitema	cautious, evasive, noncommittal, oblique	espdic	worksheet-proposed	inventory	2		
chainsaw	chainsaw	2	P6_tail	ĉensegil	ĉensegilo	chainsaw	espdic	worksheet-proposed	inventory	2		
chaos	chaos	2	P6_tail	kaos	kaoso	chaos, tangle	espdic	worksheet-proposed	inventory	2		
cheerfully	cheerfully	2	P6_tail	gaj	gaje	cheerfully, happily, gaily	espdic	worksheet-proposed	inventory	2		
chill	chill	2	P6_tail	malvarm	malvarmo	chill, cold	espdic	worksheet-proposed	inventory	2		
christmas	christmas	2	P6_tail	kristnask	kristnaska	Christmas, of Christmas, Christmas-time	espdic	worksheet-proposed	inventory	2	rare-anchor	
cinema	cinema	2	P6_tail	kin	kino	cinema, cinematography	espdic	worksheet-proposed	inventory	2		
claw	claw	2	P6_tail	krif	krifo	claw, talon	espdic	worksheet-proposed	inventory	2	rare-anchor	
clipper	clipper	2	P6_tail	tondist	tondisto	clipper	espdic	worksheet-proposed	inventory	2		
cob	cob	2	P6_tail	maizospadik	maizospadiko	cob	espdic	worksheet-proposed	inventory	2	rare-anchor	
cobra	cobra	2	P6_tail	kobr	kobro	cobra	espdic	worksheet-proposed	inventory	2	rare-anchor	
cooperation	cooperation	2	P6_tail	kooperad	kooperado	cooperation	espdic	worksheet-proposed	inventory	2		
courageous	courageous	2	P6_tail	kuraĝ	kuraĝa	audacious, bold, brave, courageous, valiant, daring, fearless, intrepid	espdic	worksheet-proposed	inventory	2		
courtier	courtier	2	P6_tail	kortegan	kortegano	courtier	espdic	worksheet-proposed	inventory	2		
crackle	crackle	2	P6_tail	kraket	kraketi	to crackle, pop, snap, rattle (a toy)	espdic	worksheet-proposed	inventory	2		
crocodile	crocodile	2	P6_tail	krokodil	krokodilo	crocodile	espdic	worksheet-proposed	inventory	2	rare-anchor	
crumble	crumble	2	P6_tail	ĉif	ĉifi	to crease, crumble, crumple, rumple, wrinkle	espdic	worksheet-proposed	inventory	2		
daffodil	daffodil	2	P6_tail	narcis	narciso	daffodil, narcissus	espdic	worksheet-proposed	inventory	2		
dandelion	dandelion	2	P6_tail	leontod	leontodo	dandelion	espdic	worksheet-proposed	inventory	2	rare-anchor	
daydream	daydream	2	P6_tail	rev	revi	to dream, daydream, fancy, muse	espdic	worksheet-proposed	inventory	2		
desperately	desperately	2	P6_tail	kriz	krize	critically, desperately	espdic	worksheet-proposed	inventory	2	rare-anchor	
disbelief	disbelief	2	P6_tail	nekredem	nekredemo	disbelief, lack of faith	espdic	worksheet-proposed	inventory	2	rare-anchor	
discourage	discourage	2	P6_tail	fortimig	fortimigi	to deter, discourage, scare (away)	espdic	worksheet-proposed	inventory	2		
disobey	disobey	2	P6_tail	malobe	malobei	to disobey	espdic	worksheet-proposed	inventory	2		
drown	drown	2	P6_tail	dron	droni	to drown, sink	espdic	worksheet-proposed	inventory	2		
dryer	dryer	2	P6_tail	sekigil	sekigilo	dryer	espdic	worksheet-proposed	inventory	2		
earring	earring	2	P6_tail	orelring	orelringo	earring	espdic	worksheet-proposed	inventory	2		
fascination	fascination	2	P6_tail	ensorĉ	ensorĉo	bewitchment, delusion, spell, enchantment, fascination	espdic	worksheet-proposed	inventory	2		
fate	fate	2	P6_tail	fat	fato	destiny, fate, ill fate, fortune	espdic	worksheet-proposed	inventory	2	rare-anchor	
flip	flip	2	P6_tail	renvers	renversi	to overthrow, turn, turn over, overturn, upset, reverse, flip	espdic	worksheet-proposed	inventory	2		
fluff	fluff	2	P6_tail	lanug	lanugo	down, fluff, nap	espdic	worksheet-proposed	inventory	2	rare-anchor	
foam	foam	2	P6_tail	ŝaum	ŝaumo	foam, froth	espdic	worksheet-proposed	inventory	2	rare-anchor	
fond	fond	2	P6_tail	am	ama	fond	espdic	worksheet-proposed	inventory	2	rare-anchor	
forehead	forehead	2	P6_tail	frunt	frunto	brow, forehead	espdic	worksheet-proposed	seed	2		
forgiveness	forgiveness	2	P6_tail	pardon	pardono	absolution, pardon, forgiveness	espdic	worksheet-proposed	inventory	2		
fragrance	fragrance	2	P6_tail	arom	aromo	aroma, flavor, fragrance, smell	espdic	worksheet-proposed	inventory	2		
fright	fright	2	P6_tail	tim	timo	fear, fright, dread, apprehension	espdic	worksheet-proposed	inventory	2		
frisbee	frisbee	2	P6_tail	ĵetdisk	ĵetdisko	disc, discus, disk, Frisbee	espdic	worksheet-proposed	inventory	2		
frustration	frustration	2	P6_tail	frustr	frustro	frustration	espdic	worksheet-proposed	inventory	2	rare-anchor	
fulfill	fulfill	2	P6_tail	verig	verigi	to authenticate, verify, meet, satisfy, fulfill	espdic	worksheet-proposed	inventory	2		
gadget	gadget	2	P6_tail	akcesoraĵ	akcesoraĵo	accessory, side issue, gadget	espdic	worksheet-proposed	inventory	2		
generosity	generosity	2	P6_tail	sindon	sindono	attachment, devotion, generosity, helpfulness, selflessness, self-sacrifice	espdic	worksheet-proposed	inventory	2		
gigantic	gigantic	2	P6_tail	gigant	giganta	gigantic, huge, giant	espdic	worksheet-proposed	inventory	2	rare-anchor	
gleam	gleam	2	P6_tail	glim	glimi	to gleam	espdic	worksheet-proposed	inventory	2	rare-anchor	
glide	glide	2	P6_tail	glis	glisi	to glide, plane	espdic	worksheet-proposed	inventory	2		
glossy	glossy	2	P6_tail	glace	glacea	glossy	espdic	worksheet-proposed	inventory	2		
golfer	golfer	2	P6_tail	golfludant	golfludanto	golfer	espdic	worksheet-proposed	inventory	2		
grease	grease	2	P6_tail	gras	grasi	to grease	espdic	worksheet-proposed	inventory	2		
groan	groan	2	P6_tail	ĝem	ĝemi	to groan, moan	espdic	worksheet-proposed	inventory	2		
gut	gut	2	P6_tail	senintestig	senintestigi	to gut	espdic	worksheet-proposed	inventory	2		
hairdresser	hairdresser	2	P6_tail	frizist	frizisto	barber, hairdresser, hair stylist	espdic	worksheet-proposed	inventory	2		
heartbeat	heartbeat	2	P6_tail	korbat	korbato	heartbeat	espdic	worksheet-proposed	inventory	2		
hearty	hearty	2	P6_tail	kor	kora	cardiac, cordial, hearty, warm	espdic	worksheet-proposed	inventory	2		
heavenly	heavenly	2	P6_tail	ĉiel	ĉiela	celestial, heavenly	espdic	worksheet-proposed	inventory	2	rare-anchor	
hesitation	hesitation	2	P6_tail	hezit	hezito	hesitation	espdic	worksheet-proposed	inventory	2		
honesty	honesty	2	P6_tail	honest	honesto	honesty	espdic	worksheet-proposed	inventory	2		
hurriedly	hurriedly	2	P6_tail	hast	haste	hastily, hurriedly, in a hurry	espdic	worksheet-proposed	inventory	2		
impatiently	impatiently	2	P6_tail	malpacienc	malpacience	impatiently	espdic	worksheet-proposed	inventory	2		
inseparable	inseparable	2	P6_tail	sendisiĝ	sendisiĝa	inseparable	espdic	worksheet-proposed	inventory	2		
insistent	insistent	2	P6_tail	insist	insista	emphatic, insistent	espdic	worksheet-proposed	inventory	2		
jingle	jingle	2	P6_tail	tint	tinti	to chink, clink, jingle, tinkle	espdic	worksheet-proposed	inventory	2		
lace	lace	2	P6_tail	laĉ	laĉi	to lace	espdic	worksheet-proposed	inventory	2	rare-anchor	
lamb	lamb	2	P6_tail	ŝafid	ŝafida	lamb, of lamb	espdic	worksheet-proposed	inventory	2		
learner	learner	2	P6_tail	lernantin	lernantino	learner, student, pupil	espdic	worksheet-proposed	inventory	2		
librarian	librarian	2	P6_tail	bibliotekist	bibliotekisto	librarian	espdic	worksheet-proposed	inventory	2		
lightly	lightly	2	P6_tail	leĝer	leĝere	lightly	espdic	worksheet-proposed	inventory	2		
lookout	lookout	2	P6_tail	gvat	gvato	watch, lookout	espdic	worksheet-proposed	inventory	2		
lovingly	lovingly	2	P6_tail	am	ame	fondly, lovingly	espdic	worksheet-proposed	inventory	2	rare-anchor	
lullaby	lullaby	2	P6_tail	lulkant	lulkanto	lullaby	espdic	worksheet-proposed	inventory	2		
mango	mango	2	P6_tail	mang	mango	mango	espdic	worksheet-proposed	inventory	2		
mast	mast	2	P6_tail	mast	masto	mast	espdic	worksheet-proposed	inventory	2		
merry	merry	2	P6_tail	gaj	gaja	cheerful, gay, merry, happy	espdic	worksheet-proposed	inventory	2		
misbehave	misbehave	2	P6_tail	malbonkondut	malbonkonduti	to misbehave, misconduct	espdic	worksheet-proposed	inventory	2		
moonlight	moonlight	2	P6_tail	lunlum	lunlumo	moonlight	espdic	worksheet-proposed	inventory	2	rare-anchor	
mural	mural	2	P6_tail	murpentraĵ	murpentraĵo	mural, mural painting, wall painting	espdic	worksheet-proposed	inventory	2		
murky	murky	2	P6_tail	malhel	malhela	bleak, dark, dismal, dreary, dusky, obscure, somber, murky, dull	espdic	worksheet-proposed	inventory	2		
musty	musty	2	P6_tail	mucid	mucida	foul, moldy, musty	espdic	worksheet-proposed	inventory	2	rare-anchor	
nestle	nestle	2	P6_tail	kuŝiĝet	kuŝiĝeti	to nestle	espdic	worksheet-proposed	inventory	2		
nook	nook	2	P6_tail	niĉ	niĉo	niche, nook	espdic	worksheet-proposed	inventory	2	rare-anchor	
oblige	oblige	2	P6_tail	devig	devigi	to compel, force, coerce, oblige	espdic	worksheet-proposed	inventory	2		
pad	pad	2	P6_tail	puf	pufo	padding, puff, swelling, stuffing, wad, pad	espdic	worksheet-proposed	inventory	2		
pail	pail	2	P6_tail	sitel	sitelo	bucket, pail	espdic	worksheet-proposed	inventory	2		
pant	pant	2	P6_tail	anhel	anheli	to be out of breath, pant, hyperventilate	espdic	worksheet-proposed	inventory	2	rare-anchor	
peacefulness	peacefulness	2	P6_tail	trankvil	trankvilo	tranquility, calmness, peacefulness	espdic	worksheet-proposed	inventory	2		
peacock	peacock	2	P6_tail	pav	pavo	peacock	espdic	worksheet-proposed	inventory	2	rare-anchor	
persuasive	persuasive	2	P6_tail	kredig	krediga	convincing, persuasive	espdic	worksheet-proposed	inventory	2		
pickle	pickle	2	P6_tail	pekl	pekli	to pickle (in salt)	espdic	worksheet-proposed	inventory	2		
pity	pity	2	P6_tail	domaĝ	domaĝo	pity, something regrettable	espdic	worksheet-proposed	inventory	2	rare-anchor	
plaster	plaster	2	P6_tail	gips	gipsi	to plaster	espdic	worksheet-proposed	inventory	2	rare-anchor	
ponder	ponder	2	P6_tail	remaĉ	remaĉi	to chew the cud, ponder, reflect on, ruminate	espdic	worksheet-proposed	inventory	2		
pounce	pounce	2	P6_tail	alsalt	alsalti	to pounce	espdic	worksheet-proposed	inventory	2		
prance	prance	2	P6_tail	pranc	pranci	to balk, buck, prance, rear	espdic	worksheet-proposed	inventory	2	rare-anchor	
quicken	quicken	2	P6_tail	vivig	vivigi	to animate, invigorate, quicken	espdic	worksheet-proposed	inventory	2		
quiver	quiver	2	P6_tail	trem	tremi	to quiver, shiver, tremble, shake, tremble	espdic	worksheet-proposed	inventory	2		
rack	rack	2	P6_tail	rak	rako	rack	espdic	worksheet-proposed	inventory	2		
reassuringly	reassuringly	2	P6_tail	trankvilig	trankvilige	reassuringly	espdic	worksheet-proposed	inventory	2		
rebuild	rebuild	2	P6_tail	refar	refari	to redo, remake, regenerate, restore, rebuild	espdic	worksheet-proposed	inventory	2		
receptionist	receptionist	2	P6_tail	akceptist	akceptisto	receptionist	espdic	worksheet-proposed	inventory	2		
recess	recess	2	P6_tail	paŭz	paŭzo	break, intermission, pause, recess, interval, rest, stop	espdic	worksheet-proposed	inventory	2		
reckless	reckless	2	P6_tail	senzorg	senzorga	careless, neglectful, reckless, remiss	espdic	worksheet-proposed	inventory	2		
reflective	reflective	2	P6_tail	rebril	rebrila	reflective	espdic	worksheet-proposed	inventory	2		
repairman	repairman	2	P6_tail	riparist	riparisto	repairman	espdic	worksheet-proposed	inventory	2		
responsibly	responsibly	2	P6_tail	respondec	respondece	responsibly	espdic	worksheet-proposed	inventory	2		
ritual	ritual	2	P6_tail	rit	rita	ritual, ritualistic	espdic	worksheet-proposed	inventory	2		
rotten	rotten	2	P6_tail	aĉ	aĉa	lousy, rotten, poor in quality, ugly, wretched, no good	espdic	worksheet-proposed	inventory	2	rare-anchor	
scenery	scenery	2	P6_tail	pejzaĝ	pejzaĝo	landscape, scenery	espdic	worksheet-proposed	inventory	2		
scratchy	scratchy	2	P6_tail	gratec	grateca	scratchy	espdic	worksheet-proposed	inventory	2		
sensor	sensor	2	P6_tail	sensil	sensilo	pickup, sensing device, sensor, transducer	espdic	worksheet-proposed	inventory	2		
shady	shady	2	P6_tail	ombr	ombra	shaded, shadowy, shady	espdic	worksheet-proposed	inventory	2		
shortcut	shortcut	2	P6_tail	irmallongig	irmallongigo	shortcut	espdic	worksheet-proposed	inventory	2	rare-anchor	
sill	sill	2	P6_tail	sojl	sojlo	sill, threshold	espdic	worksheet-proposed	inventory	2	rare-anchor	
siren	siren	2	P6_tail	siren	sireno	mermaid, siren	espdic	worksheet-proposed	inventory	2	rare-anchor	
sleeve	sleeve	2	P6_tail	manik	maniko	sleeve	espdic	worksheet-proposed	inventory	2		
smoothly	smoothly	2	P6_tail	glat	glate	smoothly, sleekly	espdic	worksheet-proposed	inventory	2		
snore	snore	2	P6_tail	ronk	ronki	to snore	espdic	worksheet-proposed	inventory	2		
snort	snort	2	P6_tail	ekronk	ekronki	to snort	espdic	worksheet-proposed	inventory	2		
softness	softness	2	P6_tail	molec	moleco	mellowness, softness, tenderness	espdic	worksheet-proposed	inventory	2		
soothe	soothe	2	P6_tail	konsol	konsoli	to cheer, comfort, console, soothe, solace	espdic	worksheet-proposed	inventory	2		
souvenir	souvenir	2	P6_tail	memoraĵ	memoraĵo	keepsake, memento, souvenir, memorial	espdic	worksheet-proposed	inventory	2		
spank	spank	2	P6_tail	manbat	manbati	to spank	espdic	worksheet-proposed	inventory	2		
speechless	speechless	2	P6_tail	mut	muta	dumb, mute, speechless, silent	espdic	worksheet-proposed	inventory	2		
squabble	squabble	2	P6_tail	disputaĉ	disputaĉi	to squabble, wrangle	espdic	worksheet-proposed	inventory	2		
stool	stool	2	P6_tail	benket	benketo	small bench, stool	espdic	worksheet-proposed	inventory	2		
strap	strap	2	P6_tail	ligil	ligilo	band, strap, bond, tie, leash, tether, linker, link (WWW)	espdic	worksheet-proposed	inventory	2		
strut	strut	2	P6_tail	pav	pavi	to show off, strut, swagger	espdic	worksheet-proposed	inventory	2	rare-anchor	
stutter	stutter	2	P6_tail	balbut	balbuti	to falter, stammer, stutter	espdic	worksheet-proposed	inventory	2		
suspicious	suspicious	2	P6_tail	malfid	malfida	suspicious	espdic	worksheet-proposed	inventory	2		
swallow	swallow	2	P6_tail	glut	gluti	to swallow	espdic	worksheet-proposed	inventory	2		
sweat	sweat	2	P6_tail	ŝvit	ŝviti	to perspire, sweat	espdic	worksheet-proposed	inventory	2		
sweaty	sweaty	2	P6_tail	ŝvit	ŝvita	sweaty	espdic	worksheet-proposed	inventory	2		
swimmer	swimmer	2	P6_tail	naĝant	naĝanto	swimmer	espdic	worksheet-proposed	inventory	2		
tar	tar	2	P6_tail	gudr	gudri	to tar	espdic	worksheet-proposed	inventory	2	rare-anchor	
tentacle	tentacle	2	P6_tail	tentakl	tentaklo	tentacle	espdic	worksheet-proposed	inventory	2	rare-anchor	
terribly	terribly	2	P6_tail	terur	terure	awfully, frightful, terribly	espdic	worksheet-proposed	inventory	2		
thankfully	thankfully	2	P6_tail	dank	danke	thankfully	espdic	worksheet-proposed	inventory	2		
thoughtfulness	thoughtfulness	2	P6_tail	antaŭzorg	antaŭzorgo	foresight, forethought, preservation, thoughtfulness, providence, precaution	espdic	worksheet-proposed	inventory	2		
tighten	tighten	2	P6_tail	string	stringi	to hug, squeeze, tighten, draw, constrict	espdic	worksheet-proposed	inventory	2	rare-anchor	
tilt	tilt	2	P6_tail	klin	klini	to bend, incline, tilt, lean, slope, tilt	espdic	worksheet-proposed	inventory	2		
timid	timid	2	P6_tail	timem	timema	afraid, timid, faint hearted, timid	espdic	worksheet-proposed	inventory	2		
tirelessly	tirelessly	2	P6_tail	senlac	senlace	tirelessly, untiringly	espdic	worksheet-proposed	inventory	2		
toolbox	toolbox	2	P6_tail	ilkest	ilkesto	toolbox	espdic	worksheet-proposed	inventory	2	rare-anchor	
trading	trading	2	P6_tail	negocad	negocado	negotiation, trading	espdic	worksheet-proposed	inventory	2		
trim	trim	2	P6_tail	garn	garni	to decorate, embellish, equip, fit out, furnish, garnish, trim, reinforce, strengthen, adorn	espdic	worksheet-proposed	inventory	2		
trustworthy	trustworthy	2	P6_tail	fidel	fidela	accurate, exact, faithful, loyal, staunch, trusty, trustworthy	espdic	worksheet-proposed	inventory	2		
ungrateful	ungrateful	2	P6_tail	nedank	nedanka	ungrateful	espdic	worksheet-proposed	inventory	2		
unroll	unroll	2	P6_tail	malrul	malruli	to unroll	espdic	worksheet-proposed	inventory	2		
unwanted	unwanted	2	P6_tail	nedezirat	nedezirata	unwanted, unsolicited	espdic	worksheet-proposed	inventory	2	rare-anchor	
unwrap	unwrap	2	P6_tail	elvolviĝ	elvolviĝi	to expound, open, unwind, unwrap	espdic	worksheet-proposed	inventory	2		
victorious	victorious	2	P6_tail	venkint	venkinta	victorious	espdic	worksheet-proposed	inventory	2		
waggle	waggle	2	P6_tail	sving	svingo	wag, waggle, wave	espdic	worksheet-proposed	inventory	2		
watchful	watchful	2	P6_tail	vigl	vigla	adroit, agile, alert, brisk, keen, lively, nimble, vigilant, watchful	espdic	worksheet-proposed	inventory	2		
waterfall	waterfall	2	P6_tail	kaskad	kaskado	cascade, waterfall	espdic	worksheet-proposed	inventory	2		
webcam	webcam	2	P6_tail	retkamera	retkamerao	webcam	espdic	worksheet-proposed	inventory	2		
weightless	weightless	2	P6_tail	senpez	senpeza	weightless	espdic	worksheet-proposed	inventory	2		
whilst	whilst	2	P6_tail	dum	dum	during, while, for, whereas, whilst	espdic	worksheet-proposed	inventory	2	rare-anchor	
whine	whine	2	P6_tail	bleket	bleketi	to squeak, purr, whine	espdic	worksheet-proposed	inventory	2		
whirlpool	whirlpool	2	P6_tail	akvokirl	akvokirlo	whirlpool	espdic	worksheet-proposed	inventory	2		
whispering	whispering	2	P6_tail	flustr	flustra	whispering	espdic	worksheet-proposed	inventory	2		
wisely	wisely	2	P6_tail	saĝ	saĝe	with wisdom, wisely	espdic	worksheet-proposed	inventory	2		
woodpecker	woodpecker	2	P6_tail	peg	pego	woodpecker	espdic	worksheet-proposed	inventory	2	rare-anchor	
abide	abide	1	P6_tail	atend	atendi	to abide, expect, wait (for), await	espdic	worksheet-proposed	inventory	2		
aboard	aboard	1	P6_tail	enbus	enbuse	aboard	espdic	worksheet-proposed	inventory	2		
achy	achy	1	P6_tail	dolorec	doloreca	achy	espdic	worksheet-proposed	inventory	2		
admiringly	admiringly	1	P6_tail	admir	admire	admiringly	espdic	worksheet-proposed	inventory	2		
adventuresome	adventuresome	1	P6_tail	riskoplen	riskoplena	adventuresome, risky	espdic	worksheet-proposed	inventory	2		
afloat	afloat	1	P6_tail	naĝ	naĝe	afloat	espdic	worksheet-proposed	inventory	2		
allowance	allowance	1	P6_tail	eblig	ebligo	allowance	espdic	worksheet-proposed	inventory	2		
alphabet	alphabet	1	P6_tail	aboc	aboco	ABC, alphabet, basics, fundamentals, primer, rudiments	espdic	worksheet-proposed	inventory	2	rare-anchor	
amazingly	amazingly	1	P6_tail	mir	mire	amazingly, astonishingly	espdic	worksheet-proposed	inventory	2		
amiss	amiss	1	P6_tail	mis	misa	faulty, incorrect, amiss	espdic	worksheet-proposed	inventory	2		
ancestor	ancestor	1	P6_tail	atav	atavo	ancestor	espdic	worksheet-proposed	inventory	2	rare-anchor	
antic	antic	1	P6_tail	klaŭnaĵ	klaŭnaĵo	antic	espdic	worksheet-proposed	inventory	2		
apology	apology	1	P6_tail	ekskuz	ekskuzo	apology	espdic	worksheet-proposed	inventory	2		
applause	applause	1	P6_tail	aplaŭdoad	aplaŭdoado	applause	espdic	worksheet-proposed	inventory	2	rare-anchor	
appreciative	appreciative	1	P6_tail	aplaŭdem	aplaŭdema	appreciative	espdic	worksheet-proposed	inventory	2		
aquarium	aquarium	1	P6_tail	akvari	akvario	aquarium	espdic	worksheet-proposed	inventory	2		
archer	archer	1	P6_tail	arkist	arkisto	archer, bowman	espdic	worksheet-proposed	inventory	2		
archery	archery	1	P6_tail	arkopaf	arkopafo	archery	espdic	worksheet-proposed	inventory	2		
arctic	arctic	1	P6_tail	arkt	arkta	arctic	espdic	worksheet-proposed	inventory	2		
assemble	assemble	1	P6_tail	munt	munti	to assemble, link, mount, set, build	espdic	worksheet-proposed	inventory	2		
assure	assure	1	P6_tail	asekur	asekuri	to assure, insure, underwrite	espdic	worksheet-proposed	inventory	2		
automobile	automobile	1	P6_tail	aŭt	aŭto	automobile, car	espdic	worksheet-proposed	inventory	2		
autumn	autumn	1	P6_tail	aŭtun	aŭtuna	autumn	espdic	worksheet-proposed	seed	1		
await	await	1	P6_tail	atend	atendi	to abide, expect, wait (for), await	espdic	worksheet-proposed	inventory	2		
babysitter	babysitter	1	P6_tail	vartantin	vartantino	babysitter	espdic	worksheet-proposed	inventory	2		
bail	bail	1	P6_tail	bejl	bejlo	bail	espdic	worksheet-proposed	inventory	2	rare-anchor	
bait	bait	1	P6_tail	log	logo	allurement, bait, enticement; log	espdic	worksheet-proposed	inventory	2		
barnyard	barnyard	1	P6_tail	farmkort	farmkorto	barnyard	espdic	worksheet-proposed	inventory	2		
bearable	bearable	1	P6_tail	tolerebl	tolerebla	bearable, tolerable	espdic	worksheet-proposed	inventory	2		
behold	behold	1	P6_tail	j	jen	behold, here is, here are, look, there	espdic	worksheet-proposed	inventory	2	rare-anchor	
beneficial	beneficial	1	P6_tail	bonfar	bonfara	beneficent, beneficial, charitable, humanitarian, welfare	espdic	worksheet-proposed	inventory	2		
bicker	bicker	1	P6_tail	disput	disputi	to argue, dispute, bicker, contest, wrangle, contend	espdic	worksheet-proposed	inventory	2		
biscuit	biscuit	1	P6_tail	keks	kekso	biscuit, cookie	espdic	worksheet-proposed	inventory	2	rare-anchor	
blackbird	blackbird	1	P6_tail	merl	merlo	blackbird	espdic	worksheet-proposed	inventory	2	rare-anchor	
blessing	blessing	1	P6_tail	ben	beno	benediction, blessing, boon	espdic	worksheet-proposed	inventory	2		
boastful	boastful	1	P6_tail	vantem	vantema	boastful, bragging	espdic	worksheet-proposed	inventory	2		
boredom	boredom	1	P6_tail	enu	enuo	annoyance, boredom, worry, weariness	espdic	worksheet-proposed	inventory	2		
bouquet	bouquet	1	P6_tail	buked	bukedo	bunch, bouquet	espdic	worksheet-proposed	inventory	2	rare-anchor	
brag	brag	1	P6_tail	bluf	blufi	to bluff, brag	espdic	worksheet-proposed	inventory	2		
brass	brass	1	P6_tail	latun	latuna	brass	espdic	worksheet-proposed	inventory	2	rare-anchor	
bray	bray	1	P6_tail	ia	iai	to bray	espdic	worksheet-proposed	inventory	2	rare-anchor	
breakthrough	breakthrough	1	P6_tail	avanceg	avancego	breakthrough	espdic	worksheet-proposed	inventory	2		
brew	brew	1	P6_tail	bras	brasi	to brew	espdic	worksheet-proposed	inventory	2	rare-anchor	
brigade	brigade	1	P6_tail	brigad	brigado	brigade	espdic	worksheet-proposed	inventory	2		
broomstick	broomstick	1	P6_tail	balailstang	balailstango	broomstick	espdic	worksheet-proposed	inventory	2	rare-anchor	
brownish	brownish	1	P6_tail	brunet	bruneta	brownish	espdic	worksheet-proposed	inventory	2		
browse	browse	1	P6_tail	foli	folii	to browse, leaf through, page through	espdic	worksheet-proposed	inventory	2		
buck	buck	1	P6_tail	baŭm	baŭmi	to buck (as a horse)	espdic	worksheet-proposed	inventory	2	rare-anchor	
burp	burp	1	P6_tail	rukt	rukti	to belch, burp	espdic	worksheet-proposed	inventory	2	rare-anchor	
cackle	cackle	1	P6_tail	gak	gaki	to cackle	espdic	worksheet-proposed	inventory	2	rare-anchor	
calmness	calmness	1	P6_tail	flegm	flegmo	apathy, indifference, phlegm, stolidity, composure, calmness	espdic	worksheet-proposed	inventory	2		
camper	camper	1	P6_tail	domaŭt	domaŭto	camper (vehicle)	espdic	worksheet-proposed	inventory	2		
canoe	canoe	1	P6_tail	kanu	kanuo	canoe	espdic	worksheet-proposed	inventory	2		
caramel	caramel	1	P6_tail	karamel	karamelo	caramel	espdic	worksheet-proposed	inventory	2		
caretaker	caretaker	1	P6_tail	zorgant	zorganto	caretaker, guardian, protector	espdic	worksheet-proposed	inventory	2		
char	char	1	P6_tail	brulet	bruleti	to char, scorch, smolder, singe	espdic	worksheet-proposed	inventory	2		
chin	chin	1	P6_tail	menton	mentono	chin	espdic	worksheet-proposed	seed	2	rare-anchor	
chord	chord	1	P6_tail	akord	akordo	accord, accordance, agreement, chord, concord, concurrence, concurrency, consonance	espdic	worksheet-proposed	inventory	2		
chorus	chorus	1	P6_tail	ĥor	ĥoro	chorus, choir	espdic	worksheet-proposed	inventory	2		
churn	churn	1	P6_tail	buterig	buterigi	to churn	espdic	worksheet-proposed	inventory	2		
clam	clam	1	P6_tail	lamelibranki	lamelibrankio	clam	espdic	worksheet-proposed	inventory	2	rare-anchor	
clamber	clamber	1	P6_tail	suprenramp	suprenrampi	to clamber, climb, scramble up	espdic	worksheet-proposed	inventory	2		
cleverly	cleverly	1	P6_tail	lert	lerte	cleverly	espdic	worksheet-proposed	inventory	2		
clink	clink	1	P6_tail	tint	tinti	to chink, clink, jingle, tinkle	espdic	worksheet-proposed	inventory	2		
clip	clip	1	P6_tail	klip	klipo	clasp, clip	espdic	worksheet-proposed	inventory	2	rare-anchor	
clothesline	clothesline	1	P6_tail	pendigŝnur	pendigŝnuro	clothesline	espdic	worksheet-proposed	inventory	2	rare-anchor	
cloudless	cloudless	1	P6_tail	sennub	sennuba	cloudless	espdic	worksheet-proposed	inventory	2		
clumsily	clumsily	1	P6_tail	fuŝ	fuŝe	clumsily, ineptly	espdic	worksheet-proposed	inventory	2		
cocoon	cocoon	1	P6_tail	kokon	kokono	cocoon	espdic	worksheet-proposed	inventory	2		
coil	coil	1	P6_tail	boben	bobeno	bobbin, coil, reel, spool, choke, inductor, reactor	espdic	worksheet-proposed	inventory	2		
collaboration	collaboration	1	P6_tail	kunlabor	kunlaboro	collaboration	espdic	worksheet-proposed	inventory	2		
colony	colony	1	P6_tail	koloni	kolonio	colony, settlement	espdic	worksheet-proposed	inventory	2		
commotion	commotion	1	P6_tail	agit	agito	agitation, commotion, disturbance, excitement, flutter, turmoil	espdic	worksheet-proposed	inventory	2		
compartment	compartment	1	P6_tail	fak	fako	area of expertise, branch, compartment, department, section, specialty, subject, discipline	espdic	worksheet-proposed	inventory	2		
compromise	compromise	1	P6_tail	kompromit	kompromiti	to compromise, endanger, imperil, jeopardize, prejudice	espdic	worksheet-proposed	inventory	2		
conductor	conductor	1	P6_tail	kondukant	kondukanto	conductor, leader	espdic	worksheet-proposed	inventory	2		
congratulation	congratulation	1	P6_tail	gratul	gratulo	congratulation	espdic	worksheet-proposed	inventory	2		
considerate	considerate	1	P6_tail	pripensem	pripensema	circumspect, considerate, critical, reflective, thoughtful	espdic	worksheet-proposed	inventory	2		
console	console	1	P6_tail	konsol	konsoli	to cheer, comfort, console, soothe, solace	espdic	worksheet-proposed	inventory	2		
contagious	contagious	1	P6_tail	infekt	infekta	catching, contagious, infectious	espdic	worksheet-proposed	inventory	2		
coop	coop	1	P6_tail	kaĝeg	kaĝego	coop	espdic	worksheet-proposed	inventory	2		
courageously	courageously	1	P6_tail	kuraĝ	kuraĝe	courageously	espdic	worksheet-proposed	inventory	2		
courteous	courteous	1	P6_tail	ĝentil	ĝentila	polite, gentle, civil, courteous, well-mannered, polished, refined	espdic	worksheet-proposed	inventory	2		
courtyard	courtyard	1	P6_tail	kort	korto	court, yard, courtyard, enclosed area, quadrangle	espdic	worksheet-proposed	inventory	2		
cruelly	cruelly	1	P6_tail	kruel	kruele	cruelly	espdic	worksheet-proposed	inventory	2		
crumple	crumple	1	P6_tail	ĉif	ĉifi	to crease, crumble, crumple, rumple, wrinkle	espdic	worksheet-proposed	inventory	2		
crush	crush	1	P6_tail	pist	pisti	to crush, pound, grind	espdic	worksheet-proposed	inventory	2		
cub	cub	1	P6_tail	leonid	leonido	cub (of lion)	espdic	worksheet-proposed	inventory	2		
cucumber	cucumber	1	P6_tail	kukum	kukumo	cucumber	espdic	worksheet-proposed	seed	1		
culprit	culprit	1	P6_tail	kulpul	kulpulo	culprit, delinquent	espdic	worksheet-proposed	inventory	2		
cutter	cutter	1	P6_tail	kutr	kutro	cutter	espdic	worksheet-proposed	inventory	2	rare-anchor	
damp	damp	1	P6_tail	humid	humida	damp, humid, moist	espdic	worksheet-proposed	inventory	2		
dangle	dangle	1	P6_tail	pendet	pendeti	to dangle	espdic	worksheet-proposed	inventory	2		
deed	deed	1	P6_tail	akt	akto	act, certificate, diploma, (legal) document, deed	espdic	worksheet-proposed	inventory	2		
delicately	delicately	1	P6_tail	delikat	delikate	delicately	espdic	worksheet-proposed	inventory	2		
delightful	delightful	1	P6_tail	rav	rava	delightful, lovely, exquisite, ravishing	espdic	worksheet-proposed	inventory	2		
descend	descend	1	P6_tail	malleviĝ	malleviĝi	to descend, go down	espdic	worksheet-proposed	inventory	2		
destruction	destruction	1	P6_tail	pere	pereo	destruction, doom, downfall, fall, perdition, ruin, wreck	espdic	worksheet-proposed	inventory	2		
disagreement	disagreement	1	P6_tail	diskord	diskordo	disagreement, discord, dissension	espdic	worksheet-proposed	inventory	2		
discomfort	discomfort	1	P6_tail	malkomfort	malkomforto	discomfort	espdic	worksheet-proposed	inventory	2		
disintegrate	disintegrate	1	P6_tail	disig	disigi	to disband, disconnect, disintegrate, divide, separate, disunite, sever, delimit	espdic	worksheet-proposed	inventory	2		
disobedient	disobedient	1	P6_tail	malobe	malobea	disobedient, insubordinate	espdic	worksheet-proposed	inventory	2		
disrespectful	disrespectful	1	P6_tail	nerespekt	nerespekta	disrespectful	espdic	worksheet-proposed	inventory	2		
disrupt	disrupt	1	P6_tail	disromp	disrompi	to break off, smash, disrupt	espdic	worksheet-proposed	inventory	2		
distract	distract	1	P6_tail	distr	distri	to amuse, distract, divert, entertain, unbend, relax	espdic	worksheet-proposed	inventory	2		
distressed	distressed	1	P6_tail	angor	angora	distressed, oppressing	espdic	worksheet-proposed	inventory	2		
ditch	ditch	1	P6_tail	fos	foso	ditch	espdic	worksheet-proposed	inventory	2		
dizziness	dizziness	1	P6_tail	vertiĝ	vertiĝo	dizziness, vertigo	espdic	worksheet-proposed	inventory	2		
doe	doe	1	P6_tail	cervin	cervino	doe, hind	espdic	worksheet-proposed	inventory	2		
doom	doom	1	P6_tail	pere	pereo	destruction, doom, downfall, fall, perdition, ruin, wreck	espdic	worksheet-proposed	inventory	2		
doormat	doormat	1	P6_tail	pordomat	pordomato	doormat	espdic	worksheet-proposed	inventory	2		
doughnut	doughnut	1	P6_tail	benjet	benjeto	doughnut	espdic	worksheet-proposed	inventory	2	rare-anchor	
downstream	downstream	1	P6_tail	kunflu	kunflue	downstream	espdic	worksheet-proposed	inventory	2		
dreamland	dreamland	1	P6_tail	revland	revlando	dreamland	espdic	worksheet-proposed	inventory	2		
drench	drench	1	P6_tail	akvum	akvumi	to flush, drench, irrigate, water, rinse	espdic	worksheet-proposed	inventory	2		
drill	drill	1	P6_tail	bor	bori	to bore, drill	espdic	worksheet-proposed	inventory	2		
droop	droop	1	P6_tail	pend	pendi	to droop, hang	espdic	worksheet-proposed	inventory	2		
drummer	drummer	1	P6_tail	drumist	drumisto	drummer	espdic	worksheet-proposed	inventory	2		
easel	easel	1	P6_tail	stabl	stablo	bench, easel, workbench, support, stand	espdic	worksheet-proposed	inventory	2	rare-anchor	
ecstatic	ecstatic	1	P6_tail	ekstaz	ekstaza	ecstatic	espdic	worksheet-proposed	inventory	2	rare-anchor	
eerie	eerie	1	P6_tail	tremig	tremiga	eerie, grisly, gruesome, macabre	espdic	worksheet-proposed	inventory	2		
elbow	elbow	1	P6_tail	kubut	kubuto	elbow	espdic	worksheet-proposed	seed	2		
elegant	elegant	1	P6_tail	elegant	eleganta	elegant, smart	espdic	worksheet-proposed	inventory	2		
embarrass	embarrass	1	P6_tail	embaras	embarasi	to embarrass, encumber, hamper, perplex, inconvenience, hinder, impede	espdic	worksheet-proposed	inventory	2		
embrace	embrace	1	P6_tail	brakum	brakumi	to embrace, hug	espdic	worksheet-proposed	inventory	2		
empower	empower	1	P6_tail	povig	povigi	to empower	espdic	worksheet-proposed	inventory	2		
enchant	enchant	1	P6_tail	rav	ravi	to delight, enchant, enrapture	espdic	worksheet-proposed	inventory	2		
enclosure	enclosure	1	P6_tail	enmetaĵ	enmetaĵo	enclosure	espdic	worksheet-proposed	inventory	2		
encouragement	encouragement	1	P6_tail	kuraĝig	kuraĝigo	encouragement	espdic	worksheet-proposed	inventory	2		
endless	endless	1	P6_tail	etern	eterna	endless, eternal, everlasting, perpetual, never-ending	espdic	worksheet-proposed	inventory	2		
endlessly	endlessly	1	P6_tail	senfin	senfine	ad infinitum, endlessly	espdic	worksheet-proposed	inventory	2		
enthusiastically	enthusiastically	1	P6_tail	entuziasm	entuziasme	eagerly, enthusiastically	espdic	worksheet-proposed	inventory	2		
etc	etc	1	P6_tail	k.t.p.	k.t.p.	(kaj tiel plu) et cetera, etc.	espdic	worksheet-proposed	inventory	2	rare-anchor	
exception	exception	1	P6_tail	escept	escepto	exception, exclusion	espdic	worksheet-proposed	inventory	2		
excessive	excessive	1	P6_tail	tro	troa	excessive, undue	espdic	worksheet-proposed	inventory	2	rare-anchor	
excite	excite	1	P6_tail	incit	inciti	to abet, excite, incite, provoke, rouse, stimulate, stir up, irritate	espdic	worksheet-proposed	inventory	2		
extravagance	extravagance	1	P6_tail	malŝpar	malŝparo	dissipation, extravagance, waste	espdic	worksheet-proposed	inventory	2		
eyebrow	eyebrow	1	P6_tail	brov	brovo	brow, eyebrow	espdic	worksheet-proposed	seed	2	rare-anchor	
fawn	fawn	1	P6_tail	cervid	cervido	fawn	espdic	worksheet-proposed	inventory	2		
fearless	fearless	1	P6_tail	kuraĝ	kuraĝa	audacious, bold, brave, courageous, valiant, daring, fearless, intrepid	espdic	worksheet-proposed	inventory	2		
fidget	fidget	1	P6_tail	movadiĝ	movadiĝi	to fidget	espdic	worksheet-proposed	inventory	2		
fighter	fighter	1	P6_tail	luktant	luktanto	fighter, wrestler	espdic	worksheet-proposed	inventory	2		
firewood	firewood	1	P6_tail	hejtlign	hejtligno	firewood	espdic	worksheet-proposed	inventory	2		
flee	flee	1	P6_tail	fuĝ	fuĝi	to flee, run away	espdic	worksheet-proposed	inventory	2		
fleeting	fleeting	1	P6_tail	nedaŭr	nedaŭra	fleeting, temporary, brief, transitory, provisional, transient	espdic	worksheet-proposed	inventory	2	rare-anchor	
flex	flex	1	P6_tail	fleks	fleksi	to bend, flex, inflect	espdic	worksheet-proposed	inventory	2		
flier	flier	1	P6_tail	flugist	flugisto	flier	espdic	worksheet-proposed	inventory	2		
flit	flit	1	P6_tail	flirt	flirti	to flirt, flit, flutter	espdic	worksheet-proposed	inventory	2		
flowerpot	flowerpot	1	P6_tail	florpot	florpoto	flowerpot	espdic	worksheet-proposed	inventory	2		
fondness	fondness	1	P6_tail	amec	ameco	fondness, tenderness	espdic	worksheet-proposed	inventory	2	rare-anchor	
foolishness	foolishness	1	P6_tail	malsaĝ	malsaĝo	foolishness	espdic	worksheet-proposed	inventory	2		
forgetful	forgetful	1	P6_tail	forges	forgesa	forgetful, oblivious	espdic	worksheet-proposed	inventory	2		
fortress	fortress	1	P6_tail	fortres	fortreso	fortress	espdic	worksheet-proposed	inventory	2	rare-anchor	
fortunate	fortunate	1	P6_tail	feliĉ	feliĉa	fortunate, happy, lucky	espdic	worksheet-proposed	inventory	2		
freely	freely	1	P6_tail	liber	libere	freely	espdic	worksheet-proposed	inventory	2		
freshly	freshly	1	P6_tail	freŝ	freŝe	freshly	espdic	worksheet-proposed	inventory	2		
fumble	fumble	1	P6_tail	fuŝpalp	fuŝpalpi	to fumble, touch, grope	espdic	worksheet-proposed	inventory	2		
funeral	funeral	1	P6_tail	enterig	enterigo	burial, funeral, interment	espdic	worksheet-proposed	inventory	2		
galore	galore	1	P6_tail	sufiĉeg	sufiĉege	galore, aplenty, in abundance	espdic	worksheet-proposed	inventory	2		
genius	genius	1	P6_tail	geni	genio	genius	espdic	worksheet-proposed	inventory	2		
glacier	glacier	1	P6_tail	glaĉer	glaĉero	glacier	espdic	worksheet-proposed	inventory	2	rare-anchor	
gliding	gliding	1	P6_tail	glisad	glisado	glide, gliding, hovering	espdic	worksheet-proposed	inventory	2		
glimpse	glimpse	1	P6_tail	ekvid	ekvido	glimpse	espdic	worksheet-proposed	inventory	2		
gloom	gloom	1	P6_tail	malgaj	malgajo	gloom (sadness)	espdic	worksheet-proposed	inventory	2		
gown	gown	1	P6_tail	rob	robo	dress, gown, robe	espdic	worksheet-proposed	inventory	2		
gratefully	gratefully	1	P6_tail	dankem	dankeme	gratefully, thankfully	espdic	worksheet-proposed	inventory	2		
gruff	gruff	1	P6_tail	malafabl	malafabla	blunt, brutal, gruff, harsh, rough, sour, surly, unkind, unpleasant, rude	espdic	worksheet-proposed	inventory	2		
guffaw	guffaw	1	P6_tail	rideg	ridego	guffaw	espdic	worksheet-proposed	inventory	2		
guilt	guilt	1	P6_tail	kulp	kulpo	fault, offense, guilt, failing	espdic	worksheet-proposed	inventory	2		
guiltily	guiltily	1	P6_tail	kulposent	kulposente	guiltily, with feelings of guilt	espdic	worksheet-proposed	inventory	2		
gunshot	gunshot	1	P6_tail	pafilpaf	pafilpafo	gunshot	espdic	worksheet-proposed	inventory	2	rare-anchor	
halfway	halfway	1	P6_tail	mezvoj	mezvoje	halfway	espdic	worksheet-proposed	inventory	2		
hamburger	hamburger	1	P6_tail	hamburgr	hamburgro	hamburger	espdic	worksheet-proposed	inventory	2	rare-anchor	
harness	harness	1	P6_tail	jung	jungi	to harness, yoke	espdic	worksheet-proposed	inventory	2		
heap	heap	1	P6_tail	mas	maso	lump, mass, pile, heap	espdic	worksheet-proposed	inventory	2		
heater	heater	1	P6_tail	hejtil	hejtilo	heater	espdic	worksheet-proposed	inventory	2		
hesitantly	hesitantly	1	P6_tail	balbut	balbute	falteringly, haltingly, hesitantly	espdic	worksheet-proposed	inventory	2		
hippos	hippos	1	P6_tail	hipopotamed	hipopotamedoj	hippos	espdic	worksheet-proposed	inventory	2	rare-anchor	
hoist	hoist	1	P6_tail	his	hisi	to hoist, hoist up, run up, wind up	espdic	worksheet-proposed	inventory	2		
honestly	honestly	1	P6_tail	honest	honeste	honestly, uprightly	espdic	worksheet-proposed	inventory	2		
honeycomb	honeycomb	1	P6_tail	ĉelar	ĉelaro	honeycomb	espdic	worksheet-proposed	inventory	2		
hopefully	hopefully	1	P6_tail	esperebl	espereble	hopefully	espdic	worksheet-proposed	inventory	2		
humbly	humbly	1	P6_tail	humil	humile	humbly	espdic	worksheet-proposed	inventory	2		
iceberg	iceberg	1	P6_tail	glacmont	glacmonto	iceberg	espdic	worksheet-proposed	inventory	2		
identical	identical	1	P6_tail	ident	identa	identical	espdic	worksheet-proposed	inventory	2		
ignition	ignition	1	P6_tail	sparkad	sparkado	ignition	espdic	worksheet-proposed	inventory	2		
ignorance	ignorance	1	P6_tail	nesci	nescio	ignorance	espdic	worksheet-proposed	inventory	2	rare-anchor	
imaginable	imaginable	1	P6_tail	imagebl	imagebla	imaginable	espdic	worksheet-proposed	inventory	2		
imaginative	imaginative	1	P6_tail	imagem	imagema	imaginative	espdic	worksheet-proposed	inventory	2		
impatience	impatience	1	P6_tail	malpacienc	malpacienco	impatience	espdic	worksheet-proposed	inventory	2		
independently	independently	1	P6_tail	memstar	memstare	independently, self-assuredly	espdic	worksheet-proposed	inventory	2		
inevitable	inevitable	1	P6_tail	fatal	fatala	fated, fateful, ill-fated, inevitable, ruinous	espdic	worksheet-proposed	inventory	2		
infect	infect	1	P6_tail	infekt	infekti	to infect	espdic	worksheet-proposed	inventory	2		
infectious	infectious	1	P6_tail	infekt	infekta	catching, contagious, infectious	espdic	worksheet-proposed	inventory	2		
inquire	inquire	1	P6_tail	enket	enketi	to inquire, investigate, make an inquiry, survey	espdic	worksheet-proposed	inventory	2		
inscribe	inscribe	1	P6_tail	enskrib	enskribi	to enter, inscribe, register	espdic	worksheet-proposed	inventory	2		
inspection	inspection	1	P6_tail	inspek	inspeko	inspection	espdic	worksheet-proposed	inventory	2		
instant	instant	1	P6_tail	moment	momento	instant, moment	espdic	worksheet-proposed	inventory	2		
instinctively	instinctively	1	P6_tail	instinkt	instinkte	instinctively	espdic	worksheet-proposed	inventory	2	rare-anchor	
intensely	intensely	1	P6_tail	intens	intense	intensely	espdic	worksheet-proposed	inventory	2		
intruder	intruder	1	P6_tail	trudul	trudulo	interloper, intruder	espdic	worksheet-proposed	inventory	2		
jaw	jaw	1	P6_tail	makzel	makzelo	jaw, jawbone	espdic	worksheet-proposed	inventory	2	rare-anchor	
jealousy	jealousy	1	P6_tail	ĵaluz	ĵaluzo	jealousy	espdic	worksheet-proposed	inventory	2	rare-anchor	
jig	jig	1	P6_tail	ĝig	ĝigo	jig	espdic	worksheet-proposed	inventory	2	rare-anchor	
jigsaw	jigsaw	1	P6_tail	arabeskosegil	arabeskosegilo	jigsaw	espdic	worksheet-proposed	inventory	2	rare-anchor	
joyous	joyous	1	P6_tail	ĝoj	ĝoja	happy, glad, joyful, joyous	espdic	worksheet-proposed	inventory	2		
jumble	jumble	1	P6_tail	fatras	fatraso	jumble, junk, trash	espdic	worksheet-proposed	inventory	2	rare-anchor	
keepsake	keepsake	1	P6_tail	memoraĵ	memoraĵo	keepsake, memento, souvenir, memorial	espdic	worksheet-proposed	inventory	2		
kernel	kernel	1	P6_tail	kern	kerno	core, kernel, nucleus, pit, stone	espdic	worksheet-proposed	inventory	2		
keyhole	keyhole	1	P6_tail	ŝlosiltru	ŝlosiltruo	keyhole	espdic	worksheet-proposed	inventory	2		
lavish	lavish	1	P6_tail	prodig	prodigi	to lavish, squander	espdic	worksheet-proposed	inventory	2		
lifetime	lifetime	1	P6_tail	dumviv	dumvivo	lifetime	espdic	worksheet-proposed	inventory	2		
lipstick	lipstick	1	P6_tail	ruĵ	ruĵo	lipstick	espdic	worksheet-proposed	inventory	2	rare-anchor	
loaf	loaf	1	P6_tail	pan	pano	bread, loaf	espdic	worksheet-proposed	inventory	2		
longing	longing	1	P6_tail	sopir	sopira	longing	espdic	worksheet-proposed	inventory	2		
loudness	loudness	1	P6_tail	laŭtec	laŭteco	loudness	espdic	worksheet-proposed	inventory	2		
loudspeaker	loudspeaker	1	P6_tail	laŭtparolil	laŭtparolilo	loudspeaker, speaker	espdic	worksheet-proposed	inventory	2		
lounge	lounge	1	P6_tail	pasum	pasumi	to dawdle, lounge, lounge about, stroll	espdic	worksheet-proposed	inventory	2		
lovable	lovable	1	P6_tail	amebl	amebla	lovable	espdic	worksheet-proposed	inventory	2	rare-anchor	
loyalty	loyalty	1	P6_tail	fidelec	fideleco	adherence, allegiance, fealty, fidelity, loyalty	espdic	worksheet-proposed	inventory	2		
lump	lump	1	P6_tail	bul	bulo	ball, chunk, clod, hunk, lump, wad, bullet	espdic	worksheet-proposed	inventory	2		
lurk	lurk	1	P6_tail	kaŭr	kaŭri	to cower, crouch, squat, lurk	espdic	worksheet-proposed	inventory	2		
luxurious	luxurious	1	P6_tail	luks	luksa	deluxe, luxurious, sumptuous	espdic	worksheet-proposed	inventory	2		
madder	madder	1	P6_tail	rubi	rubio	madder	espdic	worksheet-proposed	inventory	2	rare-anchor	
magnificent	magnificent	1	P6_tail	beleg	belega	exquisite, gorgeous, lovely, magnificent, splendid	espdic	worksheet-proposed	inventory	2		
magnify	magnify	1	P6_tail	pligrandig	pligrandigi	to aggrandize, augment, enlarge, increase, magnify	espdic	worksheet-proposed	inventory	2		
magpie	magpie	1	P6_tail	pig	pigo	magpie, pica	espdic	worksheet-proposed	inventory	2	rare-anchor	
majestic	majestic	1	P6_tail	majest	majesta	majestic	espdic	worksheet-proposed	inventory	2		
mandala	mandala	1	P6_tail	mandal	mandalo	mandala	espdic	worksheet-proposed	inventory	2	rare-anchor	
marketplace	marketplace	1	P6_tail	foirej	foirejo	fairground, marketplace	espdic	worksheet-proposed	inventory	2		
meander	meander	1	P6_tail	vag	vagi	to drift, loiter, prowl, ramble, roam, wander, meander, stray	espdic	worksheet-proposed	inventory	2		
melodious	melodious	1	P6_tail	melodi	melodia	melodic, melodious, tuneful	espdic	worksheet-proposed	inventory	2	rare-anchor	
mend	mend	1	P6_tail	flik	fliki	to darn, mend, patch (up)	espdic	worksheet-proposed	inventory	2		
mew	mew	1	P6_tail	miaŭ	miaŭi	to meow, mew	espdic	worksheet-proposed	inventory	2	rare-anchor	
microwave	microwave	1	P6_tail	mikroond	mikroonda	microwave	espdic	worksheet-proposed	inventory	2	rare-anchor	
mindful	mindful	1	P6_tail	zorg	zorga	careful, mindful, regardful	espdic	worksheet-proposed	inventory	2		
miraculously	miraculously	1	P6_tail	mirakl	mirakle	miraculously	espdic	worksheet-proposed	inventory	2	rare-anchor	
misery	misery	1	P6_tail	mizer	mizero	misery, wretchedness	espdic	worksheet-proposed	inventory	2		
moan	moan	1	P6_tail	ĝem	ĝemi	to groan, moan	espdic	worksheet-proposed	inventory	2		
moat	moat	1	P6_tail	fosaĵ	fosaĵo	excavation, hole, ditch, pit, moat, trench	espdic	worksheet-proposed	inventory	2		
mock	mock	1	P6_tail	mok	moki	to mock, deride, jeer at, poke fun at, ridicule, taunt	espdic	worksheet-proposed	inventory	2		
modesty	modesty	1	P6_tail	pudor	pudoro	chaste behavior, modesty, sense of decency	espdic	worksheet-proposed	inventory	2		
mold	mold	1	P6_tail	ŝim	ŝimo	mildew, mold	espdic	worksheet-proposed	inventory	2		
motionless	motionless	1	P6_tail	senmov	senmova	immobile, inert, motionless, stagnant, stationary, still, motionless	espdic	worksheet-proposed	inventory	2		
mound	mound	1	P6_tail	dig	digo	dam, dike, embankment, jetty, mound	espdic	worksheet-proposed	inventory	2	rare-anchor	
mountainside	mountainside	1	P6_tail	montflank	montflanko	mountainside	espdic	worksheet-proposed	inventory	2		
mourn	mourn	1	P6_tail	funebr	funebri	to bewail, mourn, grieve, weep	espdic	worksheet-proposed	inventory	2		
mover	mover	1	P6_tail	mebloportist	mebloportisto	(re)mover	espdic	worksheet-proposed	inventory	2		
mumble	mumble	1	P6_tail	balbutad	balbutado	mumble, gibberish	espdic	worksheet-proposed	inventory	2		
mutter	mutter	1	P6_tail	murmur	murmuri	to murmur, mutter	espdic	worksheet-proposed	inventory	2		
neglect	neglect	1	P6_tail	nefar	nefari	to fail, neglect, omit	espdic	worksheet-proposed	inventory	2		
nephew	nephew	1	P6_tail	nev	nevo	nephew	espdic	worksheet-proposed	seed	2		
newly	newly	1	P6_tail	nov	nove	newly	espdic	worksheet-proposed	inventory	2		
nickname	nickname	1	P6_tail	alnom	alnomo	alias, nickname, surname	espdic	worksheet-proposed	inventory	2		
niece	niece	1	P6_tail	nevin	nevino	niece	espdic	worksheet-proposed	seed	2		
nonsense	nonsense	1	P6_tail	blag	blago	joke, nonsense	espdic	worksheet-proposed	inventory	2	rare-anchor	
nudge	nudge	1	P6_tail	ekpuŝ	ekpuŝi	to jog, nudge	espdic	worksheet-proposed	inventory	2		
oar	oar	1	P6_tail	remil	remilo	oar	espdic	worksheet-proposed	inventory	2		
obedience	obedience	1	P6_tail	obe	obeo	obedience	espdic	worksheet-proposed	inventory	2		
observant	observant	1	P6_tail	observem	observema	observant	espdic	worksheet-proposed	inventory	2		
odor	odor	1	P6_tail	odor	odoro	odor, scent, smell	espdic	worksheet-proposed	inventory	2		
offering	offering	1	P6_tail	alport	alporto	offering	espdic	worksheet-proposed	inventory	2		
officially	officially	1	P6_tail	laŭofic	laŭofice	officially	espdic	worksheet-proposed	inventory	2		
optimistic	optimistic	1	P6_tail	optimism	optimisma	optimistic	espdic	worksheet-proposed	inventory	2		
ounce	ounce	1	P6_tail	unc	unco	ounce	espdic	worksheet-proposed	inventory	2	rare-anchor	
outrun	outrun	1	P6_tail	preterkur	preterkuri	to outrun, outstrip	espdic	worksheet-proposed	inventory	2		
outsider	outsider	1	P6_tail	eksterul	eksterulo	outsider	espdic	worksheet-proposed	inventory	2		
outsmart	outsmart	1	P6_tail	superruz	superruzi	to outsmart, outwit	espdic	worksheet-proposed	inventory	2		
overhear	overhear	1	P6_tail	subaŭd	subaŭdi	to overhear	espdic	worksheet-proposed	inventory	2		
overnight	overnight	1	P6_tail	tranokt	tranokta	overnight	espdic	worksheet-proposed	inventory	2		
overwhelm	overwhelm	1	P6_tail	subig	subigi	to subdue, overwhelm, subjugate, subject	espdic	worksheet-proposed	inventory	2		
packet	packet	1	P6_tail	paket	paketo	packet, parcel	espdic	worksheet-proposed	inventory	2		
pal	pal	1	P6_tail	kamarad	kamarado	buddy, companion, comrade, pal, mate, chum	espdic	worksheet-proposed	inventory	2		
par	par	1	P6_tail	alpar	alparo	face value, nominal value, parity, par	espdic	worksheet-proposed	inventory	2		
parachute	parachute	1	P6_tail	paraŝut	paraŝuta	airborne, parachute	espdic	worksheet-proposed	inventory	2		
paradise	paradise	1	P6_tail	eden	edeno	paradise	espdic	worksheet-proposed	inventory	2	rare-anchor	
parlor	parlor	1	P6_tail	salon	salono	drawing room, living room, parlor, salon, sitting room	espdic	worksheet-proposed	inventory	2		
passageway	passageway	1	P6_tail	pasej	pasejo	gate, gangway, passage, passageway	espdic	worksheet-proposed	inventory	2		
pathway	pathway	1	P6_tail	voj	vojo	course, passage, path, pathway, road, route, way	espdic	worksheet-proposed	inventory	2		
patter	patter	1	P6_tail	gutet	guteti	to drip, leak, patter, trickle, exude	espdic	worksheet-proposed	inventory	2		
peat	peat	1	P6_tail	torf	torfo	peat, turf	espdic	worksheet-proposed	inventory	2		
perfection	perfection	1	P6_tail	perfektec	perfekteco	perfection	espdic	worksheet-proposed	inventory	2		
petrify	petrify	1	P6_tail	ŝtonig	ŝtonigi	to petrify (something), make something into stone	espdic	worksheet-proposed	inventory	2		
pew	pew	1	P6_tail	preĝbenk	preĝbenko	pew	espdic	worksheet-proposed	inventory	2		
pip	pip	1	P6_tail	pips	pipso	pip (disease in birds)	espdic	worksheet-proposed	inventory	2	rare-anchor	
plea	plea	1	P6_tail	pled	pledi	to appeal, plea, plead	espdic	worksheet-proposed	inventory	2		
plump	plump	1	P6_tail	dik	dika	thick, corpulent, fat, stout, plump, bold (font)	espdic	worksheet-proposed	inventory	2		
plush	plush	1	P6_tail	pluŝ	pluŝo	plush	espdic	worksheet-proposed	inventory	2	rare-anchor	
politeness	politeness	1	P6_tail	ĝentilec	ĝentileco	civility, courtesy, politeness	espdic	worksheet-proposed	inventory	2		
pollen	pollen	1	P6_tail	polen	poleno	pollen	espdic	worksheet-proposed	inventory	2		
pollute	pollute	1	P6_tail	polu	polui	to pollute	espdic	worksheet-proposed	inventory	2		
portion	portion	1	P6_tail	on	ono	portion, fraction, fragment, share, digit	espdic	worksheet-proposed	inventory	2	rare-anchor	
postman	postman	1	P6_tail	poŝtist	poŝtisto	mail carrier, postal worker, mailman, postman	espdic	worksheet-proposed	inventory	2		
powerless	powerless	1	P6_tail	senpov	senpova	powerless, impotent	espdic	worksheet-proposed	inventory	2		
precise	precise	1	P6_tail	net	neta	cleanly cut, neat, precise, net (weight, etc.), distinct	espdic	worksheet-proposed	inventory	2		
promotion	promotion	1	P6_tail	varbad	varbado	campaigning, enrolment, promotion, recruitment	espdic	worksheet-proposed	inventory	2		
puck	puck	1	P6_tail	hokedisk	hokedisko	puck	espdic	worksheet-proposed	inventory	2		
puffy	puffy	1	P6_tail	puf	pufa	puffed, puffy, stuffed	espdic	worksheet-proposed	inventory	2		
pump	pump	1	P6_tail	pump	pumpi	to pump	espdic	worksheet-proposed	inventory	2		
punch	punch	1	P6_tail	tru	trui	to perforate, punch, puncture, make a hole in	espdic	worksheet-proposed	inventory	2		
quest	quest	1	P6_tail	serĉ	serĉo	lookup, search, seek, quest	espdic	worksheet-proposed	inventory	2		
racket	racket	1	P6_tail	brueg	bruego	clamor, racket, row, noise, turmoil, uproar, tumult	espdic	worksheet-proposed	inventory	2		
rage	rage	1	P6_tail	muĝ	muĝo	rage, roar	espdic	worksheet-proposed	inventory	2		
ramp	ramp	1	P6_tail	rampl	ramplo	ramp	espdic	worksheet-proposed	inventory	2	rare-anchor	
rash	rash	1	P6_tail	erupci	erupcio	eruption, rash	espdic	worksheet-proposed	inventory	2		
raspberry	raspberry	1	P6_tail	framb	frambo	raspberry	espdic	worksheet-proposed	inventory	2		
rattle	rattle	1	P6_tail	klak	klaki	to chatter, clap, click, rattle, flap, slap, smack	espdic	worksheet-proposed	inventory	2		
readily	readily	1	P6_tail	volont	volonte	readily, willingly	espdic	worksheet-proposed	inventory	2		
realization	realization	1	P6_tail	realiĝ	realiĝo	realization	espdic	worksheet-proposed	inventory	2		
reap	reap	1	P6_tail	falĉ	falĉi	to cut, mow, reap	espdic	worksheet-proposed	inventory	2		
rearrange	rearrange	1	P6_tail	rearanĝ	rearanĝi	to rearrange	espdic	worksheet-proposed	inventory	2		
recital	recital	1	P6_tail	rakont	rakonto	account, narrative, story, tale, recital	espdic	worksheet-proposed	inventory	2		
recount	recount	1	P6_tail	fabel	fabeli	tell fables, recount	espdic	worksheet-proposed	inventory	2		
recovery	recovery	1	P6_tail	sav	savo	salvage, salvation, recovery	espdic	worksheet-proposed	inventory	2		
reel	reel	1	P6_tail	ril	rilo	reel	espdic	worksheet-proposed	inventory	2		
refusal	refusal	1	P6_tail	rifuz	rifuzo	refusal, rejection	espdic	worksheet-proposed	inventory	2	rare-anchor	
rein	rein	1	P6_tail	kondukil	kondukilo	rein (of a horse)	espdic	worksheet-proposed	inventory	2		
relent	relent	1	P6_tail	dolĉiĝ	dolĉiĝi	to relent	espdic	worksheet-proposed	inventory	2		
remarkable	remarkable	1	P6_tail	rimarkind	rimarkinda	noteworthy, remarkable, prominent	espdic	worksheet-proposed	inventory	2		
repeatedly	repeatedly	1	P6_tail	ad	ade	continually, continuously, repeatedly, often	espdic	worksheet-proposed	inventory	2	rare-anchor	
rescuer	rescuer	1	P6_tail	savist	savisto	rescuer	espdic	worksheet-proposed	inventory	2		
resign	resign	1	P6_tail	abdik	abdiki	to abdicate, resign	espdic	worksheet-proposed	inventory	2		
resourceful	resourceful	1	P6_tail	aranĝem	aranĝema	ingenious, resourceful	espdic	worksheet-proposed	inventory	2		
resourcefulness	resourcefulness	1	P6_tail	eltrovem	eltrovemo	ingenuity, resourcefulness	espdic	worksheet-proposed	inventory	2		
restart	restart	1	P6_tail	restart	restarto	reboot, restart	espdic	worksheet-proposed	inventory	2		
rhyme	rhyme	1	P6_tail	rim	rimi	to rhyme	espdic	worksheet-proposed	inventory	2		
rib	rib	1	P6_tail	rip	ripo	rib	espdic	worksheet-proposed	inventory	2		
ridiculous	ridiculous	1	P6_tail	ridind	ridinda	funny, laughable, ludicrous, ridiculous, droll	espdic	worksheet-proposed	inventory	2		
rightful	rightful	1	P6_tail	rajt	rajta	lawful, legitimate, rightful	espdic	worksheet-proposed	inventory	2		
ripen	ripen	1	P6_tail	maturiĝ	maturiĝi	to mature, ripen	espdic	worksheet-proposed	inventory	2		
ripple	ripple	1	P6_tail	ondet	ondeti	to ripple	espdic	worksheet-proposed	inventory	2		
risky	risky	1	P6_tail	risk	riska	adventurous, hazardous, risky, venturous	espdic	worksheet-proposed	inventory	2		
rose	rose	1	P6_tail	roz	rozo	rose	espdic	worksheet-proposed	inventory	2		
rosemary	rosemary	1	P6_tail	rosmaren	rosmareno	rosemary	espdic	worksheet-proposed	inventory	2	rare-anchor	
roughly	roughly	1	P6_tail	aspr	aspre	roughly, harshly	espdic	worksheet-proposed	inventory	2	rare-anchor	
rowboat	rowboat	1	P6_tail	remboat	remboato	rowboat	espdic	worksheet-proposed	inventory	2		
rubbish	rubbish	1	P6_tail	rub	rubo	debris, rubbish, rubble, garbage, trash, junk	espdic	worksheet-proposed	inventory	2		
rudely	rudely	1	P6_tail	malĝentil	malĝentile	impolitely, rudely	espdic	worksheet-proposed	inventory	2		
rung	rung	1	P6_tail	ŝtup	ŝtupo	stair, step, rung	espdic	worksheet-proposed	inventory	2		
rust	rust	1	P6_tail	rust	rusti	to rust	espdic	worksheet-proposed	inventory	2		
salon	salon	1	P6_tail	salon	salono	drawing room, living room, parlor, salon, sitting room	espdic	worksheet-proposed	inventory	2		
sandal	sandal	1	P6_tail	sandal	sandalo	sandal	espdic	worksheet-proposed	inventory	2	rare-anchor	
sap	sap	1	P6_tail	suk	suko	gravy, juice, sap, pith	espdic	worksheet-proposed	inventory	2		
saunter	saunter	1	P6_tail	malrapidir	malrapidiri	to saunter	espdic	worksheet-proposed	inventory	2	rare-anchor	
scrape	scrape	1	P6_tail	knar	knari	to creak, screech, grate, grind, scratch, squeak, scrape	espdic	worksheet-proposed	inventory	2		
screech	screech	1	P6_tail	knar	knari	to creak, screech, grate, grind, scratch, squeak, scrape	espdic	worksheet-proposed	inventory	2		
scrunch	scrunch	1	P6_tail	krakad	krakado	crunch, scrunch, grating noise, grinding noise, scratch, scratching, scraping, grating	espdic	worksheet-proposed	inventory	2		
secretly	secretly	1	P6_tail	kaŝ	kaŝe	clandestinely, secretly, by stealth	espdic	worksheet-proposed	inventory	2		
selfishness	selfishness	1	P6_tail	egoism	egoismo	egoism, self-interest, selfishness	espdic	worksheet-proposed	inventory	2		
seller	seller	1	P6_tail	vendant	vendanto	seller, vendor	espdic	worksheet-proposed	inventory	2		
sermon	sermon	1	P6_tail	predik	prediko	sermon	espdic	worksheet-proposed	inventory	2		
server	server	1	P6_tail	servil	servilo	server	espdic	worksheet-proposed	inventory	2		
shaky	shaky	1	P6_tail	nestarem	nestarema	shaky, rickety, wobbly, loose	espdic	worksheet-proposed	inventory	2		
sharer	sharer	1	P6_tail	kundividant	kundividanto	sharer	espdic	worksheet-proposed	inventory	2		
shriek	shriek	1	P6_tail	krieg	kriegi	to bawl, roar, scream, shout, shriek, yell	espdic	worksheet-proposed	inventory	2		
shyness	shyness	1	P6_tail	hontec	honteco	shyness	espdic	worksheet-proposed	inventory	2		
sickness	sickness	1	P6_tail	malsan	malsano	ailment, disease, illness, malady, sickness	espdic	worksheet-proposed	inventory	2		
sideline	sideline	1	P6_tail	flankokup	flankokupo	hobby, sideline	espdic	worksheet-proposed	inventory	2		
signature	signature	1	P6_tail	subskrib	subskribo	signature	espdic	worksheet-proposed	inventory	2		
silverware	silverware	1	P6_tail	arĝentar	arĝentaro	silverware	espdic	worksheet-proposed	inventory	2		
simmer	simmer	1	P6_tail	stuf	stufi	to braise, simmer, stew	espdic	worksheet-proposed	inventory	2		
sketch	sketch	1	P6_tail	etud	etudo	etude, study, sketch	espdic	worksheet-proposed	inventory	2	rare-anchor	
slash	slash	1	P6_tail	sabr	sabri	to hack, slash	espdic	worksheet-proposed	inventory	2	rare-anchor	
sleepyhead	sleepyhead	1	P6_tail	dormemul	dormemulo	sleepyhead, someone who likes to sleep	espdic	worksheet-proposed	inventory	2		
slim	slim	1	P6_tail	graci	gracia	graceful, gracious, slender, slim	espdic	worksheet-proposed	inventory	2		
sly	sly	1	P6_tail	ruz	ruza	artful, crafty, sly, astute, clever, cunning, smart	espdic	worksheet-proposed	inventory	2		
smock	smock	1	P6_tail	kazak	kazako	colors, smock	espdic	worksheet-proposed	inventory	2	rare-anchor	
snip	snip	1	P6_tail	tondaĵ	tondaĵo	snip	espdic	worksheet-proposed	inventory	2		
snivel	snivel	1	P6_tail	ploret	ploreti	to snivel, whimper, whine	espdic	worksheet-proposed	inventory	2		
snug	snug	1	P6_tail	komfort	komforta	at ease, comfortable, cozy, snug	espdic	worksheet-proposed	inventory	2		
solemnly	solemnly	1	P6_tail	solen	solene	ceremoniously, solemnly	espdic	worksheet-proposed	inventory	2		
someplace	someplace	1	P6_tail	iulok	iuloke	anyplace, anywhere, someplace, somewhere	espdic	worksheet-proposed	inventory	2	rare-anchor	
soot	soot	1	P6_tail	fulg	fulgo	soot	espdic	worksheet-proposed	inventory	2		
spar	spar	1	P6_tail	jard	jardo	yard (3 feet), spar	espdic	worksheet-proposed	inventory	2		
speck	speck	1	P6_tail	grajn	grajno	grain, granule, pip (of fruit), stone (of fruit), particle, speck, seed	espdic	worksheet-proposed	inventory	2		
spectacle	spectacle	1	P6_tail	vidaĵ	vidaĵo	prospect, sight, view, spectacle, sight, parade, display, pageant, thing to see	espdic	worksheet-proposed	inventory	2		
spew	spew	1	P6_tail	ŝurc	ŝurci	to spurt, gush, spew	espdic	worksheet-proposed	inventory	2	rare-anchor	
splatter	splatter	1	P6_tail	ŝprucetig	ŝprucetigi	to atomize, spatter, splatter, spray	espdic	worksheet-proposed	inventory	2		
splendid	splendid	1	P6_tail	pomp	pompa	pompous, resplendent, showy, splendid	espdic	worksheet-proposed	inventory	2		
sprayer	sprayer	1	P6_tail	aspergil	aspergilo	atomizer, sprayer	espdic	worksheet-proposed	inventory	2	rare-anchor	
springtime	springtime	1	P6_tail	printemp	printempo	spring, springtime	espdic	worksheet-proposed	inventory	2	rare-anchor	
sprinkler	sprinkler	1	P6_tail	ŝprucigil	ŝprucigilo	sprinkler	espdic	worksheet-proposed	inventory	2		
sprint	sprint	1	P6_tail	sprint	sprinti	to sprint	espdic	worksheet-proposed	inventory	2	rare-anchor	
squat	squat	1	P6_tail	kaŭr	kaŭri	to cower, crouch, squat, lurk	espdic	worksheet-proposed	inventory	2		
squiggle	squiggle	1	P6_tail	zigzaget	zigzageto	squiggle	espdic	worksheet-proposed	inventory	2		
staircase	staircase	1	P6_tail	ŝtupar	ŝtuparo	staircase, stairs	espdic	worksheet-proposed	inventory	2		
stallion	stallion	1	P6_tail	stalon	stalono	stallion	espdic	worksheet-proposed	inventory	2		
starry	starry	1	P6_tail	stelplen	stelplena	starry, star-filled, full of stars	espdic	worksheet-proposed	inventory	2		
starve	starve	1	P6_tail	malnutr	malnutri	to starve	espdic	worksheet-proposed	inventory	2		
stash	stash	1	P6_tail	kasaj	kasajo	stash, something hidden, something concealed	espdic	worksheet-proposed	inventory	2	rare-anchor	
stethoscope	stethoscope	1	P6_tail	stetoskop	stetoskopo	stethoscope	espdic	worksheet-proposed	inventory	2	rare-anchor	
stinky	stinky	1	P6_tail	stink	stinka	malodorous, smelly, stinking, stinky	espdic	worksheet-proposed	inventory	2	rare-anchor	
stopper	stopper	1	P6_tail	kork	korko	cork, stopper	espdic	worksheet-proposed	inventory	2		
strangely	strangely	1	P6_tail	bizar	bizare	bizarrely, strangely	espdic	worksheet-proposed	inventory	2		
streak	streak	1	P6_tail	strek	streki	to cross out, draw, make a stroke, draw a line, streak, trace	espdic	worksheet-proposed	inventory	2		
strew	strew	1	P6_tail	disĵet	disĵeti	to (broad)cast, scatter, strew	espdic	worksheet-proposed	inventory	2		
strive	strive	1	P6_tail	penad	penadi	to strive	espdic	worksheet-proposed	inventory	2		
stub	stub	1	P6_tail	kupon	kupono	coupon, stub	espdic	worksheet-proposed	inventory	2		
stun	stun	1	P6_tail	svenig	svenigi	to drug, intoxicate, stun, stupefy	espdic	worksheet-proposed	inventory	2		
styling	styling	1	P6_tail	stildifin	stildifino	styling, styles	espdic	worksheet-proposed	inventory	2		
stylish	stylish	1	P6_tail	stil	stila	stylish	espdic	worksheet-proposed	inventory	2		
submerge	submerge	1	P6_tail	ban	bani	to bathe, rinse, wash (over), submerge	espdic	worksheet-proposed	inventory	2		
subside	subside	1	P6_tail	mallev	mallevi	to abate, lower, let down, subside	espdic	worksheet-proposed	inventory	2		
subtract	subtract	1	P6_tail	depren	depreni	to deduce, deduct, take away, take off, subtract	espdic	worksheet-proposed	inventory	2	rare-anchor	
sunbeam	sunbeam	1	P6_tail	sunradi	sunradio	ray of the sun, sunbeam	espdic	worksheet-proposed	inventory	2		
surf	surf	1	P6_tail	surf	surfi	to (web)surf	espdic	worksheet-proposed	inventory	2	rare-anchor	
surfer	surfer	1	P6_tail	retumant	retumanto	cybernaut, internaut, net user, surfer	espdic	worksheet-proposed	inventory	2		
surge	surge	1	P6_tail	hul	huli	to surge	espdic	worksheet-proposed	inventory	2	rare-anchor	
suspiciously	suspiciously	1	P6_tail	suspekt	suspekte	suspiciously	espdic	worksheet-proposed	inventory	2		
swarm	swarm	1	P6_tail	amas	amaso	accumulation, body, crowd, heap, mass, multitude, pile, swarm, hoard, mob, throng, troop	espdic	worksheet-proposed	inventory	2		
sympathetically	sympathetically	1	P6_tail	kunsent	kunsente	sympathetically	espdic	worksheet-proposed	inventory	2		
tart	tart	1	P6_tail	acid	acida	acerbic, acid, sour, tart, acidic	espdic	worksheet-proposed	inventory	2		
tender	tender	1	P6_tail	mol	mola	gentle, soft, tender, minor (music)	espdic	worksheet-proposed	inventory	2		
terror	terror	1	P6_tail	teror	teroro	terror, reign of terror	espdic	worksheet-proposed	inventory	2		
tester	tester	1	P6_tail	testil	testilo	tester	espdic	worksheet-proposed	inventory	2		
thaw	thaw	1	P6_tail	degel	degeli	to melt, thaw	espdic	worksheet-proposed	inventory	2		
thirst	thirst	1	P6_tail	soif	soifi	to be thirsty, thirst	espdic	worksheet-proposed	inventory	2		
thistle	thistle	1	P6_tail	kard	kardo	thistle	espdic	worksheet-proposed	inventory	2		
thorn	thorn	1	P6_tail	dorn	dorno	thorn, prickle, spine	espdic	worksheet-proposed	inventory	2		
thoroughly	thoroughly	1	P6_tail	fund	funde	from A to Z, thoroughly	espdic	worksheet-proposed	inventory	2		
thrive	thrive	1	P6_tail	vigl	vigli	to flourish, thrive	espdic	worksheet-proposed	inventory	2		
throne	throne	1	P6_tail	tron	trono	throne	espdic	worksheet-proposed	inventory	2	rare-anchor	
thump	thump	1	P6_tail	bateg	bategi	to belabor, maul, thrash, thump	espdic	worksheet-proposed	inventory	2		
thunderbolt	thunderbolt	1	P6_tail	ekfulm	ekfulmo	flash, thunderbolt	espdic	worksheet-proposed	inventory	2		
tightness	tightness	1	P6_tail	streĉitec	streĉiteco	tightness	espdic	worksheet-proposed	inventory	2		
tile	tile	1	P6_tail	kahel	kaheli	to tile	espdic	worksheet-proposed	inventory	2		
timely	timely	1	P6_tail	ĝustatemp	ĝustatempa	opportune, seasonable, timely, punctual	espdic	worksheet-proposed	inventory	2		
tinkle	tinkle	1	P6_tail	tint	tinti	to chink, clink, jingle, tinkle	espdic	worksheet-proposed	inventory	2		
toad	toad	1	P6_tail	buf	bufo	toad	espdic	worksheet-proposed	inventory	2		
toaster	toaster	1	P6_tail	panrostil	panrostilo	toaster	espdic	worksheet-proposed	inventory	2		
toddle	toddle	1	P6_tail	paŝet	paŝeti	toddle, trip	espdic	worksheet-proposed	inventory	2		
topple	topple	1	P6_tail	fal	fali	to drop, fall, topple	espdic	worksheet-proposed	inventory	2		
tow	tow	1	P6_tail	tir	tiri	to drag, draw, haul, pull, tug, tow	espdic	worksheet-proposed	inventory	2		
traverse	traverse	1	P6_tail	trair	trairi	to cover, go through, pass through, perambulate, traverse	espdic	worksheet-proposed	inventory	2		
trigger	trigger	1	P6_tail	ĉan	ĉano	hammer (of a gun), trigger	espdic	worksheet-proposed	inventory	2	rare-anchor	
triumph	triumph	1	P6_tail	triumf	triumfi	to triumph	espdic	worksheet-proposed	inventory	2	rare-anchor	
trolley	trolley	1	P6_tail	trole	troleo	trolley	espdic	worksheet-proposed	inventory	2	rare-anchor	
troublesome	troublesome	1	P6_tail	ĝen	ĝena	inconvenient, nasty, troublesome, troubling	espdic	worksheet-proposed	inventory	2		
trundle	trundle	1	P6_tail	rulil	rulilo	roller, truckle, trundle	espdic	worksheet-proposed	inventory	2		
truthful	truthful	1	P6_tail	verem	verema	truthful	espdic	worksheet-proposed	inventory	2		
ufo	ufo	1	P6_tail	nif	nifo	UFO	espdic	worksheet-proposed	inventory	2	rare-anchor	
ultimate	ultimate	1	P6_tail	last	lasta	hindermost, last, ultimate	espdic	worksheet-proposed	inventory	2	rare-anchor	
unattended	unattended	1	P6_tail	senasist	senasista	unattended	espdic	worksheet-proposed	inventory	2		
unclean	unclean	1	P6_tail	malpur	malpura	dirty, filthy, nasty, soiled, unclean, foul, impure	espdic	worksheet-proposed	inventory	2		
undress	undress	1	P6_tail	nudig	nudigi	to undress, strip (someone, something)	espdic	worksheet-proposed	inventory	2		
unfreeze	unfreeze	1	P6_tail	malfrostig	malfrostigi	to unfreeze	espdic	worksheet-proposed	inventory	2		
unhook	unhook	1	P6_tail	dekroĉ	dekroĉi	to unhook	espdic	worksheet-proposed	inventory	2	rare-anchor	
unimportant	unimportant	1	P6_tail	negrav	negrava	immaterial, unimportant	espdic	worksheet-proposed	inventory	2		
unity	unity	1	P6_tail	unu	unuo	unit, element, unity	espdic	worksheet-proposed	inventory	2		
unlucky	unlucky	1	P6_tail	malbonŝanc	malbonŝanca	unlucky, unfortunate	espdic	worksheet-proposed	inventory	2		
unnoticed	unnoticed	1	P6_tail	nerimarkit	nerimarkita	unnoticed	espdic	worksheet-proposed	inventory	2		
unwind	unwind	1	P6_tail	disvolv	disvolvi	to develop, unwind	espdic	worksheet-proposed	inventory	2		
unzip	unzip	1	P6_tail	malzip	malzipi	to unzip	espdic	worksheet-proposed	inventory	2		
upstream	upstream	1	P6_tail	kontraŭflu	kontraŭflua	upstream	espdic	worksheet-proposed	inventory	2		
upwards	upwards	1	P6_tail	supr	supren	above, up, uphill, upwards, upstairs	espdic	worksheet-proposed	inventory	2		
urgently	urgently	1	P6_tail	urĝ	urĝe	urgently	espdic	worksheet-proposed	inventory	2		
utmost	utmost	1	P6_tail	ekstrem	ekstrema	extreme, utmost	espdic	worksheet-proposed	inventory	2		
vacuum	vacuum	1	P6_tail	vaku	vakuo	vacuum	espdic	worksheet-proposed	inventory	2		
vibrate	vibrate	1	P6_tail	vibr	vibri	to vibrate, oscillate, thrill	espdic	worksheet-proposed	inventory	2		
vibration	vibration	1	P6_tail	trem	tremo	quiver, quivering, vibration	espdic	worksheet-proposed	inventory	2		
victor	victor	1	P6_tail	venkant	venkanto	conqueror, vanquisher, victor	espdic	worksheet-proposed	inventory	2		
virtue	virtue	1	P6_tail	virt	virto	morality, vice, virtue	espdic	worksheet-proposed	inventory	2		
vivid	vivid	1	P6_tail	hel	hela	bright, brilliant, clear, light, vivid	espdic	worksheet-proposed	inventory	2		
void	void	1	P6_tail	vak	vaka	vacant, void	espdic	worksheet-proposed	inventory	2		
voyage	voyage	1	P6_tail	vojaĝ	vojaĝi	to journey, travel, voyage	espdic	worksheet-proposed	inventory	2		
wade	wade	1	P6_tail	vad	vadi	to wade	espdic	worksheet-proposed	inventory	2		
wary	wary	1	P6_tail	atent	atenta	attentive, heedful, wary	espdic	worksheet-proposed	inventory	2		
wasteful	wasteful	1	P6_tail	malŝparem	malŝparema	extravagant, wasteful	espdic	worksheet-proposed	inventory	2		
waver	waver	1	P6_tail	tremet	tremeti	to quiver, shiver, waver, wince	espdic	worksheet-proposed	inventory	2		
weed	weed	1	P6_tail	sark	sarki	to hoe, weed, weed out	espdic	worksheet-proposed	inventory	2		
wetness	wetness	1	P6_tail	akvec	akveco	wetness, moisture	espdic	worksheet-proposed	inventory	2		
whack	whack	1	P6_tail	bastonad	bastonadi	to beat, beat up, flog, thrash, whack	espdic	worksheet-proposed	inventory	2		
whirl	whirl	1	P6_tail	kirl	kirli	to curl, froth, stir, whip, whirl	espdic	worksheet-proposed	inventory	2		
whiteness	whiteness	1	P6_tail	blankec	blankeco	whiteness, white	espdic	worksheet-proposed	inventory	2		
width	width	1	P6_tail	larĝ	larĝo	width	espdic	worksheet-proposed	inventory	2		
willingness	willingness	1	P6_tail	vol	volo	will, willingness, wish	espdic	worksheet-proposed	inventory	2		
windmill	windmill	1	P6_tail	ventmuelil	ventmuelilo	windmill	espdic	worksheet-proposed	inventory	2		
wonderfully	wonderfully	1	P6_tail	mirind	mirinde	marvelously, wonderfully	espdic	worksheet-proposed	inventory	2		
woo	woo	1	P6_tail	amindum	amindumi	to court, woo	espdic	worksheet-proposed	inventory	2		
woody	woody	1	P6_tail	arbarriĉ	arbarriĉa	woody	espdic	worksheet-proposed	inventory	2		
wordless	wordless	1	P6_tail	senvort	senvorta	speechless, tacit, wordless, without words	espdic	worksheet-proposed	inventory	2		
worriedly	worriedly	1	P6_tail	zorgoplen	zorgoplene	full of worry, worriedly	espdic	worksheet-proposed	inventory	2		
worsen	worsen	1	P6_tail	pliaĉig	pliaĉigi	to worsen	espdic	worksheet-proposed	inventory	2		
wreck	wreck	1	P6_tail	pere	pereo	destruction, doom, downfall, fall, perdition, ruin, wreck	espdic	worksheet-proposed	inventory	2		
wriggle	wriggle	1	P6_tail	tord	tordi	to contort, twist, warp, wind, wring, wriggle, sprain	espdic	worksheet-proposed	inventory	2		
yearn	yearn	1	P6_tail	avid	avidi	to be avid, covet, crave, lust, want greatly, desire, yearn (for)	espdic	worksheet-proposed	inventory	2		
mommy	mommy	1442	P1_name	panj	panjo	mom, mommy	espdic	worksheet-proposed	freq	1		unclear translation (patrineto?)
hug	hug	1116	P1_name	brakum	brakumi	to embrace, hug	espdic	worksheet-proposed	freq	1		
hop	hop	618	P1_name	hop	hopi	to hop	espdic	worksheet-proposed	seed	1		
rabbit	rabbit	452	P1_name	lepor	leporo	hare, rabbit	espdic	worksheet-proposed	seed	1		
daisy	daisy	394	P1_name	belis	beliso	daisy	espdic	worksheet-proposed	freq	1		
curious	curious	388	P1_name	sciam	sciama	curious, inquisitive	espdic	worksheet-proposed	freq	1		unclear translation (kurioza)
doll	doll	354	P2_hot	pup	pupo	chrysalis, pupa, doll, puppet	espdic	worksheet-proposed	freq	1		
okay	okay	343	P1_name	bon	bona	good, nice, okay, kind, nice	espdic	worksheet-proposed	freq	1		
daddy	daddy	338	P1_name	paĉj	paĉjo	dad, daddy, pa, papa	espdic	worksheet-proposed	freq	1		
swing	swing	274	P2_hot	sving	svingi	to brandish, fling, swing, wave, wave about	espdic	worksheet-proposed	freq	1		
bunny	bunny	263	P1_name	kuniklet	kunikleto	bunny	espdic	worksheet-proposed	freq	1		unclear translation: rabbit
mama	mama	263	P1_name	patrinet	patrineto	little mother, mama	espdic	worksheet-proposed	freq	1		translation: mother dear
pond	pond	242	P2_hot	laget	lageto	pond	espdic	worksheet-proposed	freq	1		
puppy	puppy	235	P1_name	hundid	hundido	pup, puppy	espdic	worksheet-proposed	freq	1		unclear translation: little dog
squirrel	squirrel	214	P1_name	sciur	sciuro	squirrel	espdic	worksheet-proposed	freq	1		
magical	magical	202	P2_hot	magi	magia	magical	espdic	worksheet-proposed	freq	1		
clap	clap	194	P2_hot	klak	klaki	to chatter, clap, click, rattle, flap, slap, smack	espdic	worksheet-proposed	freq	1		
cheer	cheer	188	P2_hot	hur	huri	to cheer	espdic	worksheet-proposed	freq	1		translation (hurai)
balloon	balloon	181	P2_hot	balon	balono	balloon, flask	espdic	worksheet-proposed	freq	1		
owl	owl	160	P1_name	guf	gufo	(eagle) owl	espdic	worksheet-proposed	freq	1		
splash	splash	153	P1_name	plaŭd	plaŭdi	to beat, flap, lap, plash, splash	espdic	worksheet-proposed	freq	1		unclear translation (spruci)
skip	skip	150	P1_name	dancet	danceti	to hop, skip	espdic	worksheet-proposed	seed	1		multiple meanings (skip around, skip away, skip over, skip in, skip through…), including danceti
monster	monster	148	P1_name	bestaĉ	bestaĉo	horrid creature, monster	espdic	worksheet-proposed	freq	1		
colorful	colorful	146	P1_name	bunt	bunta	colorful, multicolored	espdic	worksheet-proposed	freq	1		unclear translation 
kitty	kitty	144	P1_name	katet	kateto	kitty	espdic	worksheet-proposed	freq	1		unclear eo translation (katido?)
nearby	nearby	143	P2_hot	apud	apud	at, beside, by, near (to), nearby, next to	espdic	worksheet-proposed	freq	1		[nearby tree, nearby shop, nearby park]
chase	chase	142	P1_name	pel	peli	to chase, drive, drive on, impel, shoo, expel, dispel, propel	espdic	worksheet-proposed	freq	1		unclear translation
dragon	dragon	141	P2_hot	drak	drako	dragon	espdic	worksheet-proposed	freq	1		
relieve	relieve	141	P2_hot	senpezig	senpezigi	to cause to be weightless, relieve	espdic	worksheet-proposed	freq	1		calmed (trankviligita)
cave	cave	139	P1_name	kav	kavo	cave, cavity, groove	espdic	worksheet-proposed	freq	1		
sunny	sunny	138	P1_name	sun	sune	sunny	espdic	worksheet-proposed	freq	1		
bucket	bucket	137	P2_hot	sitel	sitelo	bucket, pail	espdic	worksheet-proposed	freq	1		
fairy	fairy	134	P1_name	fe	fea	faerie, fairy, spirit	espdic	worksheet-proposed	freq	1		unclear translation (feino)
kite	kite	128	P2_hot	kajt	kajto	kite	espdic	worksheet-proposed	freq	1		
backyard	backyard	123	P2_hot	malantaŭkort	malantaŭkorto	backyard	espdic	worksheet-proposed	freq	1		backyard
naughty	naughty	122	P2_hot	malbon	malbona	bad, miserable, nasty, poor, naughty, evil, wicked	espdic	worksheet-proposed	freq	1		
yell	yell	118	P2_hot	ŝrik	ŝriki	to howl, vociferate, yell	espdic	worksheet-proposed	freq	1		
delight	delight	115	P2_hot	ĝu	ĝuo	delight, joy	espdic	worksheet-proposed	freq	1		(gojo)
crayon	crayon	111	P1_name	paŝtel	paŝtelo	crayon, pastel	espdic	worksheet-proposed	freq	1		
bow	bow	108	P2_hot	ark	arko	arc, bow, arch, buttress	espdic	worksheet-proposed	freq	1		several meanings: bow and arrow, bow down
tasty	tasty	107	P2_hot	frand	franda	alluring, attractive, enticing, tempting, appetizing, delicious, tasty	espdic	worksheet-proposed	freq	1		tasty (bongusta)
whistle	whistle	107	P1_name	fajf	fajfi	to whistle	espdic	worksheet-proposed	freq	1		unclear translation
basket	basket	105	P2_hot	korb	korbo	basket, hamper	espdic	worksheet-proposed	freq	1		
giggle	giggle	105	P1_name	subrid	subrido	giggle, snigger	espdic	worksheet-proposed	freq	1		unclear translation
jog	jog	104	P1_name	ĝog	ĝogi	to jog	espdic	worksheet-proposed	freq	1		unclear translation
sack	sack	104	P2_hot	sak	sako	bag, sack, wallet	espdic	worksheet-proposed	freq	1		
kitten	kitten	103	P1_name	katid	katido	kitten	espdic	worksheet-proposed	freq	1		unclear eo translation (kateto?)
sunshine	sunshine	103	P3_compound	sunbril	sunbrilo	sun, sunshine	espdic	worksheet-proposed	freq	1		
bounce	bounce	102	P2_hot	salt	salti	to jump, leap, spring, bounce, bound, vault	espdic	worksheet-proposed	freq	1		jump (salto)
crawl	crawl	102	P2_hot	ramp	rampi	to crawl, creep, sneak	espdic	worksheet-proposed	seed	1		
cozy	cozy	100	P1_name	komfort	komforta	at ease, comfortable, cozy, snug	espdic	worksheet-proposed	freq	1		
sparkle	sparkle	100	P1_name	bril	brili	to glisten, glow, shine, sparkle	espdic	worksheet-proposed	freq	1		unclear translation (brileto)
grandpa	grandpa	94	P1_name	avĉj	avĉjo	grandpa, granddad	espdic	worksheet-proposed	freq	1		unclear translation
lovely	lovely	92	P2_hot	bel	bela	beautiful, fine, handsome, lovely, good-looking, pretty	espdic	worksheet-proposed	freq	1		nice (bela, belo, carma)
roar	roar	92	P1_name	muĝ	muĝi	to bellow, howl, roar, low, moo, roar	espdic	worksheet-proposed	freq	1		unclear translation, maybe several meanings for Tier 1
bark	bark	91	P1_name	boj	boji	to bay, bark	espdic	worksheet-proposed	freq	1		unclear eo translation (barko?)
furry	furry	90	P1_name	fel	fela	furry	espdic	worksheet-proposed	freq	1		unclear translation: soft, bush-like
cute	cute	89	P2_hot	belet	beleta	attractive, bonny, pretty, comely, cute	espdic	worksheet-proposed	freq	1		cute boy (dolce knabo)
puddle	puddle	89	P2_hot	flak	flako	puddle, pool	espdic	worksheet-proposed	freq	1		dog puddle
meadow	meadow	87	P2_hot	herbej	herbejo	lawn, meadow, prairie, pasture	espdic	worksheet-proposed	freq	1		
peanut	peanut	87	P1_name	arakid	arakido	peanut, groundnut	espdic	worksheet-proposed	freq	1		
jar	jar	84	P2_hot	bokal	bokalo	jar	espdic	worksheet-proposed	freq	1		
jungle	jungle	84	P1_name	ĝangal	ĝangalo	jungle, rain forest	espdic	worksheet-proposed	freq	1		
peek	peek	82	P2_hot	okulad	okuladi	to peep, peek	espdic	worksheet-proposed	freq	1		
picnic	picnic	82	P2_hot	piknik	pikniki	to picnic	espdic	worksheet-proposed	freq	1		
playground	playground	81	P2_hot	ludej	ludejo	playground	espdic	worksheet-proposed	freq	1		
puzzle	puzzle	81	P1_name	puzl	puzlo	puzzle	espdic	worksheet-proposed	freq	1		
mrs	mrs	79	P1_name	sinjorin	sinjorino	lady, madam, Mrs.	espdic	worksheet-proposed	freq	1		
angel	angel	77	P2_hot	anĝel	anĝelo	angel	espdic	worksheet-proposed	freq	1		
ant	ant	76	P1_name	formik	formiko	ant	espdic	worksheet-proposed	seed	1		
gently	gently	75	P2_hot	mol	mole	gently, softly, tenderly	espdic	worksheet-proposed	freq	1		(gentile)
wander	wander	75	P2_hot	vag	vagi	to drift, loiter, prowl, ramble, roam, wander, meander, stray	espdic	worksheet-proposed	freq	1		
tightly	tightly	74	P2_hot	prem	preme	oppressively, tightly	espdic	worksheet-proposed	freq	1		hugged tightly
berry	berry	73	P2_hot	ber	bero	berry	espdic	worksheet-proposed	freq	1		
tiger	tiger	73	P2_hot	tigr	tigro	tiger	espdic	worksheet-proposed	seed	1		
goat	goat	72	P1_name	kapr	kapro	goat	espdic	worksheet-proposed	seed	1		
mr	mr	72	P1_name	sinjor	sinjoro	gentleman, lord, Mr., Sir	espdic	worksheet-proposed	freq	1		
sigh	sigh	72	P2_hot	ekĝem	ekĝemi	to sigh	espdic	worksheet-proposed	freq	1		(suspiro)
dependable	dependable	71	P1_name	fidebl	fidebla	dependable, reliable, responsible, trusty	espdic	worksheet-proposed	freq	1		translation: reliable
smelly	smelly	71	P2_hot	stink	stinka	malodorous, smelly, stinking, stinky	espdic	worksheet-proposed	freq	1		
wipe	wipe	71	P2_hot	viŝ	viŝi	to delete, wipe, erase, remove	espdic	worksheet-proposed	freq	1		
jealous	jealous	70	P2_hot	ĵaluz	ĵaluza	jealous	espdic	worksheet-proposed	seed	1		
papa	papa	70	P1_name	paĉj	paĉjo	dad, daddy, pa, papa	espdic	worksheet-proposed	freq	1		translation: father dear (patreto)
grace	grace	69	P1_name	grac	graco	grace (of God), gracefulness, mercy	espdic	worksheet-proposed	freq	1		translation: elegantly
pizza	pizza	68	P1_name	pic	pico	pizza	espdic	worksheet-proposed	freq	1		
shore	shore	68	P2_hot	bord	bordo	bank, border, edge, coast, shore	espdic	worksheet-proposed	freq	1		
caterpillar	caterpillar	67	P1_name	raŭp	raŭpo	caterpillar	espdic	worksheet-proposed	freq	1		unclear translation
selfish	selfish	67	P2_hot	egoism	egoisma	self-interested, selfish, egoistical	espdic	worksheet-proposed	freq	1		
wagon	wagon	67	P2_hot	vagon	vagono	car, carriage, coach, railway carriage, wagon	espdic	worksheet-proposed	freq	1		
ladder	ladder	66	P2_hot	eskal	eskalo	ladder	espdic	worksheet-proposed	freq	1		
sleepy	sleepy	66	P2_hot	dormem	dormema	drowsy, sleepy	espdic	worksheet-proposed	freq	1		
sour	sour	66	P1_name	acid	acida	acerbic, acid, sour, tart, acidic	espdic	worksheet-proposed	freq	1		translation: sour (acidigi?)
thankful	thankful	66	P2_hot	dank	danka	thankful, grateful	espdic	worksheet-proposed	freq	1		
mitten	mitten	65	P1_name	muf	mufo	gas mantle, mitten, muff	espdic	worksheet-proposed	freq	1		
glow	glow	64	P2_hot	ard	ardi	to be ardent, burn, glow, glow with heat	espdic	worksheet-proposed	freq	1		
tag	tag	64	P2_hot	mark	marki	to mark, tag, highlight	espdic	worksheet-proposed	freq	1		game of tag (etikedo)
bench	bench	63	P2_hot	benk	benko	bench, form	espdic	worksheet-proposed	freq	1		
zip	zip	63	P1_name	zip	zipi	to zip	espdic	worksheet-proposed	freq	1		multiple meanings (movement, clothes, line etc.)
clumsy	clumsy	62	P1_name	fuŝ	fuŝa	clumsy, half-assed, ham-fisted, inept, messy	espdic	worksheet-proposed	freq	1		translation: messy
gem	gem	62	P1_name	gem	gemo	gem, jewel	espdic	worksheet-proposed	freq	1		
clay	clay	61	P2_hot	argil	argila	earthen, clay, stone	espdic	worksheet-proposed	freq	1		play with clay (argilo)
frustrate	frustrate	61	P2_hot	vanig	vanigi	to foil, thwart, frustrate	espdic	worksheet-proposed	freq	1		was frustrated (estis frustrita)
honey	honey	61	P1_name	miel	mielo	honey	espdic	worksheet-proposed	freq	1		sevral meanings: swettie, honeybee product
tidy	tidy	61	P1_name	ord	orda	ordered, tidy, organized, systematic	espdic	worksheet-proposed	freq	1		several meanings: tidy, tidy up
wag	wag	61	P2_hot	sving	svingo	wag, waggle, wave	espdic	worksheet-proposed	freq	1		dag tail wagged (svingado)
cactus	cactus	60	P1_name	kakt	kakto	cactus	espdic	worksheet-proposed	freq	1		
chew	chew	60	P2_hot	maĉ	maĉi	to chew, masticate, munch	espdic	worksheet-proposed	freq	1		
brightly	brightly	59	P2_hot	hel	hele	brightly, clearly	espdic	worksheet-proposed	freq	1		sun shined brightly
arrow	arrow	58	P2_hot	sag	sago	arrow, dart	espdic	worksheet-proposed	freq	1		
candle	candle	58	P2_hot	kandel	kandelo	candle	espdic	worksheet-proposed	freq	1		
comet	comet	58	P1_name	komet	kometo	comet	espdic	worksheet-proposed	freq	1		
eager	eager	58	P1_name	avid	avida	avid, eager, greedy	espdic	worksheet-proposed	freq	1		
messy	messy	58	P2_hot	fuŝ	fuŝa	clumsy, half-assed, ham-fisted, inept, messy	espdic	worksheet-proposed	freq	1		room was messy
ruin	ruin	58	P2_hot	pere	pereo	destruction, doom, downfall, fall, perdition, ruin, wreck	espdic	worksheet-proposed	freq	1		ruin their celebration (ruinigi)
frown	frown	57	P2_hot	sulkig	sulkigi	to furrow, wrinkle, frown	espdic	worksheet-proposed	freq	1		
turkey	turkey	57	P2_hot	meleagr	meleagro	turkey	espdic	worksheet-proposed	freq	1		
bald	bald	56	P2_hot	kalv	kalva	bald(-headed), hairless	espdic	worksheet-proposed	freq	1		bald man
icy	icy	56	P1_name	glaci	glacia	icy	espdic	worksheet-proposed	freq	1		
lick	lick	56	P2_hot	lek	leki	to lick, lap	espdic	worksheet-proposed	freq	1		
raven	raven	56	P1_name	korv	korvo	crow, raven	espdic	worksheet-proposed	freq	1		
stumble	stumble	56	P2_hot	falet	faleti	to slip, stumble, trip	espdic	worksheet-proposed	freq	1		
accidentally	accidentally	55	P2_hot	akcident	akcidente	accidentally	espdic	worksheet-proposed	freq	1		
adventurous	adventurous	55	P2_hot	risk	riska	adventurous, hazardous, risky, venturous	espdic	worksheet-proposed	freq	1		She was very adventurous and liked to explore (adventurema)
dolphin	dolphin	55	P2_hot	delfen	delfeno	dolphin	espdic	worksheet-proposed	seed	2		
lizard	lizard	55	P2_hot	lacert	lacerto	lizard	espdic	worksheet-proposed	freq	1		
maze	maze	55	P2_hot	labirint	labirinto	labyrinth, labyrinth, maze	espdic	worksheet-proposed	freq	1		
obedient	obedient	55	P2_hot	obe	obea	docile, obedient	espdic	worksheet-proposed	freq	1		
sneeze	sneeze	55	P2_hot	tern	terni	to sneeze	espdic	worksheet-proposed	freq	1		
octopus	octopus	54	P2_hot	polp	polpo	octopus	espdic	worksheet-proposed	seed	2		
barber	barber	53	P2_hot	barbir	barbiro	barber	espdic	worksheet-proposed	freq	1		
bloom	bloom	53	P1_name	flor	flori	to bloom, blossom, flower	espdic	worksheet-proposed	freq	1		translation: blossom
dinosaur	dinosaur	53	P2_hot	dinosaŭr	dinosaŭro	dinosaur	espdic	worksheet-proposed	freq	1		
dizzy	dizzy	53	P2_hot	kapturn	kapturna	dizzy	espdic	worksheet-proposed	freq	1		
pirate	pirate	53	P2_hot	pirat	pirato	pirate, sea robber, hacker	espdic	worksheet-proposed	freq	1		
chirp	chirp	52	P1_name	pep	pepi	to chirp, peep, twitter, warble, beep	espdic	worksheet-proposed	freq	1		
hive	hive	52	P2_hot	abeluj	abelujo	beehive, hive	espdic	worksheet-proposed	freq	1		several meanings: It was shaped differently than his hive and it had some interesting patterns painted on it; A honeybee was living inside the hive and was very happy.The little bee had a home called a hive.
soar	soar	52	P2_hot	sor	sori	to soar	espdic	worksheet-proposed	freq	1		
violin	violin	52	P2_hot	violon	violono	fiddle, violin	espdic	worksheet-proposed	freq	1		
buzz	buzz	51	P1_name	zum	zumi	to buzz, hum, roar (traffic)	espdic	worksheet-proposed	freq	1		
cherry	cherry	51	P2_hot	ĉeriz	ĉerizo	cherry	espdic	worksheet-proposed	seed	1		
pillow	pillow	51	P2_hot	kusen	kuseno	cushion, pillow	espdic	worksheet-proposed	freq	1		
smith	smith	51	P1_name	forĝist	forĝisto	blacksmith, smith	espdic	worksheet-proposed	freq	1		
delicate	delicate	50	P2_hot	tikl	tikla	ticklish, delicate	espdic	worksheet-proposed	freq	1		Several meanings: noticed a delicate little box (delikatan); He especially enjoyed listening and learning about the delicate way of life. 
mighty	mighty	50	P1_name	potenc	potenca	dominant, mighty, potent, powerful	espdic	worksheet-proposed	freq	1		translation: big
exclaim	exclaim	49	P2_hot	ekkri	ekkrii	to call out, cry out, exclaim, shout out	espdic	worksheet-proposed	freq	1		Excited, he exclaimed out loud
olive	olive	49	P1_name	oliv	olivo	olive	espdic	worksheet-proposed	freq	1		
squeeze	squeeze	49	P2_hot	prem	premi	to press, oppress, squeeze, grasp, push, hold down, depress, hit (a key)	espdic	worksheet-proposed	freq	1		
cushion	cushion	48	P2_hot	kusen	kuseno	cushion, pillow	espdic	worksheet-proposed	freq	1		
eraser	eraser	48	P2_hot	gum	gumo	eraser, gum	espdic	worksheet-proposed	freq	1		
higher	higher	48	P2_hot	alt	alta	high, lofty, tall, alto	espdic	curated	freq	1		
kayak	kayak	48	P1_name	kajak	kajaki	to kayak	espdic	worksheet-proposed	freq	1		
leash	leash	48	P2_hot	ligil	ligilo	band, strap, bond, tie, leash, tether, linker, link (WWW)	espdic	worksheet-proposed	freq	1		
poppy	poppy	48	P1_name	papav	papavo	poppy	espdic	worksheet-proposed	freq	1		translation: flower poppy
ignorant	ignorant	47	P1_name	malkler	malklera	dull, stupid, ignorant, illiterate, uncultured, uneducated, simple	espdic	worksheet-proposed	freq	1		translation: uneducated
jewel	jewel	47	P1_name	gem	gemo	gem, jewel	espdic	worksheet-proposed	freq	1		
juicy	juicy	47	P2_hot	suk	suka	juicy	espdic	worksheet-proposed	freq	1		
otter	otter	47	P2_hot	lutr	lutro	otter	espdic	worksheet-proposed	freq	1		
persistent	persistent	47	P2_hot	persist	persista	perennial, persistent, retentive	espdic	curated	freq	1		
surrender	surrender	47	P1_name	rezign	rezigni	to abandon, give up, resign, renounce, yield, renounce, surrender, cancel	espdic	worksheet-proposed	freq	1		translation: give up
blueberry	blueberry	46	P2_hot	mirtel	mirtelo	blueberry	espdic	curated	freq	1		
cage	cage	46	P2_hot	kaĝ	kaĝo	cage	espdic	worksheet-proposed	freq	1		
clown	clown	46	P1_name	klaŭn	klaŭno	clown	espdic	worksheet-proposed	freq	1		
crab	crab	46	P2_hot	krab	krabo	crab	espdic	worksheet-proposed	seed	2		
dull	dull	46	P2_hot	malbril	malbrila	dull (unpolished)	espdic	curated	freq	1		
flute	flute	46	P1_name	flut	fluto	flute	espdic	worksheet-proposed	freq	1		
gasp	gasp	46	P2_hot	aĥ	aĥi	to gasp, whimper	espdic	worksheet-proposed	freq	1		
glue	glue	46	P2_hot	glu	gluo	glue	espdic	curated	freq	1		
pit	pit	46	P1_name	put	puto	well, pit	espdic	worksheet-proposed	freq	1		
pole	pole	46	P1_name	fost	fosto	pole, post, stanchion, stake, upright, upright beam, upright support, vertical support, pier	espdic	worksheet-proposed	freq	1		translation: hole in the ground
shopkeeper	shopkeeper	46	P2_hot	butikist	butikisto	merchant, retailer, shopkeeper, tradesman	espdic	worksheet-proposed	freq	1		
spray	spray	46	P2_hot	ŝpruc	ŝpruci	to gush, spurt, spurt out, splash, spout, pop-out	espdic	curated	freq	1		
witch	witch	46	P2_hot	sorĉistin	sorĉistino	witch	espdic	worksheet-proposed	freq	1		
foolish	foolish	45	P2_hot	stult	stulta	foolish, silly, stupid, dumb	espdic	worksheet-proposed	freq	1		
hippo	hippo	45	P1_name	hipopotam	hipopotamo	hippo, hippopotamus	espdic	worksheet-proposed	freq	1		
leak	leak	45	P2_hot	lik	liki	to leak	espdic	worksheet-proposed	freq	1		
loyal	loyal	45	P2_hot	fidel	fidela	accurate, exact, faithful, loyal, staunch, trusty, trustworthy	espdic	worksheet-proposed	freq	1		
turtle	turtle	44	P1_name	keloni	kelonio	turtle	espdic	worksheet-proposed	freq	1		
cone	cone	41	P1_name	konus	konuso	cone	espdic	worksheet-proposed	freq	1		
crack	crack	41	P1_name	fend	fendi	to cleave, crack, split	espdic	worksheet-proposed	freq	1		several meanings: sound, a split/crack, a process of breaking
sweetheart	sweetheart	41	P1_name	amat	amato	beloved, loved one, lover, sweetheart, well-beloved	espdic	worksheet-proposed	freq	1		meaning: dear
mushroom	mushroom	40	P1_name	fung	fungo	fungus, mushroom, toadstool	espdic	worksheet-proposed	freq	1		
sweetie	sweetie	40	P1_name	dolĉul	dolĉulo	sweetie, sweetheart	espdic	worksheet-proposed	freq	1		meaning: dear
volcano	volcano	40	P1_name	vulkan	vulkano	volcano	espdic	worksheet-proposed	freq	1		
velvet	velvet	39	P1_name	velur	velura	velvet	espdic	worksheet-proposed	freq	1		
harbor	harbor	37	P1_name	haven	haveno	harbor, port, haven, seaport	espdic	worksheet-proposed	freq	1		
snap	snap	36	P1_name	klak	klako	click, snap	espdic	worksheet-proposed	freq	1		
meow	meow	35	P1_name	miaŭ	miaŭi	to meow, mew	espdic	worksheet-proposed	freq	1		
rat	rat	35	P1_name	rat	rato	rat	espdic	worksheet-proposed	freq	1		
hay	hay	34	P1_name	fojn	fojno	hay	espdic	worksheet-proposed	freq	1		
beep	beep	33	P1_name	pep	pepi	to chirp, peep, twitter, warble, beep	espdic	worksheet-proposed	freq	1		
ow	ow	33	P1_name	a	aj	ow, ouch, oh	espdic	worksheet-proposed	freq	1		translation: ouch
faucet	faucet	32	P1_name	kran	krano	cock, faucet, tap, spigot	espdic	worksheet-proposed	freq	1		
goose	goose	32	P1_name	anser	ansero	goose	espdic	worksheet-proposed	freq	1		
snowy	snowy	32	P1_name	neĝ	neĝa	snowy	espdic	worksheet-proposed	freq	1		
leopard	leopard	31	P1_name	panter	pantero	leopard, panther	espdic	worksheet-proposed	freq	1		
pup	pup	31	P1_name	hundid	hundido	pup, puppy	espdic	worksheet-proposed	freq	1		
zigzag	zigzag	31	P1_name	zigzag	zigzaga	zigzag	espdic	worksheet-proposed	freq	1		
lemonade	lemonade	30	P1_name	limonad	limonado	lemonade	espdic	worksheet-proposed	freq	1		
loop	loop	30	P1_name	maŝ	maŝo	knot, link, loop, mesh, mail (armor)	espdic	worksheet-proposed	freq	1		traslation: (buklo)
pine	pine	29	P1_name	pin	pino	pine (tree)	espdic	worksheet-proposed	freq	1		
sunflower	sunflower	29	P1_name	heliant	helianto	sunflower	espdic	worksheet-proposed	freq	1		
yogurt	yogurt	29	P1_name	jahurt	jahurto	yogurt	espdic	worksheet-proposed	freq	1		
boo	boo	28	P1_name	h	hu	boo	espdic	worksheet-proposed	freq	1		
peach	peach	28	P1_name	persik	persiko	nectarine, peach	espdic	worksheet-proposed	seed	1		
tweet	tweet	28	P1_name	pepaĵ	pepaĵo	tweet	espdic	worksheet-proposed	freq	1		
rod	rod	27	P1_name	verg	vergo	cane, rod, switch, wand, stick, staff	espdic	worksheet-proposed	freq	1		
deaf	deaf	25	P1_name	surd	surda	deaf	espdic	worksheet-proposed	freq	1		
hiding	hiding	25	P1_name	kaŝ	kaŝo	concealment, (act of) hiding, obfuscation	espdic	worksheet-proposed	freq	1		
igloo	igloo	24	P1_name	igl	iglo	igloo	espdic	worksheet-proposed	freq	1		
pat	pat	24	P1_name	frapet	frapeti	to pat, tap, rap	espdic	worksheet-proposed	freq	1		
copper	copper	23	P1_name	kupr	kupra	copper	espdic	worksheet-proposed	freq	1		
gorilla	gorilla	23	P1_name	goril	gorilo	gorilla	espdic	worksheet-proposed	freq	1		
bang	bang	21	P1_name	knal	knali	to bang, explode, burst, make a loud sound	espdic	worksheet-proposed	freq	1		
fuzzy	fuzzy	21	P1_name	svag	svaga	vague, fuzzy	espdic	worksheet-proposed	freq	1		
granny	granny	21	P1_name	avinj	avinjo	granny	espdic	worksheet-proposed	freq	1		
twinkle	twinkle	21	P1_name	brilet	brileti	to scintillate, twinkle	espdic	worksheet-proposed	freq	1		
unite	unite	21	P1_name	kupl	kupli	to couple, join (up), unite, connect	espdic	worksheet-proposed	freq	1		translation: to unite
veterinarian	veterinarian	21	P1_name	veterinar	veterinaro	veterinarian	espdic	worksheet-proposed	freq	1		
luckily	luckily	19	P1_name	feliĉ	feliĉe	fortunately, happily, luckily	espdic	worksheet-proposed	freq	2		
pancake	pancake	18	P1_name	flan	flano	flan, tart, pancake, thin flat pastry	espdic	worksheet-proposed	freq	2		
ouch	ouch	17	P1_name	a	aj	ow, ouch, oh	espdic	worksheet-proposed	freq	2		translation : ow
elf	elf	15	P1_name	elf	elfo	elf	espdic	worksheet-proposed	freq	2		
curiosity	curiosity	14	P1_name	sciem	sciemo	curiosity, curiousness	espdic	worksheet-proposed	freq	2		translation: (kuriozajo)
ladybug	ladybug	14	P1_name	kokcinel	kokcinelo	lady beetle, ladybird, ladybird beetle, ladybug	espdic	worksheet-proposed	seed	1		translation: ladybug beetle
melody	melody	14	P1_name	melodi	melodio	melody, tune	espdic	worksheet-proposed	freq	2		
superhero	superhero	14	P3_compound	superhero	superheroo	superhero	espdic	worksheet-proposed	freq	2		
flora	flora	13	P1_name	flaŭr	flaŭro	flora	espdic	worksheet-proposed	freq	2		
parrot	parrot	13	P1_name	papag	papago	parrot	espdic	worksheet-proposed	freq	2		
rob	rob	13	P1_name	rab	rabi	to pillage, plunder, rob, take away (by force)	espdic	worksheet-proposed	freq	2		
rover	rover	13	P1_name	rover	rovero	rover, venturer	espdic	worksheet-proposed	freq	2		
holly	holly	12	P1_name	ileks	ilekso	holly	espdic	worksheet-proposed	freq	2		translation (sanktaj)
nectar	nectar	12	P1_name	nektar	nektaro	nectar	espdic	worksheet-proposed	freq	2		
nutty	nutty	12	P1_name	arom	aroma	aromatic, fragrant, nutty	espdic	worksheet-proposed	freq	2		
rusty	rusty	12	P1_name	rust	rusta	rusty	espdic	worksheet-proposed	freq	2		
snail	snail	12	P1_name	limak	limako	slug, snail	espdic	worksheet-proposed	freq	2		
bumpy	bumpy	11	P1_name	maleben	malebena	bumpy, rugged, rough	espdic	worksheet-proposed	freq	2		several translations: round shape,  ball jumpy, not smooth
ginger	ginger	11	P1_name	ruf	rufa	ginger, red, russet, rust-colored, roan	espdic	worksheet-proposed	freq	2		translation: red hair (rugaj)
noon	noon	11	P1_name	tagmez	tagmezo	midday, noon	espdic	worksheet-proposed	seed	1		
ashtray	ashtray	10	P1_name	cindruj	cindrujo	ash pan, ashtray	espdic	worksheet-proposed	freq	2		
bin	bin	10	P1_name	uj	ujo	bin, container, box, vessel	espdic	worksheet-proposed	freq	2		
crow	crow	10	P1_name	korv	korvo	crow, raven	espdic	worksheet-proposed	freq	2		
willow	willow	10	P1_name	salik	saliko	willow	espdic	worksheet-proposed	freq	2		translation: willow tree
awake	awake	9	P1_name	vek	veka	awake	espdic	worksheet-proposed	freq	2		
bongo	bongo	9	P1_name	bong	bongo	bongo (drum)	espdic	worksheet-proposed	freq	2		translation: drum
pinky	pinky	9	P1_name	etfingr	etfingro	little finger, pinky (finger)	espdic	worksheet-proposed	freq	2		
ruby	ruby	9	P1_name	ruben	rubeno	ruby	espdic	worksheet-proposed	freq	2		
speedy	speedy	9	P1_name	rapid	rapida	brisk, quick, rapid, speedy, swift, hasty, prompt, fast, high-speed	espdic	worksheet-proposed	freq	2		
startle	startle	9	P1_name	ektrem	ektremi	to start, startle	espdic	worksheet-proposed	freq	2		translation: (konsternis, konsterno, konsternita)
mosquito	mosquito	8	P1_name	kul	kulo	gnat, mosquito	espdic	worksheet-proposed	freq	2		translation (moskito)
pudding	pudding	8	P1_name	puding	pudingo	pudding	espdic	worksheet-proposed	freq	2		
buddy	buddy	7	P1_name	kamarad	kamarado	buddy, companion, comrade, pal, mate, chum	espdic	worksheet-proposed	freq	2		
carol	carol	7	P1_name	karol	karolo	carol	espdic	worksheet-proposed	freq	2		
kin	kin	7	P1_name	gent	gento	clan, ethnic group, genus, tribe, family, kin, race, people	espdic	worksheet-proposed	freq	2		
shoo	shoo	7	P1_name	huŝ	huŝi	to shoo, shish (in order to scare away small animals)	espdic	worksheet-proposed	freq	2		translation: shoo away
auntie	auntie	6	P1_name	onj	onjo	auntie	espdic	worksheet-proposed	freq	2		translation (onklino)
moo	moo	6	P1_name	muĝ	muĝi	to bellow, howl, roar, low, moo, roar	espdic	worksheet-proposed	freq	2		
porcupine	porcupine	6	P1_name	histrik	histriko	porcupine	espdic	worksheet-proposed	freq	2		
robin	robin	6	P1_name	ruĝgorĝul	ruĝgorĝulo	redbreast, robin, robin redbreast	espdic	worksheet-proposed	freq	2		
squeaky	squeaky	6	P1_name	ĉirp	ĉirpa	squeaky, strident	espdic	worksheet-proposed	freq	2		
caw	caw	5	P1_name	grak	graki	to caw, croak, rasp	espdic	worksheet-proposed	freq	2		
coo	coo	5	P1_name	kver	kveri	to coo	espdic	worksheet-proposed	freq	2		translation: - sound of a bird
granddad	granddad	5	P1_name	avĉj	avĉjo	grandpa, granddad	espdic	worksheet-proposed	freq	2		? (avo)
granddaughter	granddaughter	5	P1_name	nepin	nepino	granddaughter	espdic	worksheet-proposed	seed	2		
