en_lemma	total_freq	action	eo_root	eo_word	eo_gloss	component_roots	proposed_tier	cefr	alt_candidates	flag	notes
lily	4354	NEW	lil	lilo	lily		1	A1	lilio	ok	reclaimed from proper_noun — confirm not a name
mommy	1442	LINK	panj	panjo	mom, mommy		1	A1		ok	reclaimed from proper_noun — confirm not a name
hug	1116	NEW	brakum	brakumi	to embrace, hug		1	A1	brakumo, ĉirkaŭbraki, ĉirkaŭpremi, ĉirkaŭprenegi, ĉirkaŭpreni	ok	reclaimed from proper_noun — confirm not a name
jack	1086	NEW	bub	bubo	brat kid, urchin, jack (cards)		1	A1	fanto, ĵako, kriko	ok	reclaimed from proper_noun — confirm not a name
anna	648				ana, anna		1	A1	sesdekona rupio	no_match	reclaimed from proper_noun — confirm not a name
hop	618	NEW	hop	hopi	to hop		1	A1	danceti, lupolo, salteti, salteto	ok	reclaimed from proper_noun — confirm not a name
nod	480	NEW	balanc	balanci	to balance, rock, swing, sway, nod		1	A1	balanco, kapjesi, signodoni	ok	reclaimed from proper_noun — confirm not a name
rabbit	452	NEW	lepor	leporo	hare, rabbit		1	A1	kuniklo	ok	reclaimed from proper_noun — confirm not a name
daisy	394	NEW	belis	beliso	daisy		1	A1	lekanteto, lekanto, margarito	ok	reclaimed from proper_noun — confirm not a name
curious	388	NEW	sciam	sciama	curious, inquisitive		1	A1	esplorema, kurioza, sciema, scivola, stranga	ok	reclaimed from proper_noun — confirm not a name
sue	370	LINK	proces	procesi	to go to court, litigate, sue, plead		1	A1		ok	reclaimed from proper_noun — confirm not a name
doll	354	NEW	pup	pupo	chrysalis, pupa, doll, puppet		1	A1		ok	
okay	343	LINK	bon	bona	good, nice, okay, kind, nice		1	A1	ĝuste, konsentite, okej	ok	reclaimed from proper_noun — confirm not a name
daddy	338	LINK	paĉj	paĉjo	dad, daddy, pa, papa		1	A1		ok	reclaimed from proper_noun — confirm not a name
bug	291	NEW	mis	miso	evil, fault, foul, bug (software)		1	A1	eraro, insekto, kaŝaŭskulti, kaŝmikrofono, subaŭskulti	ok	
butterfly	291	NEW	papili	papilio	butterfly	pap+ili	1	A1		compound	
swing	274	NEW	sving	svingi	to brandish, fling, swing, wave, wave about		1	A1	balanci, balanciĝi, balancilo, pendoli, pendolilo	ok	
bunny	263	NEW	kuniklet	kunikleto	bunny		1	A1		ok	reclaimed from proper_noun — confirm not a name
mama	263	NEW	patrinet	patrineto	little mother, mama		1	A1		ok	reclaimed from proper_noun — confirm not a name
pond	242	NEW	laget	lageto	pond		1	A1		ok	
puppy	235	NEW	hundid	hundido	pup, puppy		1	A1		ok	reclaimed from proper_noun — confirm not a name
fox	224	NEW	vulp	vulpa	fox, vulpine		1	A1	vulpo	ok	reclaimed from proper_noun — confirm not a name
squirrel	214	NEW	sciur	sciuro	squirrel		1	A1		ok	reclaimed from proper_noun — confirm not a name
magical	202	LINK	magi	magia	magical		1	A1		ok	
clap	194	LINK	klak	klaki	to chatter, clap, click, rattle, flap, slap, smack		1	A1	aplaŭdi, gonoreo, kraki, manfrapi, plaŭdigi	ok	
duck	193	NEW	anas	anasa	duck, duck-, duck’s, of a duck		1	A1	anasaĵo, anasino, anaso	ok	
cheer	188	NEW	hur	huri	to cheer		1	A1	aplaŭdegi, huraadi, hurai, hurao, konsoli	ok	
balloon	181	NEW	balon	balono	balloon, flask		1	A1	aerostato, aerpilkego, baloneto, ŝveladi, ŝvelegi	ok	
owl	160	NEW	guf	gufo	(eagle) owl		1	A1	strigo	ok	reclaimed from proper_noun — confirm not a name
splash	153	NEW	plaŭd	plaŭdi	to beat, flap, lap, plash, splash		1	A1	elŝprucigi, plaŭdo, surŝprucigi, ŝpruci	ok	reclaimed from proper_noun — confirm not a name
castle	152	NEW	arok	aroki	to castle (in chess)		1	A1	kastelo	ok	reclaimed from proper_noun — confirm not a name
treasure	152	NEW	trezor	trezori	to treasure		1	A1	trezoro	ok	
skip	150	NEW	dancet	danceti	to hop, skip		1	A1	preterpasi, salteti, transsalti	ok	reclaimed from proper_noun — confirm not a name
monster	148	NEW	bestaĉ	bestaĉo	horrid creature, monster		1	A1	monstro	ok	reclaimed from proper_noun — confirm not a name
colorful	146	NEW	bunt	bunta	colorful, multicolored		1	A1	kolorplena	ok	reclaimed from proper_noun — confirm not a name
kitty	144	NEW	katet	kateto	kitty		1	A1		ok	reclaimed from proper_noun — confirm not a name
nearby	143	LINK	apud	apud	at, beside, by, near (to), nearby, next to		1	A1	apude, najbara, proksima, proksime	ok	
chase	142	NEW	pel	peli	to chase, drive, drive on, impel, shoo, expel, dispel, propel		1	A1	alceli, ĉasadi, ĉasado, ĉasi, ĉaskuri	ok	reclaimed from proper_noun — confirm not a name
dragon	141	NEW	drak	drako	dragon		1	A1		ok	
relieve	141	NEW	senpezig	senpezigi	to cause to be weightless, relieve		1	A1	malpligravigi	ok	
cave	139	LINK	kav	kavo	cave, cavity, groove		1	A1	groto, kaverno	ok	reclaimed from proper_noun — confirm not a name
sunny	138	LINK	sun	sune	sunny		1	A1	sunplena	ok	reclaimed from proper_noun — confirm not a name
bucket	137	NEW	sitel	sitelo	bucket, pail		1	A1	ŝutilo	ok	
cooky	134						1	A1		no_match	
fairy	134	NEW	fe	fea	faerie, fairy, spirit		1	A1	feina, feino, feo	ok	reclaimed from proper_noun — confirm not a name
spin	131	NEW	ŝpin	ŝpini	to spin (thread)		1	A1	spinmomanto	ok	
snack	129	NEW	lunĉ	lunĉo	lunch, snack		1	A1	intermanĝeto, manĝetaĵo, manĝeti, meztagmanĝo	ok	
kite	128	NEW	kajt	kajto	kite		1	A1	cirkuo, deltoido, flugdrako, flugludilo, kirko	ok	
blanket	127	LINK	tapiŝ	tapiŝi	to blanket, carpet		1	A1	lankovrilo, litkovrilo, sternaĵo	ok	
backyard	123	NEW	malantaŭkort	malantaŭkorto	backyard		1	A1		ok	
naughty	122	NEW	malbon	malbona	bad, miserable, nasty, poor, naughty, evil, wicked		1	A1		ok	
nap	119	NEW	lanug	lanugo	down, fluff, nap		1	A1	dormeti, dormeto	ok	
yell	118	NEW	ŝrik	ŝriki	to howl, vociferate, yell		1	A1	ekkrio, kriegi, kriego	ok	
delight	115	LINK	ĝu	ĝuo	delight, joy		1	A1	delekti, delico, ekstazo, feliĉigi, ĝuego	ok	
shin	114						1	A1		no_match	
swam	114						1	A1		no_match	
crayon	111	NEW	paŝtel	paŝtelo	crayon, pastel		1	A1	kolorilo	ok	reclaimed from proper_noun — confirm not a name
bow	108	NEW	ark	arko	arc, bow, arch, buttress		1	A1	arbalesto, arĉo, banto, baŭo, klino	ok	
tasty	107	NEW	frand	franda	alluring, attractive, enticing, tempting, appetizing, delicious, tasty		1	A1	bongusta	ok	
whistle	107	NEW	fajf	fajfi	to whistle		1	A1	fajfilo, fajfo, mokfajfi, sibli	ok	reclaimed from proper_noun — confirm not a name
basket	105	NEW	korb	korbo	basket, hamper		1	A1		ok	
giggle	105	NEW	subrid	subrido	giggle, snigger		1	A1	kaŝridi	ok	reclaimed from proper_noun — confirm not a name
jog	104	NEW	ĝog	ĝogi	to jog		1	A1	ekpuŝi, ĵogi, skueti	ok	reclaimed from proper_noun — confirm not a name
sack	104	LINK	sak	sako	bag, sack, wallet		1	A1	eksigi, rabadi, veziklo	ok	
kitten	103	NEW	katid	katido	kitten		1	A1		ok	reclaimed from proper_noun — confirm not a name
sunshine	103	NEW	sunbril	sunbrilo	sun, sunshine	sun+bril	1	A1		compound	
bounce	102	LINK	salt	salti	to jump, leap, spring, bounce, bound, vault		1	A1	resalti, resaltigi, resalto, reveni, risorteco	ok	
crawl	102	NEW	ramp	rampi	to crawl, creep, sneak		1	A1	rampo	ok	
cozy	100	LINK	komfort	komforta	at ease, comfortable, cozy, snug		1	A1		ok	reclaimed from proper_noun — confirm not a name
sparkle	100	LINK	bril	brili	to glisten, glow, shine, sparkle		1	A1	briletado, brileto, ekbrileti, fajreri, fulmeti	ok	reclaimed from proper_noun — confirm not a name
peter	98	NEW	peniset	peniseto	peter, willy		1	A1		ok	reclaimed from proper_noun — confirm not a name
rainbow	98	NEW	pluvark	pluvarko	rainbow	pluv+ark	1	A1	ĉielarko	compound	
grandpa	94	NEW	avĉj	avĉjo	grandpa, granddad		1	A1		ok	reclaimed from proper_noun — confirm not a name
lovely	92	LINK	bel	bela	beautiful, fine, handsome, lovely, good-looking, pretty		1	A1	agrabla, belega, ĉarma, linda, rava	ok	
roar	92	NEW	muĝ	muĝi	to bellow, howl, roar, low, moo, roar		1	A1	blekegi, kriegi, muĝo, zumi, zumo	ok	reclaimed from proper_noun — confirm not a name
bark	91	NEW	boj	boji	to bay, bark		1	A1	arboŝelo, barko, bojadi, bojegi, bojo	ok	reclaimed from proper_noun — confirm not a name
furry	90	LINK	fel	fela	furry		1	A1		ok	reclaimed from proper_noun — confirm not a name
cute	89	NEW	belet	beleta	attractive, bonny, pretty, comely, cute		1	A1		ok	
puddle	89	NEW	flak	flako	puddle, pool		1	A1	pudli	ok	
meadow	87	NEW	herbej	herbejo	lawn, meadow, prairie, pasture		1	A1	paŝtaĵo, paŝtejo, paŝtiĝejo	ok	
peanut	87	NEW	arakid	arakido	peanut, groundnut		1	A1		ok	reclaimed from proper_noun — confirm not a name
zoom	87	NEW	zom	zoma	zoom		1	A1	aligrandigi, zomi, zomilo, zomo	ok	reclaimed from proper_noun — confirm not a name
jar	84	NEW	bokal	bokalo	jar		1	A1	argilujo, botelego	ok	
jungle	84	NEW	ĝangal	ĝangalo	jungle, rain forest		1	A1		ok	reclaimed from proper_noun — confirm not a name
sandy	83	NEW	malkompakt	malkompakta	loose, sandy		1	A1	disiĝema	ok	reclaimed from proper_noun — confirm not a name
peek	82	NEW	okulad	okuladi	to peep, peek		1	A1		ok	
picnic	82	NEW	piknik	pikniki	to picnic		1	A1	kampfesteno, pikniko	ok	
playground	81	NEW	ludej	ludejo	playground		1	A1	infanludejo	ok	
puzzle	81	NEW	puzl	puzlo	puzzle		1	A1	enigmo, konfuzegi, konfuzi, konsterni, maldistingi	ok	reclaimed from proper_noun — confirm not a name
mrs	79	NEW	sinjorin	sinjorino	lady, madam, Mrs.		1	A1		ok	reclaimed from proper_noun — confirm not a name
angel	77	NEW	anĝel	anĝelo	angel		1	A1		ok	
ant	76	NEW	formik	formiko	ant		1	A1		ok	reclaimed from proper_noun — confirm not a name
gently	75	LINK	mol	mole	gently, softly, tenderly		1	A1	dolĉe, ĝentile, singarde	ok	
sparkly	75						1	A1		no_match	
stir	75	LINK	mov	movi	to move, shift, stir, advance		1	A1	eksciti, emocii, kirli, turnomovi, vigleco	ok	
wander	75	NEW	vag	vagi	to drift, loiter, prowl, ramble, roam, wander, meander, stray		1	A1	deliri, erari, flankeniĝi, migri, nomadi	ok	
nest	74	NEW	ing	ingi	to nest		1	A1	eningigi, kovejo, nestego, nesti, nestiĝi	ok	
tightly	74	LINK	prem	preme	oppressively, tightly		1	A1	streĉe, strikte	ok	
berry	73	NEW	ber	bero	berry		1	A1		ok	
tiger	73	NEW	tigr	tigro	tiger		1	A1		ok	
goat	72	NEW	kapr	kapro	goat		1	A1		ok	reclaimed from proper_noun — confirm not a name
mr	72	LINK	sinjor	sinjoro	gentleman, lord, Mr., Sir		1	A1		ok	reclaimed from proper_noun — confirm not a name
sigh	72	NEW	ekĝem	ekĝemi	to sigh		1	A1	suspiri, suspiro, vespiri	ok	
couch	71	LINK	lit	lito	bed, couch		1	A1	divano, kanapo, kuŝejo, kuŝoseĝo	ok	
dependable	71	NEW	fidebl	fidebla	dependable, reliable, responsible, trusty		1	A1	fidinda	ok	reclaimed from proper_noun — confirm not a name
smelly	71	NEW	stink	stinka	malodorous, smelly, stinking, stinky		1	A1	aĉodora	ok	
wipe	71	NEW	viŝ	viŝi	to delete, wipe, erase, remove		1	A1		ok	
jealous	70	NEW	ĵaluz	ĵaluza	jealous		1	A1		ok	
papa	70	LINK	paĉj	paĉjo	dad, daddy, pa, papa		1	A1	patreto	ok	reclaimed from proper_noun — confirm not a name
grace	69	NEW	grac	graco	grace (of God), gracefulness, mercy		1	A1	difavoro, favoraĵo, favorkoreco, graceco, gracieco	ok	reclaimed from proper_noun — confirm not a name
realise	69						1	A1		no_match	
pizza	68	NEW	pic	pico	pizza		1	A1		ok	reclaimed from proper_noun — confirm not a name
shore	68	LINK	bord	bordo	bank, border, edge, coast, shore		1	A1	laŭlime, marborda, marbordo, strando, terbordo	ok	
caterpillar	67	NEW	raŭp	raŭpo	caterpillar		1	A1		ok	reclaimed from proper_noun — confirm not a name
selfish	67	NEW	egoism	egoisma	self-interested, selfish, egoistical		1	A1	egoista, malsindona	ok	
wagon	67	NEW	vagon	vagono	car, carriage, coach, railway carriage, wagon		1	A1	ĉarego, ŝarĝvagono, ŝarĝveturilo	ok	
ladder	66	NEW	eskal	eskalo	ladder		1	A1	dismaŝiĝi, dismaŝiĝo, ŝtupetaro	ok	
paw	66	LINK	krur	kruro	leg, paw, limb		1	A1	piedego, piedo	ok	
rocket	66	NEW	eruk	eruko	rocket		1	A1	fuzaĵo, raketo	ok	
sleepy	66	NEW	dormem	dormema	drowsy, sleepy		1	A1	dorminklina	ok	
sour	66	NEW	acid	acida	acerbic, acid, sour, tart, acidic		1	A1	acerba, acideta, acidigi, acidiĝi, malafabla	ok	reclaimed from proper_noun — confirm not a name
thankful	66	LINK	dank	danka	thankful, grateful		1	A1	dankema	ok	
mitten	65	NEW	muf	mufo	gas mantle, mitten, muff		1	A1	ganto, pugnoganto	ok	reclaimed from proper_noun — confirm not a name
glow	64	NEW	ard	ardi	to be ardent, burn, glow, glow with heat		1	A1	ardeco, ardo, brili	ok	
tag	64	LINK	mark	marki	to mark, tag, highlight		1	A1	etikedi, etikedo, etiketo, marko, ŝildeto	ok	
bench	63	NEW	benk	benko	bench, form		1	A1	juĝistaro, stablo	ok	
bull	63	NEW	bull	bullo	bull		1	A1	bovoviro, taŭro, virbova, virbovo	ok	reclaimed from proper_noun — confirm not a name
zip	63	NEW	zip	zipi	to zip		1	A1	densigi, fulmofermilo, kompaktigi, zipfermilo, zipligilo	ok	reclaimed from proper_noun — confirm not a name
clumsy	62	NEW	fuŝ	fuŝa	clumsy, half-assed, ham-fisted, inept, messy		1	A1	malgracia, mallerta, malspirita	ok	reclaimed from proper_noun — confirm not a name
gem	62	NEW	gem	gemo	gem, jewel		1	A1	brilianto, ĝemo, valorŝtono	ok	reclaimed from proper_noun — confirm not a name
clay	61	NEW	argil	argila	earthen, clay, stone		1	A1	argilo	ok	
frustrate	61	NEW	vanig	vanigi	to foil, thwart, frustrate		1	A1	frustri, malhelpi	ok	
honey	61	NEW	miel	mielo	honey		1	A1		ok	reclaimed from proper_noun — confirm not a name
tidy	61	LINK	ord	orda	ordered, tidy, organized, systematic		1	A1	malnegliĝa, ordema, ordi, ordigi, ponorda	ok	reclaimed from proper_noun — confirm not a name
wag	61	NEW	sving	svingo	wag, waggle, wave		1	A1	spritulo, svingiĝo, vostumi, vostumo	ok	
cactus	60	NEW	kakt	kakto	cactus		1	A1		ok	reclaimed from proper_noun — confirm not a name
chew	60	NEW	maĉ	maĉi	to chew, masticate, munch		1	A1		ok	
brightly	59	LINK	hel	hele	brightly, clearly		1	A1	brile	ok	
arrow	58	NEW	sag	sago	arrow, dart		1	A1		ok	
candle	58	NEW	kandel	kandelo	candle		1	A1		ok	
comet	58	NEW	komet	kometo	comet		1	A1		ok	reclaimed from proper_noun — confirm not a name
eager	58	NEW	avid	avida	avid, eager, greedy		1	A1	kaptema	ok	reclaimed from proper_noun — confirm not a name
messy	58	NEW	fuŝ	fuŝa	clumsy, half-assed, ham-fisted, inept, messy		1	A1	malbonorda	ok	
ruin	58	NEW	pere	pereo	destruction, doom, downfall, fall, perdition, ruin, wreck		1	A1	malprosperigi, pereigi, ruinaĵo, ruinigi, ruino	ok	
twirl	58						1	A1		no_match	
frown	57	NEW	sulkig	sulkigi	to furrow, wrinkle, frown		1	A1		ok	
turkey	57	NEW	meleagr	meleagro	turkey		1	A1	meleagraĵo	ok	
bald	56	NEW	kalv	kalva	bald(-headed), hairless		1	A1	senhara	ok	
icy	56	LINK	glaci	glacia	icy		1	A1	glacieca	ok	reclaimed from proper_noun — confirm not a name
lick	56	NEW	lek	leki	to lick, lap		1	A1		ok	
raven	56	NEW	korv	korvo	crow, raven		1	A1	korako	ok	reclaimed from proper_noun — confirm not a name
stumble	56	NEW	falet	faleti	to slip, stumble, trip		1	A1	duonfali, faleto, falŝanceliĝi, stumbli	ok	
accidentally	55	LINK	akcident	akcidente	accidentally		1	A1		ok	
adventurous	55	LINK	risk	riska	adventurous, hazardous, risky, venturous		1	A1	aventura, aventurema, aventuroplena, aventurriĉa	ok	
crown	55	NEW	kron	kroni	to crown		1	A1	florkrono, krono, verto	ok	
dolphin	55	NEW	delfen	delfeno	dolphin		1	A1	alligfosto	ok	
lizard	55	NEW	lacert	lacerto	lizard		1	A1		ok	
maze	55	NEW	labirint	labirinto	labyrinth, labyrinth, maze		1	A1		ok	
obedient	55	LINK	obe	obea	docile, obedient		1	A1	obeema	ok	
sneeze	55	NEW	tern	terni	to sneeze		1	A1	terno	ok	
octopus	54	NEW	polp	polpo	octopus		1	A1	oktopuso	ok	
barber	53	NEW	barbir	barbiro	barber		1	A1	barbisto, frizisto, hartondisto, kombisto, razisto	ok	
bloom	53	LINK	flor	flori	to bloom, blossom, flower		1	A1	floro	ok	reclaimed from proper_noun — confirm not a name
dinosaur	53	NEW	dinosaŭr	dinosaŭro	dinosaur		1	A1		ok	
dizzy	53	NEW	kapturn	kapturna	dizzy		1	A1		ok	
log	53	NEW	log	logo	allurement, bait, enticement; log		1	A1	lignopeco, protokola, protokoli, protokolo, ŝtipo	ok	
pirate	53	NEW	pirat	pirato	pirate, sea robber, hacker		1	A1	kaperanto, kaperisto, marrabisto	ok	
chirp	52	NEW	pep	pepi	to chirp, peep, twitter, warble, beep		1	A1	ĉirpi, kviviti, pepo	ok	reclaimed from proper_noun — confirm not a name
fridge	52						1	A1		no_match	
grumpy	52						1	A1		no_match	
hive	52	NEW	abeluj	abelujo	beehive, hive		1	A1		ok	
soar	52	NEW	sor	sori	to soar		1	A1	altegiĝi, ŝverbi	ok	
violin	52	NEW	violon	violono	fiddle, violin		1	A1		ok	
buzz	51	NEW	zum	zumi	to buzz, hum, roar (traffic)		1	A1	zumado, zumo	ok	reclaimed from proper_noun — confirm not a name
cherry	51	NEW	ĉeriz	ĉerizo	cherry		1	A1		ok	
pillow	51	NEW	kusen	kuseno	cushion, pillow		1	A1	kapkuseno, kusenlito, litkuseno	ok	
smith	51	NEW	forĝist	forĝisto	blacksmith, smith		1	A1		ok	reclaimed from proper_noun — confirm not a name
delicate	50	NEW	tikl	tikla	ticklish, delicate		1	A1	delikata	ok	
mighty	50	LINK	potenc	potenca	dominant, mighty, potent, powerful		1	A1		ok	reclaimed from proper_noun — confirm not a name
exclaim	49	NEW	ekkri	ekkrii	to call out, cry out, exclaim, shout out		1	A1		ok	
olive	49	NEW	oliv	olivo	olive		1	A1	olivkolora	ok	reclaimed from proper_noun — confirm not a name
squeeze	49	LINK	prem	premi	to press, oppress, squeeze, grasp, push, hold down, depress, hit (a key)		1	A1	fermpinĉi, kunpremado, kunpremegi, stringi	ok	
cushion	48	NEW	kusen	kuseno	cushion, pillow		1	A1		ok	
eraser	48	NEW	gum	gumo	eraser, gum		1	A1	skrapgumo, skrapileto	ok	
fin	48	NEW	naĝil	naĝilo	fin		1	A1		ok	reclaimed from proper_noun — confirm not a name
henry	48	NEW	henr	henro	henry		1	A1	henrio	ok	reclaimed from proper_noun — confirm not a name
higher	48	LINK	supr	supra	superior, upper, higher		1	A1		ok	
kayak	48	NEW	kajak	kajaki	to kayak		1	A1	kajako	ok	reclaimed from proper_noun — confirm not a name
leash	48	NEW	ligil	ligilo	band, strap, bond, tie, leash, tether, linker, link (WWW)		1	A1		ok	
poppy	48	NEW	papav	papavo	poppy		1	A1	papaveto	ok	reclaimed from proper_noun — confirm not a name
ignorant	47	NEW	malkler	malklera	dull, stupid, ignorant, illiterate, uncultured, uneducated, simple		1	A1		ok	reclaimed from proper_noun — confirm not a name
jet	47	NEW	duz	duzo	nozzle, jet		1	A1	ajuto, gagato, jeti, jeto, reakciaviadilo	ok	reclaimed from proper_noun — confirm not a name
jewel	47	NEW	gem	gemo	gem, jewel		1	A1	brilianto, juvelo	ok	reclaimed from proper_noun — confirm not a name
juicy	47	LINK	suk	suka	juicy		1	A1		ok	
otter	47	NEW	lutr	lutro	otter		1	A1		ok	
persistent	47	LINK	daŭr	daŭra	abiding, lasting, enduring, continuous, permanent, constant, persistent		1	A1	persista	ok	
spoil	47	NEW	fuŝ	fuŝi	to botch, bungle, screw up, spoil, make a mess of, muddle		1	A1	akiro, difekti, malbonigi, malboniĝi, trodorloti	ok	
surrender	47	NEW	rezign	rezigni	to abandon, give up, resign, renounce, yield, renounce, surrender, cancel		1	A1	kapitulaci, rezigno	ok	reclaimed from proper_noun — confirm not a name
blueberry	46	NEW	vakcini	vakcinio	bilberry, blueberry, cranberry, huckleberry		1	A1	blubero, mirtelbero, mirtelo	ok	
cage	46	NEW	kaĝ	kaĝo	cage		1	A1	enkaĝigi	ok	
clown	46	NEW	klaŭn	klaŭno	clown		1	A1	arlekenadi, arlekeno, pajaco, ŝercemulo	ok	reclaimed from proper_noun — confirm not a name
crab	46	NEW	krab	krabo	crab		1	A1	braĥiuro, kankro	ok	
dull	46	NEW	nebul	nebula	blurry, dull, somber, fuzzy, misty, nebulous		1	A1	brutigi, malakra, malbrila, malhela, malklera	ok	
flute	46	NEW	flut	fluto	flute		1	A1		ok	reclaimed from proper_noun — confirm not a name
gasp	46	NEW	aĥ	aĥi	to gasp, whimper		1	A1	senspiriĝi, spiregi	ok	
glue	46	LINK	glu	glui	to glue, stick, paste		1	A1	gluaĵo, gluo	ok	
pit	46	NEW	put	puto	well, pit		1	A1	bataligi, fosaĵo, fosejo, kerneto, kerno	ok	reclaimed from proper_noun — confirm not a name
pole	46	NEW	fost	fosto	pole, post, stanchion, stake, upright, upright beam, upright support, vertical support, pier		1	A1	grimpmasto, poluso, skibastono, stango, timono	ok	reclaimed from proper_noun — confirm not a name
shopkeeper	46	NEW	butikist	butikisto	merchant, retailer, shopkeeper, tradesman		1	A1		ok	
spray	46	NEW	spraj	spraji	to spray		1	A1	aspergi, elŝprucigi, florbranĉeto, surverŝi, ŝpruceti	ok	
witch	46	NEW	sorĉistin	sorĉistino	witch		1	A1		ok	
foolish	45	LINK	stult	stulta	foolish, silly, stupid, dumb		1	A1	malsaĝa, naivega	ok	
hippo	45	NEW	hipopotam	hipopotamo	hippo, hippopotamus		1	A1		ok	reclaimed from proper_noun — confirm not a name
leak	45	NEW	lik	liki	to leak		1	A1	guteti, liko	ok	
loyal	45	NEW	fidel	fidela	accurate, exact, faithful, loyal, staunch, trusty, trustworthy		1	A1	konfidebla, lojala	ok	
marble	45	NEW	vejn	vejni	to grain, vein, marble, mark with veins		1	A1	globeto, marmora, marmoro	ok	
safely	45	LINK	sekur	sekure	safely		1	A1	sendanĝere	ok	
whale	45	NEW	balen	baleno	whale		1	A1		ok	
deer	44	NEW	cerv	cerva	deer, deer-, of a deer		1	A1	cervo	ok	
fountain	44	LINK	font	fonto	fountain, fount, source, spring, seeder (torrent)		1	A1	fontano	ok	
kindness	44	NEW	bonec	boneco	excellence, goodness, kindness		1	A1	afableco, bonkoreco, favoraĵo, komplezemo, komplezo	ok	
nosy	44	NEW	nazŝovem	nazŝovema	nosy	naz+ŝov	1	A1		compound	
parade	44	NEW	defil	defili	to march in file, march past, parade		1	A1	defilado, kolektiĝo, kunvoko, paradi, paradmarŝo	ok	
pear	44	NEW	pir	piro	pear		1	A1		ok	
purse	44	NEW	monuj	monujo	purse, wallet		1	A1	retikulo	ok	
tummy	44	NEW	ventr	ventro	abdomen, stomach, belly, tummy		1	A1		ok	
turtle	44	NEW	keloni	kelonio	turtle		1	A1	testudo	ok	reclaimed from proper_noun — confirm not a name
charming	43	NEW	lind	linda	charming, lovely, pretty		1	A1	ĉarma	ok	
weird	43	NEW	bizar	bizara	bizarre, odd, weird, eccentric, strange, odd		1	A1	frenezeta	ok	
cabin	42	NEW	kaban	kabano	cabin, hut, shack		1	A1	ĉambreto	ok	
dove	42	NEW	kolomb	kolombo	dove, pigeon		1	A1	kolombino	ok	
trunk	42	NEW	kest	kesto	box, chest, coffer, case, trunk, crate		1	A1	arbotrunko, arbtrunko, kofro, kofrujo, rostro	ok	
vase	42	NEW	vaz	vazo	vase, vessel, container		1	A1	argilvazo, florujo	ok	
wand	42	NEW	verg	vergo	cane, rod, switch, wand, stick, staff		1	A1	sorĉbastono, vergego	ok	
zoo	42	NEW	zo	zoo	zoo		1	A1	bestoĝardeno, menaĝerio	ok	
chubby	41	NEW	ventregul	ventregulo	chubby, fatso	vent+regul	1	A1	dikventrulo	compound	reclaimed from proper_noun — confirm not a name
cone	41	NEW	konus	konuso	cone		1	A1	avertkonuso, strobilo, vafleto	ok	reclaimed from proper_noun — confirm not a name
crack	41	NEW	fend	fendi	to cleave, crack, split		1	A1	fendaĵo, fendo, frakcii, frakciigi, kodrompilo	ok	reclaimed from proper_noun — confirm not a name
patch	41	NEW	flik	fliki	to darn, mend, patch (up)		1	A1	flikaĵo, fliko, placeto	ok	
raft	41	LINK	flos	floso	raft		1	A1		ok	
sweetheart	41	LINK	amat	amato	beloved, loved one, lover, sweetheart, well-beloved		1	A1	amanto, amatino, dolĉulino, dolĉulo, fianĉo	ok	reclaimed from proper_noun — confirm not a name
tremble	41	LINK	trem	tremi	to quiver, shiver, tremble, shake, tremble		1	A1		ok	
tutor	41	NEW	guvern	guverni	to coach, tutor, teach privately		1	A1	guvernisto	ok	
wolf	41	NEW	lup	lupo	wolf		1	A1		ok	
alert	40	NEW	pep	pepo	alert, beep, bell, chirp		1	A1	alarmo, averti, averto, vigla	ok	
frank	40	NEW	afrank	afranki	to prepay, put on stamps, frank		1	A1	sincera	ok	reclaimed from proper_noun — confirm not a name
knob	40	NEW	ans	anso	handle, knob, latch		1	A1	butono, tenilo, tubero	ok	
laundry	40	NEW	lavej	lavejo	laundry, lavatory, washroom		1	A1	lesivejo	ok	
lightning	40	LINK	fulm	fulma	lightning		1	A1	fulmo	ok	
mushroom	40	NEW	fung	fungo	fungus, mushroom, toadstool		1	A1	ĉampinjono, ŝampinjono	ok	reclaimed from proper_noun — confirm not a name
necklace	40	NEW	kolier	koliero	necklace		1	A1	ĉirkaŭkolo, kolĉeno	ok	
oyster	40	NEW	ostr	ostro	oyster		1	A1		ok	
proudly	40	LINK	fier	fiere	proudly		1	A1		ok	
sweetie	40	NEW	dolĉul	dolĉulo	sweetie, sweetheart		1	A1		ok	reclaimed from proper_noun — confirm not a name
twig	40	NEW	branĉet	branĉeto	shoot (tree), twig, sprig		1	A1		ok	
volcano	40	NEW	vulkan	vulkano	volcano		1	A1		ok	reclaimed from proper_noun — confirm not a name
barn	39	NEW	bud	budo	barn, shed, stand, stall, hut, booth, cabana, kiosk		1	A1	barako, brutejo, fojnejo, garbejo	ok	
beam	39	LINK	radi	radio	beam, radio, radius, ray, wireless, spoke (of wheel)		1	A1	teleporti, timono, trabo, vekto	ok	
blink	39	NEW	puls	pulsi	to blink, pulsate, throb		1	A1	lumpulsi, palpebrumi	ok	
cube	39	NEW	kub	kubo	cube		1	A1		ok	
mole	39	NEW	mole	moleo	breakwater, mole		1	A1	talpo	ok	
poke	39	NEW	puŝet	puŝeti	to poke		1	A1		ok	
shark	39	NEW	ŝark	ŝarko	shark		1	A1		ok	
stubborn	39	NEW	obstin	obstina	dogged, headstrong, obstinate, stubborn		1	A1	kontraŭstarema, malmolnuka, obstinega, rigidnuka	ok	
velvet	39	NEW	velur	velura	velvet		1	A1	veluro	ok	reclaimed from proper_noun — confirm not a name
fake	38	LINK	fals	falsa	counterfeit, fake, false, spurious, forged, wrong		1	A1	falsi, falsigi, falsofari, imitaĵa, imiti	ok	
fierce	38	NEW	feroc	feroca	fierce		1	A1	kruela, kruelega	ok	
flashlight	38	NEW	poŝlamp	poŝlampo	flashlight		1	A1		ok	
hairy	38	NEW	vil	vila	hairy, shaggy		1	A1	haraĵa, harhava, harkovrita	ok	
trap	38	LINK	kapt	kapti	to capture, catch, grapple, trap, ensnare, clutch, grasp, grab		1	A1	babiltruo, enfalujo, insido, interrompi, interrompo	ok	
tuna	38	NEW	tin	tino	tub, vat; tuna, tuna-fish		1	A1	tinuso	ok	reclaimed from proper_noun — confirm not a name
vine	38	NEW	vit	vito	vine, grapevine		1	A1	vitejo	ok	
cane	37	NEW	kan	kana	cane		1	A1	bastono, kano, vergi, vergo	ok	
cocoa	37	NEW	kaka	kakao	cocoa		1	A1		ok	
crane	37	NEW	gru	gruo	crane (bird)		1	A1	argano, ŝarĝlevilo	ok	
graceful	37	NEW	graci	gracia	graceful, gracious, slender, slim		1	A1		ok	
harbor	37	LINK	haven	haveno	harbor, port, haven, seaport		1	A1	kaŝgastigi	ok	reclaimed from proper_noun — confirm not a name
harmless	37	NEW	nenoc	nenoca	harmless		1	A1	senofenda, senriska	ok	
knight	37	NEW	kavalir	kavaliro	cavalier, knight, chevalier		1	A1		ok	
playful	37	NEW	blag	blaga	humorous, playful, mischievous		1	A1	ludema, petola, petolema, ŝercema	ok	
polish	37	NEW	cir	ciri	to polish		1	A1	ciro, frotpurigi, pola, poluraĵo, poluri	ok	
spike	37	NEW	spik	spiko	ear (of corn), spike		1	A1	alkoholigi, eksalto, najlego, pikaĵo	ok	reclaimed from proper_noun — confirm not a name
sticker	37	NEW	glumark	glumarko	sticker	glu+mark	1	A1	gluetikedo, sigelmarko, transgluaĵo	compound	
swan	37	NEW	cign	cigno	swan		1	A1		ok	
triangle	37	NEW	triangul	triangulo	triangle		1	A1	trilatero	ok	
trophy	37	NEW	trofe	trofeo	trophy		1	A1	venksigno	ok	
hammer	36	NEW	ĉan	ĉano	hammer (of a gun), trigger		1	A1	draŝi, frapofingrado, marteli, martelo, martelumi	ok	
knot	36	NEW	maŝ	maŝo	knot, link, loop, mesh, mail (armor)		1	A1	bantigi, banto, lignotubero, ligtubero, nodi	ok	
mask	36	NEW	mask	maski	to mask		1	A1	masko	ok	
scissor	36						1	A1		no_match	
snap	36	LINK	klak	klako	click, snap		1	A1	ataketi, kraketi, kraki	ok	reclaimed from proper_noun — confirm not a name
spill	36	NEW	disverŝ	disverŝi	to spill		1	A1		ok	
attic	35	NEW	atik	atika	Attic		1	A1	atiko, mansardo, subtegmentejo, subtegmento, tegmentĉambro	ok	
flap	35	LINK	klak	klaki	to chatter, clap, click, rattle, flap, slap, smack		1	A1	klapo, paniketo, plaŭdi, postklapo, tumulteto	ok	
horn	35	NEW	korn	korno	hooter, horn, klaxon		1	A1	aŭtokorno, hupilo	ok	
laser	35	NEW	laser	lasera	laser		1	A1	lasero	ok	reclaimed from proper_noun — confirm not a name
meow	35	NEW	miaŭ	miaŭi	to meow, mew		1	A1	miaŭo	ok	reclaimed from proper_noun — confirm not a name
pigeon	35	NEW	kolomb	kolomba	of a dove, pigeon		1	A1	domkolombo, kolombo, palumbo	ok	reclaimed from proper_noun — confirm not a name
rat	35	NEW	rat	rato	rat		1	A1		ok	reclaimed from proper_noun — confirm not a name
shrimp	35	NEW	salikok	salikoko	prawn, shrimp		1	A1	markankreto, salikoketo	ok	
thread	35	NEW	tred	tredi	to thread		1	A1	fadenigi, fadeno, mesaĝaro, surfadenigi, ŝnurero	ok	
zebra	35	NEW	zebr	zebro	zebra		1	A1		ok	
axe	34	NEW	hakil	hakilo	axe, chopper, hatchet		1	A1	toporo	ok	
chamber	34	NEW	kamer	kamero	chamber, darkroom, small room		1	A1	bareleto, ĉambra, ĉambro	ok	
clapping	34						1	A1		no_match	
folder	34	NEW	kajer	kajero	copybook, exercise book, folder, notebook, pamphlet, workbook		1	A1	dosierujaj, dosierujo, paperujo	ok	
hay	34	NEW	fojn	fojno	hay		1	A1		ok	reclaimed from proper_noun — confirm not a name
mailbox	34	NEW	poŝtuj	poŝtujo	mailbox		1	A1	leterkesto, poŝtskatolo, retkesto	ok	
miserable	34	NEW	mizer	mizera	abject, dismal, meager, miserable, wretched		1	A1	bedaŭriga, katastrofa, kompatinda, malbona, malfeliĉiga	ok	
sniff	34	NEW	enflar	enflari	to sniff		1	A1		ok	
spaghetti	34	NEW	spaget	spageto	spaghetti		1	A1		ok	
beep	33	NEW	pep	pepi	to chirp, peep, twitter, warble, beep		1	A1	pepo	ok	reclaimed from proper_noun — confirm not a name
bossy	33	NEW	regem	regema	bossy		1	A1	estrema, oficialema	ok	
envelope	33	NEW	kovert	koverto	envelope		1	A1	envelopo, envolvaĵo, sonprofilo	ok	
firework	33	NEW	artfajraĵ	artfajraĵo	firework	art+fajr	1	A1		compound	
fragile	33	NEW	kaduk	kaduka	decayed, decrepit, dilapidated, rickety, frail, fragile, inoperative		1	A1	delikata, facilrompa, facilrompebla, fragila, frakasiĝebla	ok	
harsh	33	NEW	aspr	aspra	rough, harsh		1	A1	acerba, adstringa, bruta, malafabla, maldelikata	ok	
hook	33	NEW	hok	hoki	to hook		1	A1	agrafo, hoko, kroĉi, kroĉilo, lignanajlo	ok	
jolly	33	NEW	gajeg	gajega	jolly		1	A1		ok	
modest	33	NEW	pudor	pudora	modest		1	A1	decmora, modesta, neluksa, senluksa	ok	
ow	33	NEW	a	aj	ow, ouch, oh		1	A1	prezentado	ok	reclaimed from proper_noun — confirm not a name
pebble	33	NEW	ŝtonet	ŝtoneto	pebble		1	A1	marŝtono	ok	
pie	33	NEW	tort	torto	pie, tart, pastry		1	A1	pasteĉo, pirogo	ok	
razor	33	NEW	razil	razilo	razor		1	A1		ok	
squash	33	NEW	skvaŝ	skvaŝo	squash		1	A1	dispremi, kukurbo, kunpremegi, murbalo, premegi	ok	reclaimed from proper_noun — confirm not a name
disgust	32	NEW	naŭz	naŭzi	to disgust, nauseate		1	A1	abomenigi, abomeno, forpuŝi, naŭzo	ok	
envious	32	NEW	envi	envia	envious		1	A1	enviema	ok	
faucet	32	NEW	kran	krano	cock, faucet, tap, spigot		1	A1		ok	reclaimed from proper_noun — confirm not a name
goose	32	NEW	anser	ansero	goose		1	A1	anseraĵo, anserino	ok	reclaimed from proper_noun — confirm not a name
grin	32	NEW	grimac	grimaci	to grimace, grin	gri+mac	1	A1		compound	
heal	32	LINK	kurac	kuraci	to care for, cure, heal, remedy, treat		1	A1	bonsani, kuraciĝi, resanigi, resaniĝi, sanigi	ok	
muffin	32						1	A1		no_match	
snowy	32	LINK	neĝ	neĝa	snowy		1	A1	neĝkovrita	ok	reclaimed from proper_noun — confirm not a name
tease	32	NEW	taŭz	taŭzi	to dishevel, tousle, disorder, hustle, jostle, comb, tease (hair)		1	A1	inciteti, moketi	ok	
thoughtful	32	NEW	pensem	pensema	pensive, thoughtful		1	A1	antaŭzorga, konsiderema, meditema, pripensa, pripensema	ok	
tuck	32						1	A1		no_match	
beetle	31	NEW	skarab	skarabo	beetle, scarabaeus, scarab		1	A1	koleoptero	ok	
blackboard	31				blackboard		1	A1	nigra skribtabulo, nigra tabulo	no_match	reclaimed from proper_noun — confirm not a name
bump	31	NEW	ĝib	ĝibo	bump, hump		1	A1	alkrementi, bolveziko, ĝibaĵo, ĝibeto, malebenaĵo	ok	
chimney	31	NEW	kamentub	kamentubo	chimney, smokestack, stack, flue		1	A1	fumtubo	ok	
distant	31	LINK	for	for	away, distant, far (off, away), forth, gone		1	A1	dista, fora, lontana, malintima, malproksima	ok	reclaimed from proper_noun — confirm not a name
filthy	31	NEW	fi	fia	base, disgusting, nasty, shameful, filthy, dirty, vile		1	A1	kota, malpura, malpurega	ok	
gloomy	31	LINK	nub	nuba	cloudy, overcast, gloomy, obscure, unclear		1	A1	funebra, malluma, melankolia, morna	ok	
golden	31	LINK	or	ora	golden		1	A1	orblonda, orkolora	ok	
growl	31	NEW	graŭl	graŭli	to growl		1	A1	blekadi, grumbli, murmuregi, murmurego	ok	
hoop	31	NEW	ringeg	ringego	hoop		1	A1	barelringo	ok	
leopard	31	NEW	panter	pantero	leopard, panther		1	A1	leopardo	ok	reclaimed from proper_noun — confirm not a name
louder	31						1	A1		no_match	
mechanic	31	NEW	metiist	metiisto	artisan, mechanic, operative, blue-collar worker		1	A1	meĥanikisto, mekanikisto, motoristo	ok	
mill	31	NEW	frez	frezi	to mill-cut, mill		1	A1	muelejo, muelilo, uzino	ok	
pastel	31	NEW	paŝtel	paŝtelo	crayon, pastel		1	A1	paŝtelaĵo	ok	
pill	31	NEW	pilol	pilolo	pill		1	A1		ok	
pup	31	NEW	hundid	hundido	pup, puppy		1	A1		ok	reclaimed from proper_noun — confirm not a name
swamp	31	NEW	marĉ	marĉo	marsh, swamp		1	A1	malsekejo, marĉejo	ok	
vendor	31	NEW	vendant	vendanto	seller, vendor		1	A1	vendisto	ok	
zigzag	31	NEW	zigzag	zigzaga	zigzag		1	A1	zigzagi, zigzago	ok	reclaimed from proper_noun — confirm not a name
compassionate	30	NEW	kompat	kompata	compassionate, kind		1	A1	kompatema	ok	
creek	30	NEW	riveret	rivereta	small river, creek, stream		1	A1	montkolo	ok	
flutter	30	NEW	agit	agito	agitation, commotion, disturbance, excitement, flutter, turmoil		1	A1	agitacio, flirti, flugeti, veteto, vibrado	ok	
lemonade	30	NEW	limonad	limonado	lemonade		1	A1		ok	reclaimed from proper_noun — confirm not a name
lollipop	30						1	A1		no_match	
loop	30	NEW	maŝ	maŝo	knot, link, loop, mesh, mail (armor)		1	A1	banto, buklo, iteracii, iteracio, kurbiĝi	ok	reclaimed from proper_noun — confirm not a name
mixer	30	NEW	miksil	miksilo	mixer, scrambler		1	A1		ok	
perfume	30	NEW	parfum	parfumi	to perfume		1	A1	parfumo	ok	
pumpkin	30	NEW	kukurb	kukurbo	gourd, pumpkin, squash		1	A1		ok	
veil	30	LINK	kaŝ	kaŝi	to conceal, hide, veil		1	A1	kovri, kovrotuko, kurteno, vuali, vualo	ok	
wheat	30	NEW	tritik	tritiko	wheat		1	A1		ok	
yawn	30	NEW	faŭk	faŭki	to gape, yawn		1	A1	oscedi, oscedo, oscedoado	ok	
awe	29	LINK	terur	teruro	alarm, terror, panic, awe, dread, fright		1	A1	admirego, imponegeco, imponegi, timego	ok	reclaimed from proper_noun — confirm not a name
pause	29	LINK	paŭz	paŭzi	to pause, take a break, take a rest		1	A1	paǔzi, paŭzigi, paŭzo, paŭzu	ok	
pedal	29	NEW	pedal	pedala	pedal		1	A1	pedali, pedalo, podajro	ok	
petal	29	NEW	petal	petalo	petal		1	A1	florfolieto, florfolio	ok	
pine	29	NEW	pin	pino	pine (tree)		1	A1	konsumiĝi, pinio, pinligna	ok	reclaimed from proper_noun — confirm not a name
rug	29	LINK	tapiŝ	tapiŝo	carpet, rug		1	A1	tapiŝeto	ok	
sausage	29	NEW	kolbas	kolbaso	sausage, salami		1	A1	kolbaseto	ok	
scooter	29	NEW	skutil	skutilo	scooter		1	A1	trotilo	ok	
snowman	29	NEW	neĝhom	neĝhomo	snowman	neĝ+hom	1	A1	neĝviro	compound	
snuggle	29						1	A1		no_match	
sunflower	29	NEW	heliant	helianto	sunflower		1	A1	sunfloro	ok	reclaimed from proper_noun — confirm not a name
yacht	29	NEW	jakt	jakto	yacht		1	A1	jaĥto, ŝipeto	ok	
yogurt	29	NEW	jahurt	jahurto	yogurt		1	A1	jogurto	ok	reclaimed from proper_noun — confirm not a name
boo	28	LINK	h	hu	boo		1	A1	huadi, huado, hui, prifajfi	ok	reclaimed from proper_noun — confirm not a name
comb	28	NEW	komb	kombi	to comb		1	A1	kombilo, kresto, taŭzi	ok	
jelly	28	NEW	ĵele	ĵeleo	jelly		1	A1	gelatenaĵo, ĝelateno	ok	
massage	28	NEW	masaĝ	masaĝi	to massage		1	A1	masaĝo	ok	
nicely	28	NEW	plaĉ	plaĉe	nicely, pleasantly, pleasingly		1	A1	simpatie	ok	
peach	28	NEW	persik	persiko	nectarine, peach		1	A1		ok	reclaimed from proper_noun — confirm not a name
refresh	28	NEW	aktualig	aktualigi	to refresh, update		1	A1	refreŝigi, refreŝiĝi	ok	
sandcastle	28	NEW	sablokastel	sablokastelo	sandcastle	sabl+ok+stel	1	A1		compound	
scatter	28	NEW	ŝut	ŝuti	to dump, pour (out), scatter, tip		1	A1	disblovi, disĵeti, dispersi, dissemi, dissemiĝi	ok	
stitch	28	NEW	kudr	kudri	to stitch, sew, tack		1	A1	flankdoloro, kudrero, stebero, stebi	ok	
tray	28	LINK	plad	plado	course, dish, plate, platter, tray		1	A1	pleto, trabo	ok	
trumpet	28	NEW	trumpet	trumpeti	to trumpet		1	A1	distrumpeti, kornblovi, trumpetadi, trumpeto	ok	
tweet	28	NEW	pepaĵ	pepaĵo	tweet		1	A1	kviviti	ok	reclaimed from proper_noun — confirm not a name
amazement	27	LINK	mir	miro	amazement, astonishment, wonder, surprise		1	A1	mirego	ok	
bandage	27	NEW	pans	pansi	to bandage, put a band-aid on, dress (wound)		1	A1	bandaĝi, bandaĝo, ĉirkaŭligaĵo, pansaĵo, pansbendo	ok	
calendar	27	NEW	kalendar	kalendara	calendar		1	A1	kalendaraj, kalendaro	ok	
cuddle	27	NEW	karesprem	karespremi	to cuddle, hug	kares+prem	1	A1	premkaresi	compound	
drawer	27	NEW	tratant	tratanto	drawer		1	A1	tirkesto	ok	
eagerly	27	NEW	avid	avide	eagerly, avidly		1	A1	entuziasme	ok	
helpless	27	NEW	senhelp	senhelpa	helpless		1	A1		ok	
hut	27	NEW	bud	budo	barn, shed, stand, stall, hut, booth, cabana, kiosk		1	A1	ĥato, kabano	ok	reclaimed from proper_noun — confirm not a name
lid	27	NEW	kovril	kovrilo	cover, hood, lid, wrapper		1	A1	fermplato, potkovrilo	ok	
microscope	27	NEW	mikroskop	mikroskopo	microscope		1	A1		ok	
neighbourhood	27						1	A1		no_match	
rake	27	NEW	erp	erpi	to harrow, rake, till, plow		1	A1	enfili, malĉastulo, rasti, rastilo	ok	
reverse	27	NEW	invers	inversa	inverse, inverted, reverse, reversed		1	A1	dorsflanko, inversaĵo, inversigi, malantaŭenigi, malprogresigi	ok	
rod	27	NEW	verg	vergo	cane, rod, switch, wand, stick, staff		1	A1	bastono, stango	ok	reclaimed from proper_noun — confirm not a name
scoop	27	NEW	deĉerp	deĉerpi	to draw (water), ladle, scoop		1	A1	kulerego	ok	
softly	27	LINK	mol	mole	gently, softly, tenderly		1	A1	kareseme, kviete, mallaŭte	ok	
strawberry	27	NEW	frag	frago	strawberry		1	A1		ok	
sunset	27	NEW	sunsubir	sunsubiro	sunset		1	A1		ok	
tug	27	LINK	tir	tiri	to drag, draw, haul, pull, tug, tow		1	A1	ektiri, posttreni, tiro, trenŝipo	ok	
zipper	27	NEW	zip	zipo	zipper		1	A1	fulmofermilo, zipfermilo, zipligilo	ok	
crib	26	NEW	fikopi	fikopii	to crib		1	A1	klaplito, ŝtelrigardi	ok	
dishwasher	26	NEW	vazlavil	vazlavilo	dishwasher	vaz+lav	1	A1	telerlavisto	compound	
dive	26	NEW	plonĝ	plonĝi	to dive, plunge		1	A1	subakviĝi	ok	
fascinated	26	NEW	fascinit	fascinita	fascinated, gripped		1	A1		ok	
fireman	26	NEW	hejtist	hejtisto	fireman, stoker		1	A1	brulestingisto, fajrestingisto, fajrobrigadisto	ok	
forth	26	LINK	for	for	away, distant, far (off, away), forth, gone		1	A1	antaŭen	ok	
gaze	26	NEW	rigardeg	rigardegi	to gaze, stare		1	A1	fiksrigardi	ok	
gear	26	NEW	ilar	ilaro	gear, tackle, apparatus, equipment, tool box, tool set, toolbar, toolkit		1	A1	dentorado, dentrado, rapidumo	ok	
kangaroo	26	NEW	didelf	didelfo	kangaroo, opossum		1	A1	kanguruo, makropo	ok	reclaimed from proper_noun — confirm not a name
pastry	26	NEW	tort	torto	pie, tart, pastry		1	A1	farunaĵo, kukaĵo, pasteco	ok	
shiver	26	LINK	trem	tremi	to quiver, shiver, tremble, shake, tremble		1	A1	ekscitiĝeto, frostotremi, tremeri, tremeti	ok	
spade	26	LINK	fos	fosi	to dig, grub, spade, excavate		1	A1	fosilo, piko, platfosilo, ŝpato, trafosi	ok	
worm	26	NEW	verm	vermo	worm		1	A1	enŝoviĝi, ŝraŭbokanelo	ok	
yoga	26	NEW	jog	jogo	yoga		1	A1		ok	
apron	25	NEW	manovrej	manovrejo	apron		1	A1	antaŭtuko, proscenio	ok	
beak	25	NEW	bek	beko	beak, bill		1	A1		ok	
beneath	25	LINK	sub	sub	below, beneath, under, underneath		1	A1		ok	
breeze	25	NEW	briz	brizo	breeze		1	A1	bloveto, venteto	ok	
counter	25	NEW	giĉet	giĉeto	(ticket) window, counter		1	A1	butiktablo, komptilo, ludmarko, nombrilo, vendotablo	ok	
deaf	25	NEW	surd	surda	deaf		1	A1		ok	reclaimed from proper_noun — confirm not a name
disturb	25	LINK	ĝen	ĝeni	to bother, disturb, hinder, trouble, make uncomfortable		1	A1	interrompi, konfuzi, kornaŭzigi, maloportuni, malordigi	ok	
dough	25	NEW	past	pasto	dough, paste		1	A1	fermentaĵo, knedaĵo	ok	
gum	25	NEW	gum	gumi	to erase, gum, smear (with gum)		1	A1	dentkarno, dentokarno, gingiva, gingivo, gumo	ok	
herb	25	LINK	herb	herbo	grass, herb		1	A1		ok	
hiding	25	LINK	kaŝ	kaŝo	concealment, (act of) hiding, obfuscation		1	A1	enkapsuligo, kasigo, kaŝado, kaŝanta	ok	reclaimed from proper_noun — confirm not a name
ink	25	NEW	ink	inki	to ink		1	A1	inko	ok	
missile	25	NEW	misil	misila	missile		1	A1	ĵetarmilo, misilo, raketo	ok	
panda	25	NEW	pand	pando	panda		1	A1		ok	
penguin	25	NEW	pingven	pingveno	penguin		1	A1	aptenodito, pingvino	ok	
quarrel	25	NEW	disput	disputo	contest, debate, dispute, quarrel, polemic, strife		1	A1	kvereli, kverelo, malpaci, malpaco	ok	
reef	25	NEW	ref	refi	to reef (sail)		1	A1	refo, rifo	ok	
scare	25	NEW	timig	timigi	to affright, alarm, frighten, intimidate, scare		1	A1	fortimigi, timigo	ok	
scratch	25	NEW	grat	grati	to scratch		1	A1	ekskoriacio, frotvundo, grataĵo, grato, gratvundi	ok	
shrink	25	NEW	etig	etigi	to belittle, shrink, dwarf		1	A1	alienisto, kuntiriĝi, malpliiĝi, ŝrumpi, ŝrumpigi	ok	
tap	25	NEW	kran	krano	cock, faucet, tap, spigot		1	A1	bateti, boratingi, elkrani, frapeti, kaŝaŭskulti	ok	
ash	24	NEW	cindr	cindro	ash(es), cinder		1	A1	cindrokolora, cindropolvo, frakseno	ok	
bracelet	24	NEW	bracelet	braceleto	bracelet		1	A1	brakringo, ĉirkaŭbrako, ĉirkaŭmano	ok	
collar	24	NEW	fret	freto	collar, ferrule, fret		1	A1	ĉirkaŭkolo, kolrimeno, kolumo	ok	
fearful	24	NEW	timigit	timigita	afraid, fearful		1	A1		ok	
gust	24	NEW	ekvent	ekvento	gust (of wind)		1	A1	ekventego	ok	
igloo	24	NEW	igl	iglo	igloo		1	A1	igluo	ok	reclaimed from proper_noun — confirm not a name
jail	24	NEW	prizon	prizono	jail, prison		1	A1	arestejo, enprizonigi, malliberejo, malliberigi, malliberulejo	ok	
lime	24	LINK	kalk	kalko	lime		1	A1	kalkumi, limedo, limeto, tilia	ok	reclaimed from proper_noun — confirm not a name
oat	24						1	A1		no_match	
paddle	24	NEW	padel	padeli	to paddle		1	A1	padelo, pagaji, pagajo, remeti	ok	
palm	24	NEW	palm	palmo	palm, palm tree		1	A1	manplato, polmo	ok	
pat	24	NEW	frapet	frapeti	to pat, tap, rap		1	A1		ok	reclaimed from proper_noun — confirm not a name
pinch	24	NEW	pinĉ	pinĉi	to nip, pinch		1	A1	pinĉegi, subŝteli, trompŝteli	ok	
popcorn	24	NEW	krevmaiz	krevmaizo	popcorn		1	A1		ok	
shampoo	24	NEW	ŝampu	ŝampui	to shampoo		1	A1	harsapo, ŝampuo	ok	
stack	24	LINK	stak	staki	to stack		1	A1	akumuli, cilindro, garbaro, kamentubo, kolono	ok	
suitcase	24	NEW	kofr	kofro	chest, coffer, suitcase, trunk		1	A1	valizo	ok	
sunlight	24	NEW	sunlum	sunlumo	sunlight	sun+lum	1	A1		compound	
birdcage	23						1	A1		no_match	
bravely	23	NEW	brav	brave	bravely		1	A1	kuraĝanime	ok	
chess	23	NEW	ŝak	ŝako	check, chess		1	A1	ŝakludo	ok	
clearing	23	NEW	maldensej	maldensejo	clearing (in a forest), glade		1	A1		ok	
copper	23	NEW	kupr	kupra	copper		1	A1	kupro, kuprokolora, kupromonero	ok	reclaimed from proper_noun — confirm not a name
gorilla	23	NEW	goril	gorilo	gorilla		1	A1		ok	reclaimed from proper_noun — confirm not a name
haircut	23						1	A1		no_match	
humble	23	NEW	humil	humila	humble, lowly, submissive		1	A1	humiligi, malfiera, senfiera	ok	
jerry	23	NEW	germanaĉ	germanaĉo	Hun, Jerry, Kraut (pejorative word for a German)		1	A1		ok	reclaimed from proper_noun — confirm not a name
makeup	23						1	A1		no_match	
microphone	23	NEW	mikrofon	mikrofono	microphone		1	A1		ok	
oats	23	NEW	aven	aveno	oats		1	A1		ok	
opera	23	NEW	oper	opero	opera		1	A1		ok	
scrub	23	NEW	vepr	vepro	bush, brushwood, scrub		1	A1	frotlavi, frotpurigi	ok	
skeleton	23	NEW	fram	framo	frame, framework, substructure, skeleton		1	A1	ostaro, skeleto	ok	reclaimed from proper_noun — confirm not a name
sofa	23	NEW	sof	sofo	sofa		1	A1	kanapo	ok	
thumb	23	NEW	poleks	polekso	thumb	pol+eks	1	A1	dikfingro	compound	
vroom	23						1	A1		no_match	
anchor	22	NEW	ankr	ankri	to anchor		1	A1	ankero, ankro, ankrumi, marŝtopilo	ok	
applaud	22	NEW	aklam	aklami	to acclaim, applaud, hail		1	A1	aplaŭdi, ovacii	ok	
grape	22	NEW	uv	uvo	grape		1	A1	traŭbo, vinbero	ok	
infant	22	LINK	infan	infano	child, infant		1	A1	infaneto	ok	
magnet	22	NEW	magnet	magneto	loadstone, magnet		1	A1		ok	
perch	22	NEW	perk	perko	bass, perch (fish)		1	A1	birdostarejo, stango	ok	
pride	22	LINK	fier	fiero	pride		1	A1	fieraĵo, fiereco, malhumileco, orgojlo	ok	
restless	22	NEW	malkviet	malkvieta	restless, noisy, unquiet		1	A1	maltrankvila, neripozema	ok	
rot	22	NEW	putr	putri	to decay, decompose, putrefy, rot, fester		1	A1	putriĝi	ok	
scurry	22						1	A1		no_match	
avocado	21	NEW	avokad	avokado	avocado		1	A1	avokadarbo, avokadoarbo, avokadujo	ok	
bang	21	NEW	knal	knali	to bang, explode, burst, make a loud sound		1	A1	brufermi, ekbrui, ekbruo, fermegi, ĵetfermi	ok	reclaimed from proper_noun — confirm not a name
dare	21	NEW	aŭdac	aŭdaci	to dare, have the audacity (to)		1	A1	kuraĝi, maltimi	ok	
darkness	21	NEW	malhel	malhelo	darkness		1	A1	mallumeco, mallumo, tenebro	ok	
fuzzy	21	NEW	svag	svaga	vague, fuzzy		1	A1	malpreciza, nebula	ok	reclaimed from proper_noun — confirm not a name
granny	21	NEW	avinj	avinjo	granny		1	A1		ok	reclaimed from proper_noun — confirm not a name
helmet	21	NEW	kask	kasko	helmet		1	A1		ok	
kneel	21	LINK	genu	genui	to kneel		1	A1	genufleksi, genuiĝi, surgenui, surgenuiĝi	ok	
ornament	21	NEW	dekor	dekori	to adorn, decorate, ornament		1	A1	ornamaĵo, ornami, ornamo	ok	
soak	21	NEW	tremp	trempi	to dip, immerse, plunge, soak, steep		1	A1	trasorbigi, trempiĝi	ok	
thunder	21	NEW	tondr	tondri	to thunder		1	A1	tondro, tondrobruo	ok	
tickle	21	NEW	tikl	tikli	to tickle		1	A1	tiklo	ok	
trail	21	NEW	spur	spuri	to trace, trail, track		1	A1	malantaŭiri, piedsigno, spuro, treni, treniĝi	ok	
twinkle	21	NEW	brilet	brileti	to scintillate, twinkle		1	A1	brileto, ekbrileti	ok	reclaimed from proper_noun — confirm not a name
twisted	21						1	A1		no_match	
unite	21	NEW	kupl	kupli	to couple, join (up), unite, connect		1	A1	fratigi, interfratigi, kunigi, kuniĝi, kunligi	ok	reclaimed from proper_noun — confirm not a name
unpack	21	NEW	elpak	elpaki	to unpack		1	A1	elkestigi, malpaki	ok	
veterinarian	21	NEW	veterinar	veterinaro	veterinarian		1	A1	bestkuracisto, bestokuracisto	ok	reclaimed from proper_noun — confirm not a name
waist	21	LINK	zon	zono	shingles (disease), herpes zoster; waist, belt, girdle; zone, area, selection		1	A1	tailo, talimezuro, talio	ok	
whip	21	NEW	vip	vipi	to whip		1	A1	batmiksi, instigisto, kirli, skurĝi, skurĝo	ok	
adorable	20	NEW	adorind	adorinda	adorable		1	A1		ok	
bookcase	20	NEW	bretar	bretaro	set of shelves, cabinet, shelves, shelving, bookcase		1	A1	librobretaro, libroŝranko	ok	
cart	20	LINK	ĉar	ĉaro	car, cart, chariot		1	A1	ĉarelo, ĉareto, ŝarĝoveturilo, veturigi	ok	
cereal	20	LINK	gren	greno	corn, grain, cereal		1	A1	cerealaĵo, cerealo, panherbo	ok	
cheek	20	NEW	vang	vango	cheek, jowl		1	A1		ok	
chore	20	NEW	farotaĵ	farotaĵo	thing to be done, chore		1	A1		ok	
fort	20	NEW	fuort	fuorto	stronghold, fort		1	A1	fortikaĵeto, fortikaĵo, kastelo	ok	
grill	20	NEW	krad	krado	lattice, crossbars, grate, grid, grill, grating, hash, pound sign, number sign, sharp sign		1	A1	kradrosti, kradrostilo	ok	
hedge	20	NEW	heĝ	heĝo	hedge		1	A1	kreskaĵbarilo, plektobarilo	ok	
jellyfish	20	NEW	meduz	meduzo	jellyfish		1	A1		ok	
overjoy	20						1	A1		no_match	
porch	20	NEW	vestibl	vestiblo	entrance hall, lobby, porch, vestibule		1	A1	portiko, verando	ok	
rag	20	NEW	rag	rago	rag		1	A1	ĉifono, gazetaĉo	ok	
rhinoceros	20	NEW	rinocer	rinocero	rhino, rhinoceros		1	A1		ok	
ribbon	20	NEW	galon	galono	galloon, piping, ribbon, tinsel, trim, cord, lace, stripe		1	A1	rubando	ok	
screw	20	LINK	al	alo	branch, wing (of a car, building, screw, etc.)		1	A1	fiki, ŝraŭba, ŝraŭbi, ŝraŭbo	ok	reclaimed from proper_noun — confirm not a name
shrug	20	NEW	altig	altigi	to elevate, shrug, raise		1	A1	ŝultrlevi, ŝultrolevi, ŝultrotiri, ŝultrumi, ŝutrotiri	ok	
slap	20	LINK	klak	klaki	to chatter, clap, click, rattle, flap, slap, smack		1	A1	vangofrapo	ok	
slippery	20	LINK	glat	glata	sleek, slippery, smooth, slick		1	A1	elturniĝema, glita, glitiga	ok	
thermometer	20	NEW	termometr	termometro	thermometer	term+metr	1	A1		compound	
unlock	20	NEW	malŝlos	malŝlosi	to unlock		1	A1	malŝloso	ok	
vest	20	NEW	veŝt	veŝto	vest, waistcoat		1	A1	jaketo, subĉemizo	ok	
warmth	20	LINK	varm	varmo	warmth		1	A1	varmeco	ok	
weep	20	LINK	larm	larmi	to cry, shed tears, weep		1	A1	funebri, ploradi, plori	ok	
yarn	20	NEW	blagrakont	blagrakonto	yarn		1	A1	lanfadenaĵo	ok	
alright	19	LINK	bon	bone	well, ok, alright, fine		1	A1		ok	
birdie	19						1	A1		no_match	
blouse	19	NEW	bluz	bluzo	blouse		1	A1	ĉemizino, inĉemizo, kitelo	ok	
buckle	19	NEW	buk	buki	to buckle		1	A1	bukfermi, buko, kniki, knikiĝi	ok	
cauliflower	19	NEW	florbrasik	florbrasiko	cauliflower		1	A1		ok	
chop	19	NEW	hak	haki	to chop, cut, hack, hew		1	A1	dishaki, haketi, hako, kotleto	ok	
hunter	19	NEW	ĉasant	ĉasanto	hunter		1	A1	ĉasisto	ok	
itch	19	NEW	juk	juki	to itch		1	A1	juko, skabio	ok	
luckily	19	LINK	feliĉ	feliĉe	fortunately, happily, luckily		1	A1	bonokaze, bonsorte, bonŝance	ok	reclaimed from proper_noun — confirm not a name
napkin	19	NEW	buŝtuk	buŝtuko	napkin, serviette	buŝ+tuk	1	A1		compound	
reindeer	19	NEW	boac	boaco	caribou, reindeer		1	A1	rangifero	ok	
sandbox	19	NEW	provej	provejo	sandbox		1	A1	sablokesto, sabloludejo	ok	
scarf	19	NEW	skarp	skarpo	(woman’s) scarf; arm-sling, sash, stole		1	A1	kaptuko, koltuko	ok	
skull	19	NEW	krani	kranio	cranium, head, skull, pate		1	A1	skeletkapo	ok	
venture	19	LINK	risk	riski	to hazard, risk, venture		1	A1	hazardi, risko	ok	
boom	18	NEW	bum	bumo	boom		1	A1	ekamasiĝi, ekamasiĝo, ekmultiĝi, ekmultiĝo, ekvigliĝi	ok	
broccoli	18	NEW	brokol	brokolo	broccoli		1	A1	brokolio, tuberbrasiko	ok	
cracker	18	NEW	kraken	krakeno	cracker		1	A1	biskvito, kodrompisto, retpirato	ok	
creep	18	NEW	ramp	rampi	to crawl, creep, sneak		1	A1		ok	
kindly	18	NEW	afabl	afable	kindly, affably		1	A1	kompleza, kompleze	ok	
mop	18	NEW	ŝvabr	ŝvabri	to mop, swab		1	A1	spongoŝvabrilo, ŝvabrileto	ok	
mule	18	NEW	mul	mulo	mule		1	A1		ok	
mustache	18						1	A1		no_match	
pancake	18	NEW	flan	flano	flan, tart, pancake, thin flat pastry		1	A1	krespo, patkuko	ok	reclaimed from proper_noun — confirm not a name
ripe	18	NEW	matur	matura	mature, ripe, full-grown, mature		1	A1		ok	
shield	18	NEW	egid	egido	aegis, protection, shield, auspices, sponsorship		1	A1	kirasi, ŝildi, ŝildo, ŝirmi	ok	
spark	18	NEW	spark	sparki	to spark		1	A1	ekbruligi, fajreri, fajrero, sparko	ok	
spit	18	NEW	kraĉ	kraĉi	to expectorate, spit		1	A1	pikbastono, rostostango, sputi, trapiko	ok	
steak	18	NEW	stek	steko	steak		1	A1	bifsteko, fiŝosteko	ok	
sword	18	NEW	glav	glavo	sword		1	A1		ok	
toast	18	NEW	rost	rosti	to broil, roast, toast		1	A1	rostpano, toasti, toastigi, toasto, tosti	ok	
vet	18						1	A1		no_match	
villager	18	NEW	vilaĝan	vilaĝano	villager		1	A1		ok	
anytime	17	NEW	iutemp	iutempe	anytime, at some time, eventually, ever, once, sometime, someday		1	A1		ok	
barrel	17	LINK	tub	tubo	barrel, channel, pipe, tube, conduit, duct, stem		1	A1	bareleto, barelo, premcilindro, sendaĵero	ok	
bathe	17	LINK	ban	bani	to bathe, rinse, wash (over), submerge		1	A1		ok	
chalk	17	NEW	kret	kreta	chalk		1	A1	kreto, kretskribi	ok	
drain	17	NEW	dren	dreni	to drain		1	A1	akvotubo, defluejo, deguti, dreniĝi, drenilo	ok	
drift	17	NEW	vag	vagi	to drift, loiter, prowl, ramble, roam, wander, meander, stray		1	A1	drivi, drivo	ok	
fireplace	17	NEW	kamen	kameno	fireplace, hearth, fireside		1	A1	fajrejo, fajrujo	ok	
lumber	17	NEW	seglign	segligno	lumber, timber	seg+lign	1	A1	ĉarpentligno	compound	
ouch	17	NEW	a	aj	ow, ouch, oh		1	A1		ok	reclaimed from proper_noun — confirm not a name
respectful	17	NEW	respekt	respekta	respectful		1	A1	respektema	ok	
scold	17	NEW	admon	admoni	to admonish, advise, censure, exhort, scold, reprimand, tell off		1	A1	mallaŭdi, riproĉegi, riproĉi, skoldi	ok	
sip	17	NEW	glut	gluto	draught, sip, mouthful, gulp, swallow, sup		1	A1	sorbi, trinketi, trinketo	ok	
sneak	17	NEW	ramp	rampi	to crawl, creep, sneak		1	A1	ŝteliri	ok	
sprinkle	17	NEW	ŝutet	ŝuteti	to sprinkle		1	A1	aspergi, elŝprucigi, ĵetkovri, surŝprucigi, surverŝi	ok	
sunrise	17	NEW	ektagiĝ	ektagiĝo	sunrise		1	A1	sunleviĝo	ok	
tide	17	NEW	tajd	tajdo	tide		1	A1		ok	
vanish	17	NEW	nuliĝ	nuliĝi	to vanish		1	A1	neniiĝi	ok	
wardrobe	17	LINK	ŝrank	ŝranko	cabinet, closet, cupboard, sideboard, wardrobe		1	A1	vestoŝranko, vestotenejo	ok	
backpack	16	NEW	dorssak	dorssako	backpack		1	A1	dorsosako, tornistro	ok	
bouncy	16						1	A1		no_match	
bulb	16	NEW	bulb	bulbo	bulb, dome		1	A1	ampolo, fulmoampolo	ok	reclaimed from proper_noun — confirm not a name
crystal	16	NEW	kristal	kristala	crystal		1	A1	kristalo	ok	reclaimed from proper_noun — confirm not a name
floppy	16	NEW	disked	diskedo	floppy disk, floppy, diskette		1	A1		ok	reclaimed from proper_noun — confirm not a name
fog	16	NEW	nebul	nebulo	fog, mist		1	A1		ok	
hanger	16						1	A1		no_match	
mug	16	NEW	potet	poteto	mug		1	A1	glasego, pokaleto, rabataki, tasego, vizaĝaĉo	ok	reclaimed from proper_noun — confirm not a name
outfit	16	LINK	ekip	ekipi	to equip, outfit		1	A1	kompleto, kostumo, vestaro	ok	
patiently	16	LINK	pacienc	pacience	patiently		1	A1		ok	
prune	16	NEW	stuc	stuci	to crop, trim, prune		1	A1	ĉirkaŭhaki, pritondi	ok	
rip	16	LINK	ŝir	ŝiri	to rip, tear		1	A1	ekstrakti	ok	
seagull	16	NEW	mev	mevo	gull, seagull		1	A1		ok	
seal	16	NEW	fok	foko	seal (animal)		1	A1	hermetikigi, marhundo, oblato, obturi, sigelaĵo	ok	
steam	16	NEW	vapor	vapora	steam, vaporous		1	A1	vapori, vaporizi, vaporkuiri, vaporo, vaporumi	ok	
twist	16	NEW	tord	tordi	to contort, twist, warp, wind, wring, wriggle, sprain		1	A1	deformi, distordi, kurbiĝadi, premegi, serpenti	ok	
airplane	15	LINK	aviadil	aviadilo	airplane, aircraft		1	A1	aeroplano, aerplano	ok	
bun	15	NEW	bulk	bulko	bun, roll		1	A1	harnodo, hartubero, panbulo	ok	reclaimed from proper_noun — confirm not a name
cabinet	15	LINK	ŝrank	ŝranko	cabinet, closet, cupboard, sideboard, wardrobe		1	A1	bretaro, ĉambreto, kabineto, ministraro, murŝranko	ok	
cautiously	15	LINK	zorg	zorge	carefully, cautiously		1	A1	eviteme, singardeme	ok	
cupcake	15	NEW	kuket	kuketo	cookie, little cake, cupcake		1	A1		ok	
elf	15	NEW	elf	elfo	elf		1	A1	feino, koboldo	ok	reclaimed from proper_noun — confirm not a name
giraffe	15	NEW	ĝiraf	ĝirafo	giraffe		1	A1		ok	
hallway	15	NEW	koridor	koridoro	corridor, passage, hallway, hall, lane, passageway		1	A1		ok	
hose	15	NEW	hos	hoso	hose, tube		1	A1	akvokondukilo, ledtubo, ŝtrumpaĵo	ok	
notebook	15	LINK	agend	agendo	agenda, appointment book, diary, memorandum book, notebook		1	A1	kajero, notlibreto, notlibro, tekkomputilo, tekokomputilo	ok	
oak	15	NEW	kverk	kverka	oak, oaken		1	A1	glanarbo, kverko, kverkoligno	ok	
oxygen	15	NEW	oksigen	oksigeno	oxygen		1	A1		ok	
pajama	15	NEW	piĵam	piĵamo	pajama		1	A1		ok	
pearl	15	NEW	perl	perlo	pearl		1	A1		ok	
prettiest	15						1	A1		no_match	
ranch	15	LINK	bien	bieno	domain, estate, farm, property, ranch, land, ground(s)		1	A1	ranĉo	ok	
reminder	15	NEW	memorig	memorigo	relic, reminder		1	A1	memorigilo, rememorigilo, rememorigo	ok	
sadness	15	NEW	malĝoj	malĝojo	grief, sadness, sorrow, tribulation		1	A1	afliktiĝo, malgajeco, malĝojeco	ok	
whisker	15	NEW	vanghar	vangharo	sideburn, whisker		1	A1		ok	reclaimed from proper_noun — confirm not a name
barely	14	NEW	nud	nude	barely, nakedly		1	A1	apenaŭ	ok	
canvas	14	NEW	kanvas	kanvaso	canvas		1	A1		ok	
carriage	14	NEW	afust	afusto	(gun) carriage		1	A1	ĉareto, kaleŝo, transporto, vagono, veturilo	ok	
celery	14	NEW	api	apio	(wild) celery		1	A1	celerio	ok	
comfy	14						1	A1		no_match	
cop	14	NEW	sbir	sbiro	cop, pig		1	A1		ok	
curiosity	14	NEW	sciem	sciemo	curiosity, curiousness		1	A1	intereseco, kuriozaĵo, sciavido, scivoleco, scivolemo	ok	reclaimed from proper_noun — confirm not a name
flavor	14	NEW	arom	aromo	aroma, flavor, fragrance, smell		1	A1	gustigi, gusto	ok	
freezer	14	NEW	frostuj	frostujo	freezer		1	A1	frostigilo, frostigujo, frostkesto, frotokesto, glaciŝranko	ok	
intrigue	14	LINK	intrig	intrigi	to intrigue, scheme, plot		1	A1	intrigo, komploto, scivoligi	ok	
jeep	14	NEW	ĵip	ĵipo	jeep		1	A1		ok	
ladybug	14	NEW	kokcinel	kokcinelo	lady beetle, ladybird, ladybird beetle, ladybug		1	A1		ok	reclaimed from proper_noun — confirm not a name
lotion	14						1	A1		no_match	
melody	14	LINK	melodi	melodio	melody, tune		1	A1		ok	reclaimed from proper_noun — confirm not a name
panic	14	NEW	panik	paniki	to panic		1	A1	ekpaniki, panikigi, paniko, teruro	ok	
pupil	14	NEW	pupil	pupilo	pupil (of eye)		1	A1	gimnaziano, lernantino, lernanto, lernejano, liceano	ok	
sew	14	NEW	kudr	kudri	to stitch, sew, tack		1	A1	alkudri, stebi	ok	
shovel	14	NEW	fosil	fosilo	digging implement, shovel, spade		1	A1	ŝoveli, ŝovelilo	ok	
sore	14	LINK	dolor	dolora	aching, anguished, pained, painful, sore		1	A1	suferanta, ulcereto, ulcero	ok	
starfish	14	NEW	asteri	asterio	starfish		1	A1	marstelo	ok	
superhero	14	NEW	superhero	superheroo	superhero	super+hero	1	A1		compound	
sway	14	LINK	influ	influi	to act, affect, influence, have influence on, shape, sway		1	A1	balanci, svingiĝi	ok	
thrill	14	NEW	vibr	vibri	to vibrate, oscillate, thrill		1	A1		ok	
underneath	14	LINK	sub	sub	below, beneath, under, underneath		1	A1	malsupre, sube, suben	ok	
ambulance	13	NEW	ambulanc	ambulanco	ambulance, field hospital		1	A1	malsanulejo, malsanulveturilo	ok	
bedtime	13	NEW	enlitiĝtemp	enlitiĝtempo	bedtime		1	A1	dormohoro	ok	
brighter	13						1	A1		no_match	
bully	13	NEW	ĉikan	ĉikani	to nit-pick, quibble, split hairs, badger, bait, bully		1	A1	brutali	ok	
campfire	13	NEW	tendarfajr	tendarfajro	campfire		1	A1	ŝtipfajro	ok	
cricket	13	NEW	gril	grilo	cricket (insect)		1	A1	kriketo	ok	
eagle	13	NEW	agl	aglo	eagle		1	A1		ok	
fade	13	NEW	fad	fadi	to fade		1	A1	dissolvi, dissolvo, forpasadi, malklariĝi, paliĝi	ok	
flora	13	NEW	flaŭr	flaŭro	flora		1	A1	vegetaĵaro, vegetalaro	ok	reclaimed from proper_noun — confirm not a name
forgave	13						1	A1		no_match	
knelt	13						1	A1		no_match	
marker	13	LINK	mark	marko	brand, marker, tag, label		1	A1	indikilo, markilo	ok	
melon	13	NEW	melon	melono	melon		1	A1		ok	
onwards	13						1	A1		no_match	
parrot	13	NEW	papag	papago	parrot		1	A1	papagumi	ok	reclaimed from proper_noun — confirm not a name
ray	13	NEW	raj	rajo	ray, skate, stingray		1	A1	duonrekto, lumradio, radio, strio	ok	
restore	13	NEW	redon	redoni	to compensate, give back, return, render, restore, pay back, refund, repay, retaliate, return, reflect, reproduce		1	A1	refari, restarigi, restaŭra, restaŭri, restaŭro	ok	
rob	13	LINK	rab	rabi	to pillage, plunder, rob, take away (by force)		1	A1	prirabi, priŝteli, rabegi, senmonigi, ŝteli	ok	reclaimed from proper_noun — confirm not a name
rover	13	NEW	rover	rovero	rover, venturer		1	A1	vaganto	ok	reclaimed from proper_noun — confirm not a name
shed	13	NEW	bud	budo	barn, shed, stand, stall, hut, booth, cabana, kiosk		1	A1	alero, antaŭtegmento, barako, bovostalo, elsendi	ok	
sting	13	LINK	pik	piki	to bite, jab, pick, pierce, prick, puncture, stab, stick, sting		1	A1	bruli, enpiki, pikilo, piko	ok	
stroke	13	LINK	bat	bato	blow, stroke, hit		1	A1	apopleksio, froti, glatumi, karesi, kareso	ok	
unpacked	13						1	A1		no_match	
acorn	12	NEW	glan	glano	acorn, glans		1	A1		ok	
bathtub	12	NEW	banuj	banujo	bathtub		1	A1	bankuvo	ok	
batter	12	NEW	batant	batanto	batter		1	A1	farunbataĵo	ok	
cardboard	12	NEW	karton	kartona	cardboard		1	A1	kartono	ok	
coral	12	NEW	koral	korala	coral		1	A1	koralo	ok	
curl	12	LINK	bukl	bukli	to curl		1	A1	bukligi, buklo, frizi, kirli, kirlo	ok	
dip	12	NEW	ekfal	ekfali	to dip, slump		1	A1	ekfalo, subakvigi, trempeti, trempeto, trempi	ok	
helper	12	NEW	helpant	helpanto	aid, helper, assistant, auxiliary		1	A1	asistanto, ĉielertulo, helpisto, kunhelpinto, subteninto	ok	
holly	12	NEW	ileks	ilekso	holly		1	A1	akvifolio	ok	reclaimed from proper_noun — confirm not a name
lawn	12	NEW	gazon	gazono	lawn		1	A1	batisto, gresejo, herbejo, herbobedo, razeno	ok	
mailman	12	NEW	poŝtist	poŝtisto	mail carrier, postal worker, mailman, postman		1	A1		ok	
medal	12	NEW	medal	medalo	medal		1	A1		ok	
muddy	12	LINK	kot	kota	dirty, muddy, filthy, mucky, muddy		1	A1	kotkovrita, marĉoplena	ok	
nectar	12	NEW	nektar	nektaro	nectar		1	A1	florsuko	ok	reclaimed from proper_noun — confirm not a name
nutty	12	NEW	arom	aroma	aromatic, fragrant, nutty		1	A1	bonodora, kvazaŭfreneza, maniohava, nuksa, spiceca	ok	reclaimed from proper_noun — confirm not a name
purr	12	NEW	bleket	bleketi	to squeak, purr, whine		1	A1	murmureti, ronroni, ronrono	ok	
quack	12	NEW	kvak	kvaki	to croak, quack		1	A1	anasbleki	ok	
rumble	12	NEW	bruegad	bruegadi	to rumble		1	A1	vibrosoni	ok	
rusty	12	NEW	rust	rusta	rusty		1	A1		ok	reclaimed from proper_noun — confirm not a name
shannon	12	NEW	ŝanon	ŝanono	shannon		1	A1		ok	reclaimed from proper_noun — confirm not a name
sidewalk	12	NEW	trotuar	trotuaro	footpath, pavement, sidewalk		1	A1		ok	
snail	12	NEW	limak	limako	slug, snail		1	A1		ok	reclaimed from proper_noun — confirm not a name
squeal	12	NEW	kriet	krieto	squeal		1	A1		ok	
swung	12						1	A1		no_match	
temple	12	NEW	tempi	tempio	temple (forehead)		1	A1	idolejo, templo	ok	reclaimed from proper_noun — confirm not a name
warrior	12	NEW	batalist	batalisto	warrior		1	A1	batalpartiano, militisto	ok	
armchair	11	NEW	fotel	fotelo	armchair, easy chair		1	A1	apogseĝo, brakseĝo, fortelo, seĝego	ok	
brownie	11	NEW	gnom	gnomo	brownie, gnome, goblin		1	A1	lupido	ok	reclaimed from proper_noun — confirm not a name
bumpy	11	NEW	maleben	malebena	bumpy, rugged, rough		1	A1		ok	reclaimed from proper_noun — confirm not a name
burst	11	NEW	knal	knali	to bang, explode, burst, make a loud sound		1	A1	fendiĝi, krevaĵo, krevi, krevigi, krevo	ok	
chuckle	11						1	A1		no_match	
circus	11	NEW	cirk	cirko	circus		1	A1		ok	
claws	11						1	A1		no_match	
creamy	11						1	A1		no_match	
drank	11						1	A1		no_match	
exhaust	11	NEW	elĉerp	elĉerpi	to ladle out, scoop out, exhaust, use up, consume		1	A1	elĉerpiĝi, forĉerpi, konsumi	ok	
explorer	11	NEW	foliumil	foliumilo	browser (internet), explorer, web browser		1	A1	esploranto, esploristo, esplorvojaĝisto	ok	
fabric	11	LINK	ŝtof	ŝtofo	cloth, material, matter, stuff, fabric, textile		1	A1	fabriko, teksaĵo	ok	
fisherman	11	NEW	fiŝist	fiŝisto	fisherman		1	A1	fiŝkaptisto	ok	
ginger	11	NEW	ruf	rufa	ginger, red, russet, rust-colored, roan		1	A1	azaro, zingibro	ok	reclaimed from proper_noun — confirm not a name
glitter	11	NEW	brileg	brilegi	to glitter		1	A1	briletado, ŝajnbrilo, trompbrilo	ok	
gracefully	11	NEW	graci	gracie	gracefully, graciously		1	A1		ok	
honking	11	NEW	kvakad	kvakado	honking		1	A1		ok	
horizon	11	NEW	horizont	horizonto	horizon		1	A1		ok	
jug	11	LINK	pot	poto	jug, pot		1	A1	argilujo, kruĉo	ok	
marshmallow	11						1	A1		no_match	
maya	11	NEW	maja	majaa	Maya, Mayan		1	A1	majao	ok	reclaimed from proper_noun — confirm not a name
nick	11	NEW	breĉet	breĉeti	to nick, notch		1	A1	breĉetigi, tranĉeti	ok	reclaimed from proper_noun — confirm not a name
noon	11	NEW	tagmez	tagmezo	midday, noon	tag+mez	1	A1		compound	reclaimed from proper_noun — confirm not a name
oasis	11	NEW	oaz	oazo	oasis		1	A1		ok	
ostrich	11	NEW	strut	struto	ostrich		1	A1		ok	
pasta	11	NEW	pastaĵ	pastaĵo	pasta		1	A1		ok	
potion	11	NEW	poci	pocio	potion		1	A1		ok	
precious	11	LINK	kar	kara	beloved, cherished, dear, expensive, valuable, precious, costly, high-priced		1	A1	alteŝatata, altvalora, multekosta, multevalora, rara	ok	
sibling	11	LINK	frat	frato	brother, sibling		1	A1	gefrato, samgepatrido	ok	
snuck	11						1	A1		no_match	
spaceship	11	NEW	kosmoŝip	kosmoŝipo	spaceship		1	A1	spacoŝipo	ok	
spear	11	NEW	lanc	lanco	lance, spear		1	A1	ĵetlanco, lancpiki, pikstango	ok	
stem	11	LINK	baz	bazo	base, basis, footing, ground, platform, stem, radix		1	A1	antaŭparto, arbotrunko, arbtrunko, steveno, tigo	ok	
tricky	11	NEW	artifik	artifika	contrived, sophisticated, complex, tricky		1	A1	artifikema, mistifika, trompema	ok	
wallet	11	LINK	sak	sako	bag, sack, wallet		1	A1	biletujo, monbiletujo, monpaperujo, monujo	ok	
wiggle	11	NEW	tordetiĝ	tordetiĝi	to wiggle		1	A1		ok	
yucky	11						1	A1		no_match	
ashtray	10	NEW	cindruj	cindrujo	ash pan, ashtray		1	A1	cindrotelero	ok	reclaimed from proper_noun — confirm not a name
bat	10	NEW	batil	batilo	bat, racquet		1	A1	ĥiroptero, kiroptero, vesperto	ok	
billboard	10	NEW	reklampanel	reklampanelo	billboard		1	A1	afiŝtabulo, anonctabulego	ok	
bin	10	LINK	uj	ujo	bin, container, box, vessel		1	A1	grenkesto, konservujo	ok	reclaimed from proper_noun — confirm not a name
budge	10						1	A1		no_match	
compassion	10	NEW	kompat	kompato	compassion, pity, mercy, sympathy		1	A1		ok	
crow	10	NEW	korv	korvo	crow, raven		1	A1	kokeriki, kokeriko, korniko	ok	reclaimed from proper_noun — confirm not a name
dresser	10	NEW	komod	komodo	chest of drawers, dresser, commode (furniture)		1	A1	kuirejstablo	ok	
firefly	10	NEW	fulgor	fulgoro	firefly		1	A1	lampiro, lumvermo	ok	
grandchild	10	NEW	genep	genepo	grandchild		1	A1		ok	
hider	10	NEW	kaŝist	kaŝisto	hider, concealer		1	A1		ok	
hopeful	10	NEW	esperem	esperema	hopeful		1	A1	esperdona, esperiga	ok	
itchy	10						1	A1		no_match	
luggage	10	NEW	bagaĝ	bagaĝo	baggage, luggage		1	A1	pakaĵo	ok	
navy	10	NEW	ŝipar	ŝiparo	fleet, navy		1	A1	mararmeo, militŝiparo	ok	reclaimed from proper_noun — confirm not a name
patience	10	LINK	pacienc	pacienco	patience		1	A1	paciencludo	ok	
peer	10	NEW	pajr	pajro	peer		1	A1	samtavolano	ok	
pippin	10	NEW	rened	renedo	pippin, reinette apple		1	A1		ok	reclaimed from proper_noun — confirm not a name
quiz	10	NEW	kviz	kvizo	quiz		1	A1	pridemandi	ok	
racer	10						1	A1		no_match	
reassure	10	NEW	rekuraĝig	rekuraĝigi	to cheer up, reassure		1	A1		ok	
rustle	10	NEW	rasl	rasli	to rattle, rustle		1	A1	brueti, susuri, susuro	ok	
slimy	10	NEW	ŝlim	ŝlima	slimy, turbid		1	A1		ok	
snatch	10	NEW	ekpren	ekpreni	to grasp, snatch		1	A1		ok	
soapy	10						1	A1		no_match	
someday	10	NEW	iutag	iutage	one day, someday		1	A1	iutempe	ok	
spice	10	LINK	spic	spici	to spice, season		1	A1	spico	ok	
storekeeper	10						1	A1		no_match	
strip	10	LINK	bend	bendo	binding, strip, tape, band		1	A1	malvestiĝi, nudiĝi, senfeligi, senvestigi, senvestiĝi	ok	reclaimed from proper_noun — confirm not a name
toddler	10	NEW	paŝetul	paŝetulo	toddler		1	A1		ok	
vow	10	NEW	vot	voti	to vow		1	A1	dediĉi, ĵuri, promesi, voto	ok	
willow	10	NEW	salik	saliko	willow		1	A1	vimeno	ok	reclaimed from proper_noun — confirm not a name
wisdom	10	LINK	saĝ	saĝo	wisdom		1	A1	saĝeco	ok	
wizard	10	NEW	agordil	agordilo	configurator, tuner (device), tuning fork, setup program, (software), wizard (software), assistant (installation)		1	A1	asistanto, sorĉisto	ok	reclaimed from proper_noun — confirm not a name
wobble	10	NEW	vobl	vobli	to wobble		1	A1	ŝanceliiĝi	ok	
yield	10	NEW	ced	cedi	to cede, give in, yield, comply, concede, grant, accommodate		1	A1	doni, forcedi, frukti, kapitulaci, liveri	ok	
accomplish	9	LINK	ating	atingi	to accomplish, achieve, attain, get, reach, overtake, obtain, access (database, disk)		1	A1	efektivigi, elfari, plenumi	ok	
awake	9	LINK	vek	veka	awake		1	A1	maldorma, vekiĝinta, vekita	ok	reclaimed from proper_noun — confirm not a name
beard	9	NEW	barb	barbo	beard		1	A1	aristo, barbaĵo	ok	
bongo	9	NEW	bong	bongo	bongo (drum)		1	A1		ok	reclaimed from proper_noun — confirm not a name
bravery	9	NEW	brav	bravo	bravery, gallantry, valor		1	A1	bravaĵo, braveco, kuraĝo	ok	
cobweb	9	NEW	araneret	aranereto	cobweb	arane+ret	1	A1		compound	
crumb	9	NEW	panmolaĵ	panmolaĵo	crumb (bread)	pan+mol	1	A1		compound	
dolly	9	NEW	doli	dolio	dolly		1	A1		ok	
echo	9	NEW	eĥ	eĥi	to echo		1	A1	eĥo, ekoo, mokimiti, postsono, resoni	ok	
feast	9	NEW	regal	regalo	feast, treat		1	A1	bankedi, festeni, festeno	ok	
fetch	9	NEW	venig	venigi	to get, cause to come, send for, summon, fetch		1	A1	alporti, irpreni, revenigi	ok	
firefighter	9	NEW	fajrobrigadist	fajrobrigadisto	firefighter, fireman		1	A1		ok	
greedy	9	LINK	avar	avara	avaricious, miserly, stingy, greedy, mean, greedy		1	A1	avida, kaptema, manĝegema, monavida	ok	
hiss	9	NEW	ŝuŝ	ŝuŝi	to hiss		1	A1	sibli, ŝuŝo	ok	
kingdom	9	NEW	regn	regno	dominion, realm, state, sovereign country, kingdom		1	A1	reĝlando, reĝolando, reĝujo	ok	
mattress	9	NEW	matrac	matraco	mattress		1	A1		ok	
onward	9						1	A1		no_match	
paintbrush	9	NEW	penik	peniko	brush, paintbrush		1	A1		ok	
pinky	9	NEW	etfingr	etfingro	little finger, pinky (finger)		1	A1		ok	reclaimed from proper_noun — confirm not a name
practise	9						1	A1		no_match	
raccoon	9	NEW	procion	prociono	raccoon		1	A1	lavurso	ok	
reluctantly	9	NEW	malvol	malvole	against one’s will, forcefully, reluctantly, unwillingly		1	A1		ok	
riddle	9	NEW	enigm	enigmo	enigma, puzzle, riddle		1	A1	logogrifo, truadi	ok	
ruby	9	NEW	ruben	rubeno	ruby		1	A1		ok	reclaimed from proper_noun — confirm not a name
sailboat	9	NEW	velŝip	velŝipo	sailing ship, sailboat	vel+ŝip	1	A1	velboato	compound	
seeker	9	NEW	serĉant	serĉanto	seeker		1	A1		ok	
speedy	9	LINK	rapid	rapida	brisk, quick, rapid, speedy, swift, hasty, prompt, fast, high-speed		1	A1	baldaŭa, prompta, senprokrasta	ok	reclaimed from proper_noun — confirm not a name
startle	9	NEW	ektrem	ektremi	to start, startle		1	A1		ok	reclaimed from proper_noun — confirm not a name
stomp	9						1	A1		no_match	
sunglass	9						1	A1		no_match	
swirl	9	NEW	kirliĝ	kirliĝi	to swirl		1	A1	turbuli, turbulo, turniĝadi	ok	
tick	9	NEW	iksod	iksodo	tick		1	A1	radiksigno, tiktaki, tiktako	ok	
tub	9	NEW	kuv	kuvo	bath, tub, vat, space open box, visible space		1	A1	kuvoeto, tino	ok	
unlocked	9						1	A1		no_match	
x	9						1	A1		no_match	
acceptor	8	LINK	aŭtomat	aŭtomato	acceptor, automate, automaton		1	A1	akceptanto, akceptoro	ok	reclaimed from proper_noun — confirm not a name
accomplishment	8	LINK	far	faro	accomplishment, achievement, act, action, deed		1	A1	atingo, efektivigo, faritaĵo, finpretigo, plenumo	ok	
bead	8	NEW	bid	bido	bead		1	A1	globeto, grajnpinto, truglobeto	ok	
belly	8	NEW	ventr	ventro	abdomen, stomach, belly, tummy		1	A1	abdomeno	ok	
belove	8						1	A1		no_match	
chipmunk	8	NEW	eŭtami	eŭtamio	chipmunk		1	A1	tamiaso	ok	
cough	8	NEW	tus	tusi	to cough		1	A1	tuso	ok	
darling	8	NEW	kareg	karega	darling		1	A1	karegulo, karulino, karulo	ok	
dot	8	LINK	punkt	punkto	dot, period, point, spot		1	A1		ok	
dragonfly	8	NEW	libel	libelo	dragonfly		1	A1		ok	
glee	8	LINK	ĝoj	ĝojo	gladness, joy, glee		1	A1		ok	
glimmer	8	NEW	lumet	lumeto	gleam, glimmer		1	A1	bruleto, lumetadi, lumetado	ok	
jailer	8	NEW	provos	provoso	jailer, prison guard		1	A1	gardisto	ok	
keeper	8	NEW	gardant	gardanto	custodian, guard, guardian, watch, warder, keeper		1	A1		ok	
magician	8	NEW	magiist	magiisto	magician		1	A1	iluziisto, sorĉisto	ok	
maple	8	NEW	acer	acera	maple, of a maple		1	A1	acero	ok	reclaimed from proper_noun — confirm not a name
marching	8	NEW	defilad	defilado	march, marching, parade		1	A1		ok	
mermaid	8	NEW	siren	sireno	mermaid, siren		1	A1		ok	
mosquito	8	LINK	kul	kulo	gnat, mosquito		1	A1	azolo, moskito	ok	reclaimed from proper_noun — confirm not a name
playtime	8	NEW	ludtemp	ludtempo	playtime, recreation	lud+temp	1	A1		compound	
pluck	8	NEW	pluk	pluki	to pick, pluck		1	A1	deŝiri, pluko, plumtiregi, senplumigi	ok	
pudding	8	NEW	puding	pudingo	pudding		1	A1		ok	reclaimed from proper_noun — confirm not a name
scamper	8						1	A1		no_match	
spooky	8	NEW	timiget	timigeta	spooky		1	A1		ok	
stew	8	NEW	ragu	raguo	ragout, stew		1	A1	boleti, gulaŝo, stufaĵo, stufi	ok	
stripe	8	NEW	stri	strii	to stripe		1	A1	galjono, galono, strio	ok	
swoop	8						1	A1		no_match	
telescope	8	NEW	vidil	vidilo	spyglass, telescope		1	A1	teleskopa, teleskopo	ok	
tiptoe	8						1	A1		no_match	
twisting	8	NEW	kurboplen	kurboplena	twisting	kurb+plen	1	A1		compound	
unsure	8	NEW	necert	necerta	uncertain, indecisive, unsure, doubtful		1	A1	malcerta, sencerta	ok	
warmly	8	LINK	varm	varme	warmly		1	A1	elkore, varmete	ok	
wink	8	NEW	palpebrum	palpebrumi	to blink, wink		1	A1	okulsigni, okulsigno	ok	
admiration	7	LINK	admir	admiro	admiration		1	A1	admirado, admiraĵo, honorigo	ok	
afar	7	LINK	for	fore	afar, afield, far, far away, remotely		1	A1	malproksime	ok	
backwards	7	LINK	re	reen	back, backwards, returning		1	A1	dorsantaŭa, dorsantaŭe, dorsantaŭen, malantaŭen, posten	ok	
basement	7	NEW	kel	kelo	basement, cellar		1	A1	keletaĝo, subetaĝo, subteretaĝo	ok	
beaver	7	NEW	kastor	kastora	beaver, of a beaver	kas+tor	1	A1	kastoro	compound	reclaimed from proper_noun — confirm not a name
beehive	7	NEW	abeluj	abelujo	beehive, hive		1	A1	abelĉelaro, abelkesto, abelkorbo	ok	
broom	7	NEW	citiz	citizo	broom		1	A1	balailo, genisto, sarotamno	ok	
buddy	7	NEW	kamarad	kamarado	buddy, companion, comrade, pal, mate, chum		1	A1	kompano	ok	reclaimed from proper_noun — confirm not a name
buggy	7	NEW	cim	cima	buggy		1	A1	bugio, kaleŝeto	ok	reclaimed from proper_noun — confirm not a name
burrow	7	NEW	kavig	kavigi	to burrow, excavate, hollow		1	A1	manĝtuneleto	ok	
carol	7	NEW	karol	karolo	carol		1	A1	ĥoraĵo, kristnaskokanto	ok	reclaimed from proper_noun — confirm not a name
cliff	7	NEW	klif	klifo	cliff, crag, headland		1	A1	krutaĵo	ok	
cluck	7	NEW	kluk	kluki	to cluck		1	A1		ok	
cottage	7	NEW	domet	dometo	cottage, lodge, small house		1	A1		ok	
crunchy	7	NEW	kraket	kraketa	brittle, crisp, crunchy		1	A1		ok	
curiously	7						1	A1		no_match	
diving	7	NEW	plonĝad	plonĝado	diving		1	A1		ok	
doorway	7	NEW	pordapertur	pordaperturo	doorway	pord+aper+tur	1	A1		compound	
dusty	7	LINK	polv	polva	dusty		1	A1		ok	
faraway	7						1	A1		no_match	
frost	7	NEW	gel	gelo	frost		1	A1	frosto, prujno	ok	
hen	7	NEW	kokaĵ	kokaĵo	chicken, hen		1	A1	kokido, kokinaĵo, kokino	ok	
honk	7	NEW	korn	korni	to honk		1	A1	kvako	ok	
kin	7	NEW	gent	gento	clan, ethnic group, genus, tribe, family, kin, race, people		1	A1	genero	ok	reclaimed from proper_noun — confirm not a name
mane	7	NEW	kolhar	kolharoj	mane		1	A1	kolhararo	ok	
munch	7	NEW	maĉ	maĉi	to chew, masticate, munch		1	A1	kraketigi, krakmaĉi	ok	
plead	7	NEW	pled	pledi	to appeal, plea, plead		1	A1	petegi, procesi, proparoladi	ok	
politely	7	LINK	ĝentil	ĝentile	gently, politely		1	A1		ok	
popper	7						1	A1		no_match	
pout	7	NEW	bud	budi	to pout, sulk		1	A1	kolereti, lipmieni, paŭti, paŭto	ok	
puff	7	NEW	puf	pufo	padding, puff, swelling, stuffing, wad, pad		1	A1	blovi, ŝveli, ŝveliĝi	ok	
quilt	7	NEW	steb	stebi	to quilt, stitch, sew		1	A1	litkovrilo, peplomo, plumono	ok	
ranger	7						1	A1		no_match	
ruler	7	NEW	liniil	liniilo	ruler, straight-edge		1	A1	mezurilo, reganto, reginto, regnestro, rektilo	ok	
scar	7	NEW	cikatr	cikatro	scar		1	A1	cikatrigi, stigmato	ok	
screwdriver	7	NEW	ŝraŭbil	ŝraŭbilo	screwdriver		1	A1	ŝraŭbtenilo, ŝraŭbturnilo	ok	
shoo	7	NEW	huŝ	huŝi	to shoo, shish (in order to scare away small animals)		1	A1	peli	ok	reclaimed from proper_noun — confirm not a name
spoonful	7	NEW	ĉerpet	ĉerpeto	spoonful		1	A1	plenkulero	ok	
sternly	7						1	A1		no_match	
stroll	7	NEW	pasum	pasumi	to dawdle, lounge, lounge about, stroll		1	A1	promenado, promeni, promeno	ok	
texture	7	NEW	tekstur	teksturo	texture, grain	teks+tur	1	A1		compound	
tractor	7	NEW	traktor	traktoro	tractor	trak+tor	1	A1		compound	
trampoline	7	NEW	trampolin	trampolino	trampoline		1	A1		ok	
treehouse	7						1	A1		no_match	
waffle	7	NEW	vafl	vaflo	waffle		1	A1	ŝanceligadi	ok	
windy	7	LINK	vent	venta	windy		1	A1	ventplena	ok	
alligator	6	NEW	aligator	aligatoro	alligator		1	A1		ok	
ana	6				ana, anna		1	A1	sesdekona rupio	no_match	reclaimed from proper_noun — confirm not a name
astronaut	6	NEW	astronaŭt	astronaŭto	astronaut, spaceman	astr+naŭt	1	A1		compound	
auntie	6	NEW	onj	onjo	auntie		1	A1	onklinjo	ok	reclaimed from proper_noun — confirm not a name
brick	6	NEW	brik	brika	brick		1	A1	fajrŝtono	ok	
cashier	6	NEW	kas	kaso	cash box, money box, till, cashier		1	A1	kasistino, kasisto	ok	
chad	6	NEW	ĉad	ĉada	Chadian, Chad		1	A1		ok	reclaimed from proper_noun — confirm not a name
conquer	6	LINK	venk	venki	to conquer, defeat, win over, overcome, vanquish, subdue		1	A1	almiliti, konkeri, militakiri, venkobati	ok	
creativity	6	NEW	kreem	kreemo	creativeness, creativity		1	A1		ok	
devastate	6	NEW	ruinig	ruinigi	to desolate, lay waste, ravage, ruin, devastate		1	A1	dezertigi	ok	
dripping	6						1	A1		no_match	
driveway	6	NEW	enveturej	enveturejo	driveway		1	A1		ok	
farewell	6	LINK	ĝis	ĝiso	goodbye, farewell		1	A1	adiaŭ, adiaŭa, adiaŭo	ok	
gobble	6						1	A1		no_match	
grassy	6	LINK	herb	herba	grassy, herbal		1	A1		ok	
ha	6						1	A1		no_match	
hamster	6	NEW	hamstr	hamstro	hamster		1	A1		ok	
handy	6	NEW	lert	lerta	able, adroit, clever, dexterous, skillful, expert, talented, handy		1	A1	ĉemane, oportuna, oportune	ok	
harvest	6	NEW	rikolt	rikolti	to gather, harvest, reap		1	A1	rikoltaĵo, rikolto	ok	
hesitant	6	NEW	balbut	balbuta	faltering, haltingly, hesitant, inarticulate		1	A1	hezitanta, ŝanceliĝanta	ok	
hood	6	NEW	apaĉ	apaĉo	apache, hood, ruffian, tough		1	A1	ĉapeto, desuĉilo, kapoto, kapuĉo, kovrilo	ok	
instantly	6	NEW	senprokrast	senprokraste	at once, instantly, immediately, without delay, right away		1	A1		ok	
jasmine	6	NEW	jasmen	jasmeno	jasmine		1	A1		ok	reclaimed from proper_noun — confirm not a name
joyfully	6	LINK	ĝoj	ĝoje	joyfully, happily		1	A1	ĝojige	ok	
lap	6	NEW	lek	leki	to lick, lap		1	A1	ĉirkaŭejo, etapo, langtrinki, lekumi, plaŭdi	ok	
masterpiece	6	NEW	ĉefverk	ĉefverko	masterpiece		1	A1	majstraĵo, majstroverko	ok	
mist	6	NEW	nebul	nebulo	fog, mist		1	A1	nebuleto	ok	
moo	6	NEW	muĝ	muĝi	to bellow, howl, roar, low, moo, roar		1	A1		ok	reclaimed from proper_noun — confirm not a name
nervously	6	LINK	nerv	nerve	nervously		1	A1	nervoze, timeme	ok	
newfound	6						1	A1		no_match	
nibble	6	NEW	rod	rodi	to gnaw, nibble		1	A1	bitkvaro, bitokvaro, manĝeti, mordeti, ronĝi	ok	
pecked	6						1	A1		no_match	
peel	6	LINK	ŝel	ŝelo	bark, husk, peel, shell, pod, rind, skin, wrapper		1	A1	senŝeligi	ok	
porcupine	6	NEW	histrik	histriko	porcupine	his+trik	1	A1		compound	reclaimed from proper_noun — confirm not a name
prank	6	NEW	bubaĵ	bubaĵo	prank		1	A1	petolaĵo, petolecoaĵo, petolo	ok	
rainy	6	LINK	pluv	pluva	rain, of rain, rainy		1	A1		ok	
recorder	6	NEW	aktist	aktisto	actuary, recorder, clerk		1	A1	bekfluto, registrilo	ok	
robin	6	NEW	ruĝgorĝul	ruĝgorĝulo	redbreast, robin, robin redbreast		1	A1	rubekolo	ok	reclaimed from proper_noun — confirm not a name
satisfaction	6	NEW	kompens	kompenso	amends, compensation, reparation, satisfaction, indemnity		1	A1	kompensaĵo, kontentigo, kontento, satisfakcio	ok	
scent	6	NEW	flar	flari	to scent, smell		1	A1	odoro	ok	
scrap	6	NEW	pecet	peceto	morsel, scrap		1	A1	ĉifono, fragmento	ok	
silently	6	LINK	silent	silente	silently		1	A1		ok	
snowflake	6	NEW	neĝer	neĝero	snowflake		1	A1	leŭkojo	ok	
spanish	6	NEW	hispan	hispana	Spanish		1	A1		ok	reclaimed from proper_noun — confirm not a name
sponge	6	NEW	spong	spongo	sponge		1	A1		ok	
spy	6	NEW	ekvid	ekvidi	to catch sight of, perceive, spy		1	A1	kaŝobservanto, kaŝobservi, spiona, spioni, spionino	ok	
squeaky	6	NEW	ĉirp	ĉirpa	squeaky, strident		1	A1		ok	reclaimed from proper_noun — confirm not a name
straw	6	NEW	pajl	pajla	straw, of straw		1	A1	pajlo	ok	
tangle	6	NEW	kaos	kaoso	chaos, tangle		1	A1	enmiksigi, ĥaoso, implikaĵo	ok	
teaspoon	6	NEW	tekuler	tekulero	teaspoon		1	A1		ok	
terrify	6	LINK	terur	teruri	to frighten, terrify		1	A1	timegigi	ok	
tock	6						1	A1		no_match	
tornado	6	NEW	turnventeg	turnventego	tornado, whirlwind	turn+vent	1	A1		compound	
tumble	6	NEW	elrenvers	elrenversi	to tumble		1	A1	rulfali, rulfalo	ok	
turnip	6	NEW	nap	napo	canola, rapeseed, turnip		1	A1	rapo	ok	
uncover	6	NEW	malkovr	malkovri	to discover, uncover, lay open, unburden, reveal, tell		1	A1		ok	
untie	6	NEW	mallig	malligi	to disconnect, undo, unfasten, untie, delink, detach, unlink		1	A1	malimpliki, malnodi, senligi	ok	
weeping	6	NEW	plorad	plorado	crying, weeping		1	A1		ok	
widen	6	NEW	larĝig	larĝigi	to widen		1	A1	plilarĝigi	ok	
yelp	6	NEW	jelp	jelpi	to yelp		1	A1	hundbleki, jelpo, plorboji	ok	
zookeeper	6						1	A1		no_match	
adjust	5	NEW	pond	pondi	to adjust		1	A1	adapti, agordi, akomodi, akomodiĝi, alaranĝi	ok	
aisle	5	NEW	irpasej	irpasejo	aisle		1	A1	flanknavo, kromaltarejo	ok	
anticipation	5	NEW	anticip	anticipo	anticipation		1	A1	prikalkulo	ok	
appreciation	5	LINK	ŝat	ŝato	appreciation, high opinion, reputation		1	A1	apreco, aprezo, ŝatateco	ok	
badge	5	NEW	orden	ordeno	badge, decoration, fraternity, order		1	A1	insigno, simbolo	ok	
bathrobe	5	NEW	ĥalat	ĥalato	bathrobe, robe, gown		1	A1	banmantelo	ok	
blender	5	NEW	likvigil	likvigilo	blender		1	A1		ok	
bolt	5	NEW	bolt	bolti	to bolt		1	A1	bolto, rigli, riglilo, ŝraŭbbolto	ok	
bound	5	LINK	bar	baro	bar, barrier, impediment, obstacle, obstruction, bound		1	A1	bindita, impeti, ligita, ligitaj, limi	ok	
brad	5	NEW	lignonajl	lignonajlo	hobnail, hob, stud, brad, clout-nail, peg	lign+najl	1	A1		compound	reclaimed from proper_noun — confirm not a name
brighten	5	LINK	polur	poluri	to brighten, burnish, glaze, gloss, polish		1	A1	briligi	ok	
bunnie	5						1	A1		no_match	
buyer	5	NEW	aĉetant	aĉetanto	buyer, client, purchaser		1	A1	aĉetinto, aĉetisto	ok	
cactuse	5						1	A1		no_match	
calmly	5	NEW	flegm	flegme	passively, calmly, indifferently		1	A1	serene, trankvile	ok	
cape	5	NEW	kab	kaba	Cape		1	A1	kabo, kapo, kapuĉmantelo, mantelo, pelerino	ok	
caw	5	NEW	grak	graki	to caw, croak, rasp		1	A1		ok	reclaimed from proper_noun — confirm not a name
chug	5						1	A1		no_match	
cobwebs	5						1	A1		no_match	
coo	5	NEW	kver	kveri	to coo		1	A1	kolombumi, rukuli	ok	reclaimed from proper_noun — confirm not a name
croak	5	NEW	grak	graki	to caw, croak, rasp		1	A1	kvaki, kvako, mortaĉi, ranbleki	ok	
den	5	NEW	nest	nesto	nest, den, lair		1	A1	kaverno, nestego	ok	
doggie	5						1	A1		no_match	
donkey	5	NEW	azen	azena	ass’s, donkey, of an ass		1	A1	azeno	ok	
doze	5	NEW	dormet	dormeti	to doze, nap, slumber		1	A1	duondormi	ok	
drip	5	LINK	gut	guti	to drip, drop		1	A1	akvoguti, guteti, guto	ok	
ease	5	NEW	facilec	facileco	ease, facility		1	A1	faciligo, faciliĝi, komforto, malpligravigi, malpligraviĝi	ok	
elder	5	NEW	pliaĝ	pliaĝa	elder, older, senior		1	A1	grandaĝulo, plejaĝulo, pliaĝulo, profundaĝulo, sambuko	ok	
fins	5						1	A1		no_match	
firmly	5	NEW	firm	firme	firmly		1	A1	necedeme, solide	ok	
flea	5	NEW	pul	pulo	flea		1	A1		ok	
glisten	5	LINK	bril	brili	to glisten, glow, shine, sparkle		1	A1		ok	
gorgeous	5	NEW	beleg	belega	exquisite, gorgeous, lovely, magnificent, splendid		1	A1	superbela	ok	
granddad	5	NEW	avĉj	avĉjo	grandpa, granddad		1	A1	avoĉjo	ok	reclaimed from proper_noun — confirm not a name
granddaughter	5	NEW	nepin	nepino	granddaughter		1	A1		ok	reclaimed from proper_noun — confirm not a name
gratitude	5	LINK	dank	danko	gratitude, thanks		1	A1	dankeco, dankemo	ok	
graze	5	NEW	tuŝet	tuŝeti	to graze, touch lightly, stroke		1	A1	ekskoriacio, frotvundi, frotvundo, paŝtiĝi	ok	
groom	5	NEW	grum	grumo	bellhop, groom, stableman, page boy, stable boy, servant		1	A1	ĉevalisto, strigli	ok	
gulp	5	NEW	glut	gluto	draught, sip, mouthful, gulp, swallow, sup		1	A1	engluti	ok	
handful	5	NEW	iomet	iometo	handful		1	A1	manplena, manpleno, plenmano	ok	
handsome	5	LINK	bel	bela	beautiful, fine, handsome, lovely, good-looking, pretty		1	A1		ok	
healing	5	NEW	sanig	saniga	healthy, healing, salubrious, wholesome		1	A1	resaniga, resanigo	ok	
hum	5	NEW	zum	zumi	to buzz, hum, roar (traffic)		1	A1	graŭlo, kanteti, zumado, zumo	ok	
instinct	5	NEW	instinkt	instinkto	instinct		1	A1		ok	
jay	5	NEW	garol	garolo	jay		1	A1		ok	reclaimed from proper_noun — confirm not a name
junk	5	LINK	rub	rubo	debris, rubbish, rubble, garbage, trash, junk		1	A1	fatraso, fuŝaĵo, ĝonko, ĵonko, rubaĵo	ok	
lava	5	NEW	laf	lafa	lava		1	A1	lafo	ok	
lettuce	5	NEW	laktuk	laktuko	lettuce, milt, roe	lak+tuk	1	A1		compound	
marvel	5	LINK	mir	miri	to be amazed, be astonished, marvel (at), wonder, be surprised		1	A1	mirindaĵo	ok	
mint	5	NEW	monfarej	monfarejo	mint		1	A1	monfari	ok	
motion	5	LINK	mov	movo	move, motion, movement		1	A1	delokigo, moviĝado, moviĝo, rezolucio	ok	
nasty	5	NEW	fi	fia	base, disgusting, nasty, shameful, filthy, dirty, vile		1	A1	abomena, antipatia, fripona, ĝena, malagrabla	ok	
naughtiness	5						1	A1		no_match	
neatly	5	NEW	ordem	ordeme	neatly, tidily		1	A1	bonorde	ok	
oatmeal	5	NEW	gri	grio	coarse meal, grits, meal, oatmeal		1	A1	avenflokoj	ok	
peacefully	5	LINK	pac	pace	amicably, peaceably, peacefully		1	A1	paceme, serene, trankvile	ok	
peck	5	NEW	bek	beki	to peck		1	A1	kunbekiĝi, pikpluki	ok	
peculiar	5	LINK	strang	stranga	odd, peculiar, strange, curious, eccentric, queer		1	A1		ok	
peddle	5	NEW	ŝakr	ŝakri	to peddle		1	A1	kolporti	ok	
pistol	5	NEW	pistol	pistolo	pistol, spray gun		1	A1	pafileto	ok	
pitcher	5	NEW	kruĉ	kruĉo	cruse, ewer, jug, pitcher, pot, vessel		1	A1	ĵetisto	ok	
pitchfork	5	NEW	forkeg	forkego	hay fork, pitchfork, prong		1	A1	fojnoforkego	ok	
preschool	5						1	A1		no_match	
prickly	5	LINK	pik	pika	nasty, piquant, prickly, pungent		1	A1	pikilhava	ok	
radish	5	NEW	rafan	rafano	radish, black radish, horse radish		1	A1	rafaneto	ok	
rail	5	NEW	rel	relo	rail		1	A1		ok	
raindrop	5	NEW	pluver	pluvero	raindrop		1	A1	pluvguto	ok	
reunite	5	NEW	rekunig	rekunigi	to reunite, rejoin		1	A1	reunuigi	ok	
roast	5	NEW	rost	rosti	to broil, roast, toast		1	A1	rostaĵo, rostiĝi	ok	
salty	5	LINK	sal	sala	briny, saline, salty		1	A1		ok	
sandpit	5						1	A1		no_match	
scoot	5						1	A1		no_match	
seashell	5						1	A1		no_match	
shave	5	NEW	raz	razi	to shave		1	A1	derazi	ok	
shimmer	5	NEW	lumetad	lumetadi	to glimmer, shimmer		1	A1	lumetado	ok	
smiley	5	NEW	mienet	mieneto	smiley		1	A1	miensimbolo, ridetulo	ok	
sneaky	5						1	A1		no_match	
sniffle	5						1	A1		no_match	
snowball	5	NEW	neĝbul	neĝbulo	snowball	neĝ+bul	1	A1	neĝobulo	compound	
squint	5	NEW	strab	strabi	to be cross-eyed, look askance, squint		1	A1	strabismo	ok	
squirt	5	NEW	elŝpruc	elŝpruci	to spurt, squirt		1	A1	elŝprucigi, elŝprucigilo, ŝprucigi	ok	
squish	5						1	A1		no_match	
streamer	5	NEW	paperstri	paperstrio	streamer		1	A1		ok	
syrup	5	NEW	sirop	siropo	syrup		1	A1		ok	
tingle	5	NEW	sonet	soneti	to tingle		1	A1	vibreti	ok	
townspeople	5						1	A1		no_match	
twisty	5	LINK	serpent	serpenta	serpentine, sinuous, snaky, twisty		1	A1		ok	
unfamiliar	5						1	A1		no_match	
untangle	5						1	A1		no_match	
wetter	5						1	A1		no_match	
workman	5	NEW	laborist	laboristo	laborer, operative, worker, working man, workman		1	A1		ok	
angrily	4	LINK	koler	kolere	angrily		1	A1		ok	
apologise	4						1	A1		no_match	
astonish	4	NEW	mirig	mirigi	to astonish, amaze, surprise		1	A1		ok	
bakery	4	NEW	bakej	bakejo	bakery		1	A1	fornejo, kukejo, panejo	ok	
belonging	4	NEW	apartenad	apartenado	belonging		1	A1	apartenaĵo	ok	
bleed	4	LINK	sang	sangi	to bleed		1	A1	sangadi, sangellasi, sangeltiri, sangigi	ok	
bog	4	NEW	marĉeg	marĉego	bog		1	A1	malsekejo	ok	
bookmark	4	NEW	legosign	legosigno	bookmark, favorite (Internet Explorer)	leg+sign	1	A1	libromarko, paĝosigni, paĝosigno	compound	
braver	4						1	A1		no_match	
bubbly	4	NEW	eferversk	eferverska	bubbly		1	A1		ok	
bud	4	NEW	ĝerm	ĝermi	to germinate, shoot, bud		1	A1	botono, burĝoni, burĝono, butono, elburĝoniĝi	ok	
builder	4	NEW	kreil	kreilo	builder		1	A1	konstruanto, konstruentreprenisto, konstruestro, konstruisto	ok	
bushy	4	NEW	arbed	arbeda	bushy		1	A1		ok	
caution	4	LINK	avert	averti	to alert, caution, (fore)warn		1	A1	singardeco, singardemo, singardo	ok	
chatter	4	LINK	klak	klaki	to chatter, clap, click, rattle, flap, slap, smack		1	A1	babili, blablai, blablao, kviviti, vortmueli	ok	
cheetah	4	NEW	gepard	gepardo	cheetah		1	A1	ĉasleopardo	ok	
chilly	4	NEW	frisk	friska	chilly		1	A1	frosta, malvarma	ok	
clover	4	NEW	trifoli	trifolio	clover, shamrock, trefoil	tri+foli	1	A1		compound	
clutch	4	LINK	kapt	kapti	to capture, catch, grapple, trap, ensnare, clutch, grasp, grab		1	A1	ekkapti, ekkaptigi, ekteni, kluĉi, kluĉilo	ok	
compass	4	NEW	busol	busolo	compass		1	A1	kompaso, markompaso	ok	
compliment	4	NEW	kompliment	komplimenti	to compliment		1	A1	komplimento	ok	
confusion	4	LINK	konfuz	konfuzo	commotion, confusion, muddle		1	A1	konfuzio, konfuzoado, malordo, tohuvabohuo	ok	
cord	4	LINK	kabl	kablo	cable, cord		1	A1	galono, kordo, signalŝnuro, ŝnuro	ok	
cosy	4						1	A1		no_match	
cowboy	4	NEW	gaŭĉ	gaŭĉo	cowboy, gaucho		1	A1	vakero	ok	
crunch	4	NEW	densig	densigi	to compact, compress, crunch, condense, zip		1	A1	krakado, kraketigi, krakmaĉi, kraksoni	ok	
disappointment	4	LINK	ĉagren	ĉagreno	annoyance, disappointment, grief, chagrin, worry		1	A1	disreviĝo, elrevigo, elreviĝo, kontraŭaĵo, malkontentigo	ok	
dodge	4						1	A1		no_match	
dreammaker	4						1	A1		no_match	
embarrassment	4	LINK	embaras	embaraso	abashment, embarrassment, perplexity, difficult situation, quandary, complication, difficulty		1	A1		ok	
energetic	4	LINK	energi	energia	energetic, strenuous		1	A1		ok	
flop	4	NEW	malsukceseg	malsukcesego	failure, flop		1	A1		ok	
foal	4	NEW	ĉevalid	ĉevalido	colt, foal, filly		1	A1	ĉevalidoino	ok	
fondly	4	LINK	am	ame	fondly, lovingly		1	A1	tenere	ok	
foreshadow	4	NEW	aŭgur	aŭguri	to augur, forecast, foretell, prophesy, foreshadow, predict		1	A1	antaŭfiguri, antaŭsigni	ok	
gator	4						1	A1		no_match	
gesture	4	NEW	gest	gesti	to gesticulate, gesture		1	A1	gesto, moviĝo	ok	
gladly	4						1	A1		no_match	
grumble	4	NEW	grumbl	grumbli	to growl, grumble		1	A1		ok	
guardian	4	NEW	gardant	gardanto	custodian, guard, guardian, watch, warder, keeper		1	A1	anĝelogardanto, kuratoro, zorganto	ok	reclaimed from proper_noun — confirm not a name
handkerchief	4	NEW	poŝtuk	poŝtuko	handkerchief, tissue		1	A1	naztuko	ok	
hatch	4	NEW	haĉ	haĉi	to hatch, shade		1	A1	elkoviĝi, eloviĝi, elŝeligi, haĉo, kovi	ok	
hedgehog	4	NEW	erinac	erinaco	hedgehog		1	A1		ok	
hideout	4						1	A1		no_match	
hind	4	LINK	post	posta	hind, hindmost, posterior, ulterior		1	A1	cervino	ok	
hip	4	NEW	koks	kokso	haunch, hip		1	A1		ok	
hungrily	4						1	A1		no_match	
icicle	4	NEW	pendglaci	pendglacio	icicle	pend+glaci	1	A1		compound	
juggle	4	NEW	ĵongl	ĵongli	to conjure, juggle		1	A1		ok	
kit	4	LINK	komplet	kompleto	outfit, set, suit, kit		1	A1	garnituro	ok	
leap	4	LINK	sal	sali	to leap; to salt		1	A1	eksalti, impeti, saltegi, salti, salto	ok	
maid	4	NEW	servistin	servistino	maid, servant		1	A1	ĉambristino	ok	
mesmerize	4						1	A1		no_match	
miracle	4	NEW	mirakl	miraklo	miracle		1	A1		ok	
mischievous	4	NEW	blag	blaga	humorous, playful, mischievous		1	A1	malbonema, malica, petolema	ok	
overcome	4	LINK	venk	venki	to conquer, defeat, win over, overcome, vanquish, subdue		1	A1		ok	
overhead	4	LINK	aer	aera	aerial, overhead, airborne		1	A1	diafana, superŝarĝa, supre	ok	
peak	4	LINK	pint	pinto	peak, point, tip, summit, ridge, vertex		1	A1	akraĵo, kulmino, montopinto, pintaĵo, plejsupriĝi	ok	
peep	4	NEW	pep	pepi	to chirp, peep, twitter, warble, beep		1	A1	kaŝobservi, kaŝrigardi, kviviti, okuladi, rigardeti	ok	
pepperoni	4						1	A1		no_match	
playroom	4	NEW	ludĉambr	ludĉambro	playroom	lud+ĉambr	1	A1		compound	
plop	4						1	A1		no_match	
plug	4	NEW	ĵak	ĵaka	plug		1	A1	sparkilo, ŝtopilego, ŝtopilo, tampono	ok	
pod	4	NEW	guŝ	guŝo	husk, pod		1	A1	legumeno, silikvo, ŝelo	ok	
polar	4	NEW	polar	polara	polar		1	A1	polusa	ok	
pro	4						1	A1		no_match	
quieter	4						1	A1		no_match	
raincoat	4	NEW	pluvmantel	pluvmantelo	raincoat	pluv+mantel	1	A1		compound	
rejoice	4	LINK	ĝoj	ĝoji	to be glad, enjoy, rejoice		1	A1	hurai	ok	
roam	4	NEW	vag	vagi	to drift, loiter, prowl, ramble, roam, wander, meander, stray		1	A1	migri, retmigri	ok	
robber	4	NEW	rabist	rabisto	brigand, highwayman, robber		1	A1	ŝtelisto	ok	
rooster	4	LINK	kok	koko	chicken, fowl, cock, rooster		1	A1	virkoko	ok	
ruffle	4	NEW	krisp	krispo	frill, ruffle, frilled collar		1	A1	falbalo, malkvietigi, malserenigi, ondetigi, ondetiĝi	ok	
scramble	4	LINK	miks	miksi	to blend, mingle, mix, shuffle, scramble		1	A1	interpuŝiĝo, kaŝmiksi, miksegi	ok	
scribble	4	NEW	skribaĉ	skribaĉi	to scribble, scrawl		1	A1	malbonskribi	ok	
seatbelt	4						1	A1		no_match	
slither	4						1	A1		no_match	
smash	4	NEW	disbat	disbati	to dash to pieces, knock down, smash		1	A1	disrompi, frakasi	ok	
snooze	4						1	A1		no_match	
sob	4	NEW	ploreg	ploregi	to bewail, sob, mourn, wail		1	A1	plorego, plorĝemi, plorsingulti	ok	
soften	4	NEW	mildig	mildigi	to soften, alleviate		1	A1	mallaŭtigi	ok	
sprout	4	NEW	ŝos	ŝosi	to sprout		1	A1	branĉido, elburĝoniĝi, elkreski, sproso, ŝoso	ok	
squawk	4	NEW	kvak	kvako	croak, honk, squawk		1	A1		ok	
squishy	4						1	A1		no_match	
stalk	4	LINK	paŝ	paŝi	to pace, stalk, step, stride, tread		1	A1	kulmo, paŝegi, stipo, ŝalmo, tigo	ok	
stern	4	NEW	pob	pobo	poop(deck), stern		1	A1	malantaŭaĵo, malantaŭo, poŭpo, senindulga, severa	ok	
stormy	4	LINK	ŝtorm	ŝtorma	stormy		1	A1	malserena, tempesta, tumultplena	ok	
strum	4	NEW	fuŝlud	fuŝludi	to strum	fuŝ+lud	1	A1		compound	
sunscreen	4				sunscreen		1	A1	kontraŭsuna kremo	no_match	
swimsuit	4	NEW	bankalson	bankalsono	bathing suit, swimming trunks, swimsuit	bank+son	1	A1	bankostumo	compound	
tablecloth	4	NEW	tablotuk	tablotuko	tablecloth	tabl+tuk	1	A1		compound	
tempt	4	NEW	tent	tenti	to entice, induce, tempt		1	A1		ok	
thud	4						1	A1		no_match	
tidying	4						1	A1		no_match	
timer	4	LINK	horloĝ	horloĝo	clock, watch, timepiece		1	A1	ŝalthorloĝo, tempmezurilo, tempoŝaltilo, tempumilo	ok	
toss	4	LINK	sku	skui	to agitate, shake, shock, toss		1	A1	ĵeteti, ĵeti, ĵeto	ok	
trot	4	NEW	trot	troti	to trot		1	A1	troto, trotoado	ok	
twitch	4	NEW	cik	ciki	twitch		1	A1	tiko, tiro	ok	reclaimed from proper_noun — confirm not a name
underwater	4	NEW	subakv	subakva	underwater		1	A1		ok	
unkind	4	NEW	malafabl	malafabla	blunt, brutal, gruff, harsh, rough, sour, surly, unkind, unpleasant, rude		1	A1	nebonkora, nebonvola	ok	
unload	4	NEW	deŝarĝ	deŝarĝi	to unload, discharge		1	A1	elflosigi, malŝargi, malŝarĝi, senŝarĝi	ok	
unripe	4	NEW	nematur	nematura	immature, unripe, not ripe		1	A1		ok	
vanilla	4	NEW	vanil	vanilo	vanilla		1	A1		ok	
veggie	4						1	A1		no_match	
vessel	4	LINK	uj	ujo	bin, container, box, vessel		1	A1	angio, boato, kruĉo, ŝipo, vaskulo	ok	
vibrant	4	NEW	multeson	multesona	vibrant	mult+son	1	A1		compound	
wad	4	NEW	bul	bulo	ball, chunk, clod, hunk, lump, wad, bullet		1	A1	buligi, ĉifaĵo, ĉifbulo, pufo	ok	
wanna	4						1	A1		no_match	
wax	4	NEW	cir	ciro	polish, wax		1	A1	vaksa, vaksi, vakso	ok	
whiz	4	NEW	sibl	siblo	whiz		1	A1	mokfajfi, siblado	ok	
wrist	4	NEW	pojn	pojno	wrist		1	A1	manartiko, manradiko	ok	
abc	3	NEW	aboc	aboco	ABC, alphabet, basics, fundamentals, primer, rudiments		1	A1		ok	reclaimed from proper_noun — confirm not a name
abracadabra	3	NEW	abrakadabr	abrakadabro	abracadabra		1	A1	sorĉvorto, sorĉvortoj	ok	reclaimed from proper_noun — confirm not a name
ache	3	LINK	dolor	dolori	to ache, be painful, hurt		1	A1	deziregi, doloriĝi, doloro, sopiri	ok	
alongside	3	NEW	ŝipflank	ŝipflanke	alongside (a ship)	ŝip+flank	1	A1		compound	
aloud	3	LINK	laŭt	laŭta	aloud, loud		1	A1	laŭte, laŭtvoĉe, plengorĝe	ok	
aroma	3	NEW	arom	aromo	aroma, flavor, fragrance, smell		1	A1		ok	
attendant	3	LINK	akompan	akompana	attendant		1	A1	pumpisto, sanitaristo, stevardo	ok	
awoken	3						1	A1		no_match	
balanced	3	NEW	bilancit	bilancita	balanced		1	A1	ekvilibra	ok	
bamboo	3	NEW	bambu	bambua	bamboo		1	A1	bambuo	ok	
bellow	3	NEW	muĝ	muĝi	to bellow, howl, roar, low, moo, roar		1	A1	blekegi, bleki, elĝemi	ok	
blade	3	NEW	kulm	kulmo	blade, stalk		1	A1	akraĵo, folieto, padelo, tranĉanto, trunketo	ok	
blast	3	NEW	bloveg	blovego	blast		1	A1	eksplodbrui	ok	
bluebird	3						1	A1		no_match	
bookshelf	3	NEW	librobret	librobreto	bookshelf		1	A1	libromeblo	ok	
boost	3	NEW	suprenig	suprenigi	to boost		1	A1	plifortigo, plirapidigo, suprenpremi	ok	
booth	3	NEW	bud	budo	barn, shed, stand, stall, hut, booth, cabana, kiosk		1	A1	laŭbo, separeo, stando	ok	
bridle	3	NEW	brid	bridi	to bridle, check, restrain		1	A1	brido	ok	
brilliantly	3	LINK	bril	brile	brightly, brilliantly		1	A1	genie	ok	
burger	3	NEW	burger	burgero	burger		1	A1		ok	
buzzer	3	NEW	zumil	zumilo	buzzer		1	A1		ok	
calf	3	LINK	sur	suro	calf		1	A1	bovido, tibikarno, tibiosto, tibiviando	ok	
catcher	3	NEW	kaptant	kaptanto	catcher		1	A1	kaptisto	ok	
checkout	3	NEW	ĝustig	ĝustigo	adjustment, checkout, debugging, error correction, amendment, correction		1	A1		ok	
cherish	3	LINK	am	ami	to love, cherish		1	A1		ok	
chick	3	NEW	ulin	ulino	chick, gal		1	A1	kokido	ok	
chime	3	NEW	sonoret	sonoreti	to chime, clank		1	A1	sonoretilo, sonoreto, sonorilado	ok	
chunk	3	NEW	bul	bulo	ball, chunk, clod, hunk, lump, wad, bullet		1	A1	bloko, peco	ok	
classmate	3	LINK	koleg	kolego	associate, classmate, coworker, colleague, companion, comrade, schoolmate		1	A1	klasamiko, samklasano	ok	
cloudy	3	LINK	nub	nuba	cloudy, overcast, gloomy, obscure, unclear		1	A1	malklara, nubkovrita, nuboplena, nuboza	ok	
cock	3	NEW	kac	kaco	cock, prick, dick (vulgar terms for penis)		1	A1	koko, krano, virkoko	ok	
coconut	3	NEW	kokos	kokoso	coconut		1	A1	kokosnukso	ok	
companion	3	LINK	koleg	kolego	associate, classmate, coworker, colleague, companion, comrade, schoolmate		1	A1	akompananto, kamarado, kompaniulo, kompano, kunulo	ok	
congratulate	3	NEW	gratul	gratuli	to felicitate, congratulate		1	A1		ok	
cooperate	3	NEW	kunag	kunagi	to cooperate		1	A1	kunhelpi, kunlabori	ok	
craft	3	NEW	ruz	ruzo	craft, cunning, ruse, trick, stratagem, wile		1	A1	konstrui, malico, ruzaĵo, ŝipeto	ok	
creak	3	NEW	knar	knari	to creak, screech, grate, grind, scratch, squeak, scrape		1	A1	grinci	ok	
crouch	3	NEW	kaŭr	kaŭri	to cower, crouch, squat, lurk		1	A1	kaŭriĝi	ok	
cuddly	3	NEW	karesem	karesema	affectionate, caressing, cuddlesome, cuddly		1	A1	karesiga	ok	
dart	3	NEW	sag	sagi	to dart		1	A1	mansago, pikilo, sageto, sago	ok	
dash	3	NEW	ireg	iregi	to dash, to rush		1	A1	haltostreko, impeti, kurego, streketo	ok	
dial	3	LINK	disk	diski	to dial (telephone)		1	A1	ciferplato, disko, numerumi	ok	
dining	3						1	A1		no_match	
dock	3	NEW	dok	doko	dock, dockyard, docking station, cradle		1	A1	endokigi, endokiĝi, enhaveniĝi, garaĝi, ligi	ok	
dollhouse	3						1	A1		no_match	
duckle	3						1	A1		no_match	
encouraging	3	NEW	esperig	esperiga	encouraging, hopeful, promising		1	A1		ok	
energize	3						1	A1		no_match	
english	3	NEW	angl	angla	English		1	A1	anglino	ok	reclaimed from proper_noun — confirm not a name
faint	3	NEW	sven	sveni	to faint, swoon		1	A1	malforta, neforta, senkonsciiĝo, svenfali, sveno	ok	
flicker	3	NEW	flagr	flagri	to flare, flare up, flicker		1	A1	flagretado, flagreti, lumŝanceli	ok	
flips	3						1	A1		no_match	
frosty	3	LINK	frost	frosta	freezing, frosty, raw, chilly		1	A1		ok	reclaimed from proper_noun — confirm not a name
gallop	3	NEW	galop	galopi	to gallop		1	A1	galopego, galopo	ok	
gardener	3	NEW	ĝardenist	ĝardenisto	gardener, groundskeeper, landscaper		1	A1	hortikulturisto	ok	
glance	3	NEW	ekrigard	ekrigardi	to glance (at)		1	A1	ekrigardo, enrigardo, rigardeto	ok	
glare	3	NEW	brileg	brilego	flare, glare		1	A1		ok	
glittery	3						1	A1		no_match	
goodness	3	NEW	bonec	boneco	excellence, goodness, kindness		1	A1		ok	
goody	3						1	A1		no_match	
grasp	3	LINK	ten	teno	grasp, grip, hold		1	A1	ekkapti, ekkompreno, ekpreni, ekpreno, ekteno	ok	
grip	3	LINK	ten	teno	grasp, grip, hold		1	A1	ekkapti, kolbo, mantenilo, pafilkapo, premego	ok	
harmony	3	NEW	harmoni	harmonio	harmony		1	A1	koncerto, konkordo	ok	
heartbroken	3						1	A1		no_match	
homeless	3	NEW	sendom	sendoma	homeless		1	A1	senhejma	ok	
honeybee	3						1	A1		no_match	
hoof	3	NEW	huf	hufo	hoof		1	A1		ok	
hoot	3	NEW	hu	hui	to boo, hoot		1	A1	huo, hupi, pepegadi, pepegi, ululi	ok	
illuminate	3	NEW	lumig	lumigi	to illuminate, light		1	A1	ilumini	ok	
insert	3	NEW	anig	anigu	include, insert		1	A1	enigi, eniĝi, enmeti, enmeto, enmetu	ok	
joyful	3	LINK	ĝoj	ĝoja	happy, glad, joyful, joyous		1	A1	ĝojiga	ok	
keen	3	LINK	akr	akra	abrasive, acrimonious, acute, lurid, sharp, keen, poignant		1	A1	vigla	ok	
leafy	3	NEW	folriĉ	folriĉa	leafy, rich in leaves		1	A1		ok	
leapt	3						1	A1		no_match	
lever	3	LINK	lev	levi	to lever, lift, raise		1	A1	baskulo, levilo, levstango, svingilo	ok	
lioness	3	NEW	leonin	leonino	lioness		1	A1		ok	
lobby	3	NEW	lobi	lobii	to lobby		1	A1	influgrupo, lobio, premgrupo, vestiblo	ok	
loneliness	3	NEW	solec	soleco	loneliness, seclusion, solitude		1	A1		ok	
lunchtime	3						1	A1		no_match	
maker	3	NEW	farint	farinto	maker		1	A1	fabrikinto, faristo	ok	
mat	3						1	A1		no_match	
moonwalk	3						1	A1		no_match	
mower	3						1	A1		no_match	
muster	3	NEW	kunvenig	kunvenigi	to muster, take along		1	A1		ok	
nicer	3						1	A1		no_match	
nuzzle	3	NEW	nazum	nazumi	to nuzzle		1	A1		ok	
obediently	3	LINK	obe	obee	obediently		1	A1	laŭdeve, obeeme	ok	
obstacle	3	LINK	bar	baro	bar, barrier, impediment, obstacle, obstruction, bound		1	A1	haltigaĵo, haltigo, kontraŭaĵo, malhelpaĵo, malhelpilo	ok	
padlock	3				padlock		1	A1	penda seruro	no_match	
parcel	3	LINK	pak	pako	pack, parcel, package		1	A1	pakaĵo, paketo, parcelo	ok	
persistence	3	NEW	senĉesec	senĉeseco	persistence		1	A1	persistoado	ok	
playhouse	3						1	A1		no_match	
pointy	3						1	A1		no_match	
pony	3	NEW	pone	poneo	pony		1	A1	ĉevaleto	ok	
porridge	3	NEW	kaĉ	kaĉo	gruel, mess, mush, porridge, puree, slush, hodge-podge		1	A1	griaĵo, poriĝo	ok	
pouch	3	NEW	krop	kropo	craw, crop, goiter, gullet, pouch		1	A1	marsupio, saketo	ok	
prey	3	LINK	kapt	kapto	catch, prey		1	A1	kaptaĵo, predi, predo	ok	
protector	3	NEW	zorgant	zorganto	caretaker, guardian, protector		1	A1	ŝirmanto	ok	
pry	3	NEW	rigardet	rigardeti	to peep, pry, take a look at, have a glance at		1	A1		ok	
reappear	3	NEW	reaper	reaperi	to reappear		1	A1		ok	
reflection	3	NEW	rebild	rebildo	reflection, reflected image		1	A1	pripensado, pripenso, rebrilo, reflekto, respeguliĝo	ok	
relic	3	NEW	relikv	relikvo	relic		1	A1	antikvaĵo, memorigo	ok	
resume	3	LINK	daŭrig	daŭrigi	to continue, carry on, go on, proceed with, perpetuate, resume, continue, prolong		1	A1	reaktivigi, rekomenci	ok	
riverbank	3	NEW	riverbord	riverbordo	riverbank	river+bord	1	A1		compound	
rosy	3	NEW	roz	roza	pink, rosy		1	A1	ruĝa	ok	
rumor	3	LINK	fam	famo	fame, hearsay, renown, repute, rumor, reputation		1	A1	onidiro	ok	
saddle	3	NEW	sel	seli	to saddle		1	A1	montkolo, selo	ok	
scowl	3	NEW	sulkegiĝ	sulkegiĝi	to scowl		1	A1		ok	
seahorse	3	NEW	hipokamp	hipokampo	seahorse		1	A1		ok	
seesaw	3	NEW	baskul	baskulo	seesaw, teeter-totter, lever, toggle, trigger, weighing machine		1	A1	balancilo, baskulludo	ok	
sensation	3	LINK	sent	sento	feel, feeling, sensation, perception, sentiment		1	A1	sensacio, sensaco, sensaĵo, sentado, sentaĵo	ok	
shh	3	NEW	ĉit	ĉit	hush, shh		1	A1		ok	reclaimed from proper_noun — confirm not a name
shortly	3	LINK	fru	frue	early, shortly, soon		1	A1		ok	
shrank	3						1	A1		no_match	
shuffle	3	LINK	miks	miksi	to blend, mingle, mix, shuffle, scramble		1	A1	enmiksiigi, ŝuflo	ok	reclaimed from proper_noun — confirm not a name
shyly	3						1	A1		no_match	
sideways	3						1	A1		no_match	
slam	3	NEW	ŝlem	ŝlemo	slam (cards)		1	A1	brufermi, fermegi, ĵetfermi, klakfermi	ok	reclaimed from proper_noun — confirm not a name
smoothie	3						1	A1		no_match	
snarl	3						1	A1		no_match	
sparrow	3	NEW	paser	pasero	sparrow		1	A1		ok	
spat	3	NEW	gamaŝet	gamaŝeto	spat		1	A1		ok	
squeak	3	NEW	knar	knari	to creak, screech, grate, grind, scratch, squeak, scrape		1	A1	bleketi, grinci	ok	
stain	3	LINK	makul	makuli	to soil, spot, stain		1	A1	makulo, mordaĵo, tinkturmakuli	ok	
stairway	3						1	A1		no_match	
stall	3	NEW	bud	budo	barn, shed, stand, stall, hut, booth, cabana, kiosk		1	A1	fortelo, stalfako, stalo, stando, staŭli	ok	
steer	3	NEW	stir	stiri	to drive, fly, steer, control		1	A1	direkti	ok	
storybook	3						1	A1		no_match	
stubbornness	3	NEW	obstin	obstino	obstinacy, stubbornness		1	A1	obstineco, obstinegeco	ok	
sturdy	3	NEW	hard	harda	hardy, sturdy		1	A1	fortika, robusta	ok	
surfboard	3	NEW	surftabul	surftabulo	surfboard		1	A1	surfotabulo, veltabulo	ok	
sweetly	3						1	A1		no_match	
swell	3	NEW	hul	hulo	hull, swell, surge (of the sea)		1	A1	kreŝcendi, ondado, ondiĝo, plilaŭtiĝi, pufiĝi	ok	
tantrum	3						1	A1		no_match	
teapot	3	NEW	teuj	teujo	teapot, tea caddy, tea canister		1	A1	tekruĉo, tepoto	ok	
teddie	3						1	A1		no_match	
temptation	3	NEW	tent	tento	temptation		1	A1	tentiĝo, tentoado	ok	
tickly	3						1	A1		no_match	
tissue	3	NEW	hist	histo	tissue		1	A1	naztuko, poŝtuko, silkpapero, teksaĵo, tualetpapero	ok	
tournament	3	NEW	turnir	turniro	tournament		1	A1		ok	
trusty	3	NEW	fidel	fidela	accurate, exact, faithful, loyal, staunch, trusty, trustworthy		1	A1	fidebla	ok	
undo	3	NEW	malfar	malfara	undo		1	A1	malfari, malligi	ok	
unicorn	3	NEW	unikorn	unikorno	unicorn	unik+orn	1	A1	unukornulo	compound	
unison	3	NEW	unut	unuto	unison		1	A1	unisono	ok	reclaimed from proper_noun — confirm not a name
unwell	3	NEW	malsan	malsana	ill, sick, unhealthy, unwell, unwholesome		1	A1	malbonfarta, malbonfartanta	ok	
useless	3	NEW	van	vana	abortive, futile, useless, vain, fruitless, ineffectual		1	A1	neutila, neutiligebla, sentaŭga, senutila, senutilaĵo	ok	
waddle	3	NEW	anasir	anasiri	to waddle		1	A1	anaspaŝi, ŝanceliĝi	ok	
whoa	3	NEW	b	ba	bah, whoa (interjection)		1	A1		ok	reclaimed from proper_noun — confirm not a name
whoop	3						1	A1		no_match	
windowsill	3						1	A1		no_match	
wobbly	3	NEW	nestarem	nestarema	shaky, rickety, wobbly, loose	nest+rem	1	A1		compound	
workshop	3	NEW	metiej	metiejo	jobsite, workplace, workshop		1	A1	artlaborejo, ateliero, laborejo, laborsesio, riparejo	ok	
wrinkle	3	NEW	ĉif	ĉifi	to crease, crumble, crumple, rumple, wrinkle		1	A1	falti, faltiĝi, falto, sulketo, sulki	ok	
yummy	3						1	A1		no_match	
accurately	2	LINK	traf	trafe	accurately, appropriately, graphically, relevant, on target, apt, to the point		1	A1	senerare	ok	
acrobat	2	NEW	akrobat	akrobato	acrobat		1	A1	ekvilibristo	ok	
ahhe	2						1	A1		no_match	
alas	2	NEW	bedaŭrind	bedaŭrinde	alas, regrettably, unfortunately		1	A1		ok	
alien	2	NEW	naŭz	naŭza	abhorrent, abominable, alien, disgusting, nasty, nauseous		1	A1	abomeninda, alilandano, alilandulo, aliŝtatano, eksterlanda	ok	
amuse	2	LINK	amuz	amuzi	to amuse, divert, entertain, unbend, relax		1	A1	distri, malenuigi	ok	
anxiously	2	NEW	anksi	anksie	anxiously		1	A1	maltrankvile, plenzorge, zorgplene	ok	
anyways	2						1	A1		no_match	
appetite	2	NEW	apetit	apetito	appetite		1	A1		ok	
arch	2	NEW	ark	arki	to arch		1	A1	arkaĵo, arkefleksi, arkigi, arkiĝi, arko	ok	
artwork	2	NEW	artaĵ	artaĵoj	artwork		1	A1	grafiko	ok	
astound	2	NEW	mireg	miregi	to astound, be stupefied		1	A1		ok	
atop	2						1	A1		no_match	
awhile	2						1	A1		no_match	
awkward	2	NEW	plump	plumpa	awkward, lumpish, plump, ungainly		1	A1	delikata, embarasa, malgracia, mallerta	ok	
baa	2	NEW	be	bei	to baa, bleat		1	A1	beo, ŝafbleki, ŝafbleko	ok	reclaimed from proper_noun — confirm not a name
baffle	2	NEW	surdigil	surdigilo	silencer, attenuator, (sound) baffle, (sound) damper, muffler		1	A1	maldistingi	ok	
ballerina	2	NEW	baletistin	baletistino	ballerina, ballet dancer, ballet girl		1	A1	baledistino	ok	reclaimed from proper_noun — confirm not a name
basin	2	NEW	pelv	pelvo	basin, bowl, pelvis		1	A1	akvujo, baseneto, baseno, kuveto	ok	
beady	2						1	A1		no_match	
beautifully	2	LINK	bel	bele	beautifully		1	A1	belaspekte	ok	
bid	2	LINK	pet	peti	to ask (for), request, seek, bid, beg		1	A1	oferti, pliproponi	ok	
binocular	2	NEW	duokul	duokula	binocular		1	A1		ok	
birdseed	2						1	A1		no_match	
blend	2	LINK	miks	miksi	to blend, mingle, mix, shuffle, scramble		1	A1	miksiĝi	ok	
bless	2	NEW	ben	beni	to bless		1	A1		ok	reclaimed from proper_noun — confirm not a name
blob	2						1	A1		no_match	
blonde	2	NEW	blondulin	blondulino	blonde (woman)		1	A1		ok	
blossom	2	LINK	flor	flori	to bloom, blossom, flower		1	A1	floraĵo	ok	
blur	2	NEW	malklariĝ	malklariĝi	to blur, fade		1	A1		ok	
blush	2	NEW	roziĝ	roziĝi	to become rosy, blush		1	A1	ruĝigi, ruĝiĝi	ok	
boar	2	NEW	porkvir	porkviro	boar, hog	pork+vir	1	A1	virporko	compound	
boarding	2	NEW	tabulaĵ	tabulaĵo	boarding		1	A1		ok	
boundary	2	LINK	lim	limo	bound, boundary, frontier, limit		1	A1	landlimo, randa, rando	ok	
breadcrumb	2	NEW	paĝnivel	paĝnivela	breadcrumb, page-level	paĝ+nivel	1	A1		compound	
bristle	2	NEW	arist	aristo	arista, awn, beard, bristle		1	A1	harego	ok	
bruise	2	NEW	bataĵ	bataĵo	black-and-blue mark, bruise		1	A1	batmakulo, kontuzaĵo, kontuzi, kontuziĝi, kontuziĝo	ok	
bubblegum	2						1	A1		no_match	
bundle	2	LINK	fask	fasko	bunch, bundle, cluster, sheaf		1	A1	garbo, ligpakaĵo	ok	
buttery	2	LINK	buter	butera	buttery, buttered		1	A1		ok	
campsite	2						1	A1		no_match	
canyon	2	NEW	kanjon	kanjono	canyon	kan+jon	1	A1		compound	
carefree	2						1	A1		no_match	
carelessly	2	NEW	malzorg	malzorge	carelessly		1	A1	malzorgeme, malzorgemo, malzorgo, senatento, sengardeme	ok	
carton	2						1	A1		no_match	
carve	2	NEW	ĉiz	ĉizi	to carve, chisel		1	A1	detranĉi, skulpti, tajli, tranĉi	ok	
cautious	2	NEW	evitem	evitema	cautious, evasive, noncommittal, oblique		1	A1	singarda, singardema	ok	
chainsaw	2	NEW	ĉensegil	ĉensegilo	chainsaw	ĉen+seg	1	A1		compound	
chaos	2	NEW	kaos	kaoso	chaos, tangle		1	A1	ĥaoso, misordo	ok	
cheerfully	2	LINK	gaj	gaje	cheerfully, happily, gaily		1	A1	bonhumore, gajeme	ok	
chill	2	NEW	malvarm	malvarmo	chill, cold		1	A1	malvarmigi, malvarmiĝo, malvarmulo	ok	
christmas	2	NEW	kristnask	kristnaska	Christmas, of Christmas, Christmas-time		1	A1		ok	reclaimed from proper_noun — confirm not a name
cinema	2	NEW	kin	kino	cinema, cinematography		1	A1	filmteatro, kinarto, kinejo, kinematografejo, kinoteatro	ok	
claw	2	NEW	krif	krifo	claw, talon		1	A1	ungego	ok	
clipper	2	NEW	tondist	tondisto	clipper		1	A1		ok	
clung	2						1	A1		no_match	
cob	2	NEW	maizospadik	maizospadiko	cob		1	A1		ok	
cobra	2	NEW	kobr	kobro	cobra		1	A1		ok	
cooperation	2	NEW	kooperad	kooperado	cooperation		1	A1	kunhelpoado	ok	
courageous	2	LINK	kuraĝ	kuraĝa	audacious, bold, brave, courageous, valiant, daring, fearless, intrepid		1	A1	sentima	ok	
courtier	2	NEW	kortegan	kortegano	courtier		1	A1	kortegulo	ok	
cozier	2						1	A1		no_match	
crackle	2	NEW	kraket	kraketi	to crackle, pop, snap, rattle (a toy)		1	A1	krepiti	ok	
cranny	2						1	A1		no_match	
critter	2						1	A1		no_match	
crocodile	2	NEW	krokodil	krokodilo	crocodile		1	A1		ok	
crumble	2	NEW	ĉif	ĉifi	to crease, crumble, crumple, rumple, wrinkle		1	A1	dispecetiĝi, elfali, pecetiĝi	ok	
daffodil	2	NEW	narcis	narciso	daffodil, narcissus		1	A1		ok	
dandelion	2	NEW	leontod	leontodo	dandelion		1	A1	buterfloro, taraksako	ok	
daydream	2	NEW	rev	revi	to dream, daydream, fancy, muse		1	A1	revo	ok	
desperately	2	LINK	kriz	krize	critically, desperately		1	A1	ĉionriskeme, senespereme	ok	
disbelief	2	NEW	nekredem	nekredemo	disbelief, lack of faith		1	A1		ok	
discourage	2	NEW	fortimig	fortimigi	to deter, discourage, scare (away)		1	A1	senkuraĝigi	ok	
disobey	2	NEW	malobe	malobei	to disobey		1	A1		ok	reclaimed from proper_noun — confirm not a name
doorbell	2						1	A1		no_match	
doorstep	2						1	A1		no_match	
drown	2	NEW	dron	droni	to drown, sink		1	A1	dronigi, dronmorti	ok	
dryer	2	NEW	sekigil	sekigilo	dryer		1	A1	hararsekigilo, sekigaŭtomato, sekigmaŝino, tolsekigilo	ok	
earring	2	NEW	orelring	orelringo	earring	orel+ring	1	A1	orelpendaĵo	compound	
errand	2	LINK	mesaĝ	mesaĝo	message, errand		1	A1	farendaĵo, komisio	ok	
fascination	2	NEW	ensorĉ	ensorĉo	bewitchment, delusion, spell, enchantment, fascination		1	A1	fascinado, fascino	ok	
fate	2	NEW	fat	fato	destiny, fate, ill fate, fortune		1	A1	destino, fatalo, sorto	ok	
flip	2	NEW	renvers	renversi	to overthrow, turn, turn over, overturn, upset, reverse, flip		1	A1		ok	
flipper	2						1	A1		no_match	
fluff	2	NEW	lanug	lanugo	down, fluff, nap		1	A1		ok	
flurry	2						1	A1		no_match	
foam	2	NEW	ŝaum	ŝaumo	foam, froth		1	A1	marŝaŭmo, ŝaŭmi, ŝaŭmo, ŝaŭmoaĵo	ok	
fond	2	LINK	am	ama	fond		1	A1	tenera	ok	
footstep	2						1	A1		no_match	
forehead	2	NEW	frunt	frunto	brow, forehead		1	A1		ok	
forgiveness	2	LINK	pardon	pardono	absolution, pardon, forgiveness		1	A1		ok	
fragrance	2	NEW	arom	aromo	aroma, flavor, fragrance, smell		1	A1	bonodoreco	ok	
fright	2	LINK	tim	timo	fear, fright, dread, apprehension		1	A1	teruro, timego	ok	
frisbee	2	NEW	ĵetdisk	ĵetdisko	disc, discus, disk, Frisbee	ĵet+disk	1	A1		compound	
froze	2						1	A1		no_match	
frustration	2	NEW	frustr	frustro	frustration		1	A1		ok	
fulfill	2	NEW	verig	verigi	to authenticate, verify, meet, satisfy, fulfill		1	A1	plenumi	ok	
gadget	2	NEW	akcesoraĵ	akcesoraĵo	accessory, side issue, gadget		1	A1	popularaĵeto	ok	
generosity	2	NEW	sindon	sindono	attachment, devotion, generosity, helpfulness, selflessness, self-sacrifice		1	A1	bonintenco, malavareco	ok	
gigantic	2	LINK	gigant	giganta	gigantic, huge, giant		1	A1		ok	
gleam	2	NEW	glim	glimi	to gleam		1	A1	glimbrili, lumeti, lumeto	ok	
glide	2	NEW	glis	glisi	to glide, plane		1	A1	glisadi, glisado, glitadi, glitado, gliti	ok	
glossy	2	NEW	glace	glacea	glossy		1	A1		ok	
golfer	2	NEW	golfludant	golfludanto	golfer		1	A1	golfludisto	ok	
grandkid	2						1	A1		no_match	
grease	2	LINK	gras	grasi	to grease		1	A1	graso, ŝmiri	ok	
groan	2	NEW	ĝem	ĝemi	to groan, moan		1	A1	ekĝemo, ĝemadi, ĝemo	ok	
gross	2	NEW	groc	groco	gross, 144		1	A1	brutte, kuntara, maldelikata, maldeliki, malneta	ok	
grouchy	2						1	A1		no_match	
gut	2	NEW	senintestig	senintestigi	to gut		1	A1	intestotubo	ok	
hairdresser	2	NEW	frizist	frizisto	barber, hairdresser, hair stylist		1	A1	frizistino	ok	
haire	2						1	A1		no_match	
heartbeat	2	NEW	korbat	korbato	heartbeat		1	A1	korbatado	ok	
hearty	2	LINK	kor	kora	cardiac, cordial, hearty, warm		1	A1	elkora, korega	ok	
heavenly	2	LINK	ĉiel	ĉiela	celestial, heavenly		1	A1	ĉiele, ĉielglora	ok	
hesitation	2	LINK	hezit	hezito	hesitation		1	A1	hezitado, ŝanceliĝo	ok	
hideaway	2						1	A1		no_match	
hike	2						1	A1		no_match	
honesty	2	LINK	honest	honesto	honesty		1	A1	honesteco, monherbo	ok	reclaimed from proper_noun — confirm not a name
hotter	2						1	A1		no_match	
hover	2	NEW	sveb	sveba	hover		1	A1	flirtegi, flugpendi, musumi, portiĝi, ŝveba	ok	
hurriedly	2	NEW	hast	haste	hastily, hurriedly, in a hurry		1	A1		ok	
impatiently	2	NEW	malpacienc	malpacience	impatiently		1	A1	senpacience	ok	
inseparable	2	NEW	sendisiĝ	sendisiĝa	inseparable		1	A1	neapartigebla, nedisigebla	ok	
insistent	2	LINK	insist	insista	emphatic, insistent		1	A1	insistema, postulema, trudiĝema	ok	
jellybean	2						1	A1		no_match	
jingle	2	NEW	tint	tinti	to chink, clink, jingle, tinkle		1	A1	ĵinglo, tintigi, tinto	ok	
junkyard	2						1	A1		no_match	
knights	2						1	A1		no_match	
lace	2	NEW	laĉ	laĉi	to lace		1	A1	galono, laĉo, pasamento, punto	ok	
lamb	2	NEW	ŝafid	ŝafida	lamb, of lamb		1	A1	ŝafidaĵo, ŝafido	ok	reclaimed from proper_noun — confirm not a name
lawnmower	2						1	A1		no_match	
learner	2	NEW	lernantin	lernantino	learner, student, pupil		1	A1		ok	
len	2						1	A1		no_match	
librarian	2	NEW	bibliotekist	bibliotekisto	librarian		1	A1	bibliotekistino	ok	
lightly	2	NEW	leĝer	leĝere	lightly		1	A1	malforte, malpeze, singarde, subtile	ok	
lookout	2	NEW	gvat	gvato	watch, lookout		1	A1	gvatanto, gvatisto, observulo	ok	
lovingly	2	LINK	am	ame	fondly, lovingly		1	A1	amante, tenere	ok	
lullaby	2	NEW	lulkant	lulkanto	lullaby	lul+kant	1	A1		compound	
lush	2						1	A1		no_match	
ma'am	2						1	A1		no_match	
mac	2						1	A1		no_match	
mango	2	NEW	mang	mango	mango		1	A1		ok	
marking	2	NEW	rimarkebl	rimarkebla	appreciable, marking, noticeable, perceptible		1	A1		ok	
mast	2	NEW	mast	masto	mast		1	A1	velstango	ok	
merry	2	LINK	gaj	gaja	cheerful, gay, merry, happy		1	A1	bonhumora, gajhumora	ok	
midst	2						1	A1		no_match	
mini	2						1	A1		no_match	
misbehave	2	NEW	malbonkondut	malbonkonduti	to misbehave, misconduct		1	A1		ok	
moonlight	2	NEW	lunlum	lunlumo	moonlight		1	A1	lunbrilo	ok	
mural	2	NEW	murpentraĵ	murpentraĵo	mural, mural painting, wall painting	mur+pentr	1	A1		compound	
murky	2	NEW	malhel	malhela	bleak, dark, dismal, dreary, dusky, obscure, somber, murky, dull		1	A1	malluma	ok	
musty	2	NEW	mucid	mucida	foul, moldy, musty		1	A1	malfreŝa	ok	
nearer	2				nearer		1	A1	pli proksima, pli proksime	no_match	
nestle	2	NEW	kuŝiĝet	kuŝiĝeti	to nestle		1	A1		ok	
nightlight	2						1	A1		no_match	
nightstand	2						1	A1		no_match	
nook	2	NEW	niĉ	niĉo	niche, nook		1	A1	anguleto	ok	
oblige	2	LINK	devig	devigi	to compel, force, coerce, oblige		1	A1	devoligi, komplezi, ŝuldigi	ok	
oily	2						1	A1		no_match	
ooh	2						1	A1		no_match	
organise	2						1	A1		no_match	
organiser	2						1	A1		no_match	
pad	2	NEW	puf	pufo	padding, puff, swelling, stuffing, wad, pad		1	A1	kuseneto, remburi, ŝirnotlibro, vati	ok	
pail	2	NEW	sitel	sitelo	bucket, pail		1	A1		ok	
pant	2	NEW	anhel	anheli	to be out of breath, pant, hyperventilate		1	A1	senspiriĝi, spiregi	ok	
peacefulness	2	LINK	trankvil	trankvilo	tranquility, calmness, peacefulness		1	A1		ok	
peacock	2	NEW	pav	pavo	peacock		1	A1		ok	
persuasive	2	NEW	kredig	krediga	convincing, persuasive		1	A1	konvinka, persvada	ok	
pickle	2	NEW	pekl	pekli	to pickle (in salt)		1	A1	bubaĉo	ok	
piggybank	2						1	A1		no_match	
pity	2	NEW	domaĝ	domaĝo	pity, something regrettable		1	A1	bedaŭri, bedaŭrindaĵo, kompati, kompato	ok	
plaster	2	NEW	gips	gipsi	to plaster		1	A1	gipso, kalkŝmiri, kataplasmo, pansobendo, plastro	ok	
ponder	2	NEW	remaĉ	remaĉi	to chew the cud, ponder, reflect on, ruminate		1	A1	pripensi, reveti	ok	
popsicle	2						1	A1		no_match	
pounce	2	NEW	alsalt	alsalti	to pounce		1	A1	alsalto	ok	
prance	2	NEW	pranc	pranci	to balk, buck, prance, rear		1	A1	kaprioli	ok	
prick	2	NEW	kac	kaco	cock, prick, dick (vulgar terms for penis)		1	A1	piki, pikilo, piko, punkcii	ok	
pucker	2						1	A1		no_match	
quicken	2	NEW	vivig	vivigi	to animate, invigorate, quicken		1	A1	rapidigi	ok	
quiver	2	LINK	trem	tremi	to quiver, shiver, tremble, shake, tremble		1	A1	sagujo, tremeti, tremo	ok	
rack	2	NEW	rak	rako	rack		1	A1	arako, streĉilo	ok	
reassuringly	2	NEW	trankvilig	trankvilige	reassuringly		1	A1		ok	
rebuild	2	NEW	refar	refari	to redo, remake, regenerate, restore, rebuild		1	A1	rekonstrui	ok	
receptionist	2	NEW	akceptist	akceptisto	receptionist		1	A1	akceptistino	ok	
recess	2	LINK	paŭz	paŭzo	break, intermission, pause, recess, interval, rest, stop		1	A1	alkovo	ok	
reckless	2	NEW	senzorg	senzorga	careless, neglectful, reckless, remiss		1	A1	neprudenta	ok	
reflective	2	NEW	rebril	rebrila	reflective		1	A1	konsiderema, pripensema, reflekta	ok	
repairman	2	NEW	riparist	riparisto	repairman		1	A1		ok	
responsibly	2	NEW	respondec	respondece	responsibly		1	A1		ok	
restful	2						1	A1		no_match	
retrieve	2	LINK	ricev	ricevi	to get, have, receive, retrieve		1	A1	ekstrakti	ok	
rinse	2	LINK	ban	bani	to bathe, rinse, wash (over), submerge		1	A1	akvumi, gargari, laveti	ok	
ritual	2	NEW	rit	rita	ritual, ritualistic		1	A1	ritaro, ritlibro	ok	
rotten	2	NEW	aĉ	aĉa	lousy, rotten, poor in quality, ugly, wretched, no good		1	A1	aĉi, putra	ok	
savor	2	LINK	gust	gusto	flavor, relish, savor, taste, zest		1	A1		ok	
scenery	2	LINK	pejzaĝ	pejzaĝo	landscape, scenery		1	A1		ok	
scootere	2						1	A1		no_match	
scratchy	2	NEW	gratec	grateca	scratchy		1	A1		ok	
sensor	2	NEW	sensil	sensilo	pickup, sensing device, sensor, transducer		1	A1	sensoro, sentilo	ok	
shady	2	LINK	ombr	ombra	shaded, shadowy, shady		1	A1	ombroplena, suspekta	ok	
shortcut	2	NEW	irmallongig	irmallongigo	shortcut		1	A1	fulmoklava, kurtvojo	ok	
sill	2	NEW	sojl	sojlo	sill, threshold		1	A1		ok	
siren	2	NEW	siren	sireno	mermaid, siren		1	A1		ok	
sizzle	2						1	A1		no_match	
sleeve	2	NEW	manik	maniko	sleeve		1	A1		ok	
smear	2	NEW	gum	gumi	to erase, gum, smear (with gum)		1	A1	fifamiga, fifamigi, fifamigo, ŝmiri	ok	
smoothly	2	LINK	glat	glate	smoothly, sleekly		1	A1		ok	
snore	2	NEW	ronk	ronki	to snore		1	A1		ok	
snort	2	NEW	ekronk	ekronki	to snort		1	A1	snufegi	ok	
sobs	2						1	A1		no_match	
softness	2	NEW	molec	moleco	mellowness, softness, tenderness		1	A1	karesemo, mallaŭteco	ok	
soothe	2	NEW	konsol	konsoli	to cheer, comfort, console, soothe, solace		1	A1	kvietigi, trankviligi	ok	
soundly	2						1	A1		no_match	
souvenir	2	NEW	memoraĵ	memoraĵo	keepsake, memento, souvenir, memorial		1	A1	memorigaĵo, suveniro	ok	
spank	2	NEW	manbat	manbati	to spank	man+bat	1	A1		compound	
speechless	2	NEW	mut	muta	dumb, mute, speechless, silent		1	A1	senparola, senvorta	ok	
splish	2						1	A1		no_match	
spook	2						1	A1		no_match	
squabble	2	NEW	disputaĉ	disputaĉi	to squabble, wrangle		1	A1	kunbekiĝi, malpaceti	ok	
starle	2						1	A1		no_match	
stool	2	NEW	benket	benketo	small bench, stool		1	A1	skabelo, tabureto	ok	
strap	2	NEW	ligil	ligilo	band, strap, bond, tie, leash, tether, linker, link (WWW)		1	A1	portrimeno, rimenligi, rimeno	ok	
strut	2	NEW	pav	pavi	to show off, strut, swagger		1	A1	subtenaĵo	ok	
stung	2						1	A1		no_match	
stutter	2	NEW	balbut	balbuti	to falter, stammer, stutter		1	A1	balbuto	ok	
sugary	2				bland, sugary		1	A1	afekte milda	no_match	
surprisingly	2						1	A1		no_match	
suspicious	2	NEW	malfid	malfida	suspicious		1	A1	malfidema, suspekta, suspektema, suspektiga, suspektinda	ok	
swallow	2	NEW	glut	gluti	to swallow		1	A1	forgluti, gluto, hirundo	ok	
swap	2	NEW	svop	svopo	swap		1	A1	interŝanĝi, permuti	ok	
swat	2						1	A1		no_match	
sweat	2	NEW	ŝvit	ŝviti	to perspire, sweat		1	A1	ŝvito	ok	
sweaty	2	NEW	ŝvit	ŝvita	sweaty		1	A1		ok	
swimmer	2	NEW	naĝant	naĝanto	swimmer		1	A1	naĝisto	ok	
swipe	2						1	A1		no_match	
swirls	2						1	A1		no_match	
swollen	2	NEW	ŝvelig	ŝveligi	to distend, inflate, swell, swollen		1	A1		ok	
tar	2	NEW	gudr	gudri	to tar		1	A1	gudro	ok	
teamwork	2						1	A1		no_match	
tense	2	LINK	temp	tempo	time, beat, tense		1	A1	streĉi, tenso	ok	
tentacle	2	NEW	tentakl	tentaklo	tentacle		1	A1		ok	
terribly	2	LINK	terur	terure	awfully, frightful, terribly		1	A1		ok	
thankfully	2	LINK	dank	danke	thankfully		1	A1	dankeme	ok	
thoughtfulness	2	NEW	antaŭzorg	antaŭzorgo	foresight, forethought, preservation, thoughtfulness, providence, precaution	antaŭ+zorg	1	A1		compound	
tighten	2	NEW	string	stringi	to hug, squeeze, tighten, draw, constrict		1	A1	plifirmigi, plistreĉi	ok	
tilt	2	LINK	klin	klini	to bend, incline, tilt, lean, slope, tilt		1	A1	duonlevi, kliniĝo, kliniigi, kovrilego, misiro	ok	
timid	2	NEW	timem	timema	afraid, timid, faint hearted, timid		1	A1		ok	
tirelessly	2	NEW	senlac	senlace	tirelessly, untiringly		1	A1		ok	
tocke	2						1	A1		no_match	
toed	2						1	A1		no_match	
toolbox	2	NEW	ilkest	ilkesto	toolbox		1	A1		ok	
trading	2	NEW	negocad	negocado	negotiation, trading		1	A1	komercado	ok	
trim	2	NEW	garn	garni	to decorate, embellish, equip, fit out, furnish, garnish, trim, reinforce, strengthen, adorn		1	A1	bonordigi, ĉirkaŭhaki, ĉirkaŭtranĉi, galono, garnituri	ok	
trouser	2						1	A1		no_match	
trudge	2						1	A1		no_match	
trustworthy	2	NEW	fidel	fidela	accurate, exact, faithful, loyal, staunch, trusty, trustworthy		1	A1	fidinda, konfidebla	ok	
twinkly	2						1	A1		no_match	
twirls	2						1	A1		no_match	
ungrateful	2	NEW	nedank	nedanka	ungrateful		1	A1	maldankema, nedankema, sendanka, sendankema	ok	
unroll	2	NEW	malrul	malruli	to unroll		1	A1	malbobeni, malfaldi, malvolvi	ok	
unwanted	2	NEW	nedezirat	nedezirata	unwanted, unsolicited		1	A1	malaperinda	ok	
unwrap	2	NEW	elvolviĝ	elvolviĝi	to expound, open, unwind, unwrap		1	A1	senŝeligi	ok	
victorious	2	NEW	venkint	venkinta	victorious		1	A1		ok	
waggle	2	NEW	sving	svingo	wag, waggle, wave		1	A1		ok	
watchful	2	LINK	vigl	vigla	adroit, agile, alert, brisk, keen, lively, nimble, vigilant, watchful		1	A1	atentema, egardema, gardema, zorgema	ok	
waterfall	2	NEW	kaskad	kaskado	cascade, waterfall		1	A1	akvafalo, akvofalo, falakvo	ok	reclaimed from proper_noun — confirm not a name
webcam	2	NEW	retkamera	retkamerao	webcam	ret+kamera	1	A1		compound	
weightless	2	NEW	senpez	senpeza	weightless		1	A1		ok	
whilst	2	LINK	dum	dum	during, while, for, whereas, whilst		1	A1		ok	
whine	2	NEW	bleket	bleketi	to squeak, purr, whine		1	A1	ploreti, plorplendi, plorplendo	ok	
whir	2	NEW	graŭl	graŭlo	whirr, whir, throb, hum, drone		1	A1		ok	
whirlpool	2	NEW	akvokirl	akvokirlo	whirlpool		1	A1	akvoturnejo, akvoturno, kirlakvo, turnakvo	ok	
whisk	2	LINK	bala	balai	to sweep, whisk		1	A1	fojnbalao, kirlilo	ok	
whispering	2	LINK	flustr	flustra	whispering		1	A1		ok	
windier	2						1	A1		no_match	
wisely	2	LINK	saĝ	saĝe	with wisdom, wisely		1	A1	prudente	ok	
woodpecker	2	NEW	peg	pego	woodpecker		1	A1		ok	
x.	2						1	A1		no_match	
$	1						1	A1		no_match	
'bout	1						1	A1		no_match	
abide	1	LINK	atend	atendi	to abide, expect, wait (for), await		1	A1	elteni, ĝisatendi, persisti, restadi, suferi	ok	
aboard	1	NEW	enbus	enbuse	aboard		1	A1	enaŭtobuse, enŝipe, enŝipiĝinta, envagone	ok	
achy	1	NEW	dolorec	doloreca	achy		1	A1		ok	
admiringly	1	LINK	admir	admire	admiringly		1	A1		ok	
adventuresome	1	NEW	riskoplen	riskoplena	adventuresome, risky	risk+plen	1	A1		compound	
afloat	1	LINK	naĝ	naĝe	afloat		1	A1	flose, flotanta	ok	
ajar	1	NEW	malharmoni	malharmonia	ajar, discordant		1	A1	duonfermita, malfermetita	ok	
alleyways	1						1	A1		no_match	
allowance	1	NEW	eblig	ebligo	allowance		1	A1	dekalkulo, monasignaĵo, monasigno, porcio, poŝmono	ok	
alphabet	1	NEW	aboc	aboco	ABC, alphabet, basics, fundamentals, primer, rudiments		1	A1	alfabeto, signaro	ok	
amazingly	1	LINK	mir	mire	amazingly, astonishingly		1	A1		ok	reclaimed from proper_noun — confirm not a name
amiss	1	NEW	mis	misa	faulty, incorrect, amiss		1	A1		ok	
ancestor	1	NEW	atav	atavo	ancestor		1	A1	praulo	ok	
andjim	1						1	A1		no_match	
antic	1	NEW	klaŭnaĵ	klaŭnaĵo	antic		1	A1	burleskaĵo	ok	
anything-	1						1	A1		no_match	
apologizer	1						1	A1		no_match	
apology	1	NEW	ekskuz	ekskuzo	apology		1	A1	apologio, pardonpeto	ok	
applause	1	NEW	aplaŭdoad	aplaŭdoado	applause		1	A1		ok	
appreciative	1	NEW	aplaŭdem	aplaŭdema	appreciative		1	A1		ok	
aquarium	1	NEW	akvari	akvario	aquarium	akv+ari	1	A1		compound	
archer	1	NEW	arkist	arkisto	archer, bowman		1	A1	arbalestisto, arkopafisto, arkpafanto, arkpafisto, pafarkisto	ok	
archery	1	NEW	arkopaf	arkopafo	archery		1	A1	arkopafado, arkpafado	ok	
arctic	1	NEW	arkt	arkta	arctic		1	A1	arktika, nordpolusa	ok	reclaimed from proper_noun — confirm not a name
assemble	1	LINK	munt	munti	to assemble, link, mount, set, build		1	A1	asembli, kolekti, kunmeti, kunmunti, kunveni	ok	
assure	1	LINK	asekur	asekuri	to assure, insure, underwrite		1	A1	certigi	ok	
automobile	1	LINK	aŭt	aŭto	automobile, car		1	A1	aŭtomobilo	ok	
autumn	1	NEW	aŭtun	aŭtuna	autumn		1	A1	aŭtuno	ok	
await	1	LINK	atend	atendi	to abide, expect, wait (for), await		1	A1	ĝisatendi	ok	
awely	1						1	A1		no_match	
awestruck	1						1	A1		no_match	
baaed	1						1	A1		no_match	
babysitter	1	NEW	vartantin	vartantino	babysitter		1	A1	bebogardantino, bebogardanto, bebzorgantino, bebzorganto, infanvartanto	ok	
"back,""be"	1						1	A1		no_match	
bail	1	NEW	bejl	bejlo	bail		1	A1	ĉerpi, garantiaĵo, kaŭcii, kaŭcio	ok	
bait	1	NEW	log	logo	allurement, bait, enticement; log		1	A1	allogaĵo, ĉikani, hokmuntaĵo, logaĵo, logilo	ok	reclaimed from proper_noun — confirm not a name
balancer	1						1	A1		no_match	
barnyard	1	NEW	farmkort	farmkorto	barnyard	farm+kort	1	A1	birdokorto, stalkorto	compound	
beachs	1						1	A1		no_match	
bearable	1	NEW	tolerebl	tolerebla	bearable, tolerable		1	A1		ok	
bedspread	1				bedspread, counterpane, coverlet		1	A1	lita superkovrilo	no_match	
behold	1	NEW	j	jen	behold, here is, here are, look, there		1	A1		ok	
bendy	1						1	A1		no_match	
beneficial	1	LINK	bonfar	bonfara	beneficent, beneficial, charitable, humanitarian, welfare		1	A1	profita	ok	
bicker	1	NEW	disput	disputi	to argue, dispute, bicker, contest, wrangle, contend		1	A1	disputeti	ok	
bicyle	1						1	A1		no_match	
bin-	1						1	A1		no_match	
birdsong	1						1	A1		no_match	
biscuit	1	NEW	keks	kekso	biscuit, cookie		1	A1	biskoto, biskvito, kringo	ok	
blackbird	1	NEW	merl	merlo	blackbird		1	A1		ok	
blessing	1	NEW	ben	beno	benediction, blessing, boon		1	A1	benado, benaĵo, benoado	ok	
boastful	1	NEW	vantem	vantema	boastful, bragging		1	A1	memlaŭda, sinmontrema	ok	
bob	1						1	A1		no_match	
bobbed	1						1	A1		no_match	
bold	1	LINK	dik	dika	thick, corpulent, fat, stout, plump, bold (font)		1	A1	aŭdaca, dikiga, diklitera, grasa, grasigita	ok	
bond-	1						1	A1		no_match	
boredom	1	LINK	enu	enuo	annoyance, boredom, worry, weariness		1	A1	malamuzo, malintereso	ok	
bouquet	1	NEW	buked	bukedo	bunch, bouquet		1	A1		ok	
brag	1	NEW	bluf	blufi	to bluff, brag		1	A1	fanfaroni, memlaŭdo	ok	
brainstorm	1						1	A1		no_match	
brass	1	NEW	latun	latuna	brass		1	A1	latunaj, latuno	ok	
bravado	1						1	A1		no_match	
bray	1	NEW	ia	iai	to bray		1	A1	azenbleki	ok	
breakthrough	1	NEW	avanceg	avancego	breakthrough		1	A1	trarompo	ok	
brew	1	NEW	bras	brasi	to brew		1	A1	bierfari	ok	
brigade	1	NEW	brigad	brigado	brigade		1	A1		ok	
broomstick	1	NEW	balailstang	balailstango	broomstick		1	A1	balailtenilo	ok	
brownish	1	NEW	brunet	bruneta	brownish		1	A1	dubebruna, duonbruna	ok	
browse	1	LINK	foli	folii	to browse, leaf through, page through		1	A1	esplori, foliumi, krozi, paĝumi, retumi	ok	
buck	1	NEW	baŭm	baŭmi	to buck (as a horse)		1	A1	akrupi, kornobati, pranci, virkuniklo, virleporo	ok	
burp	1	NEW	rukt	rukti	to belch, burp		1	A1	rukto	ok	
busily	1						1	A1		no_match	
cackle	1	NEW	gak	gaki	to cackle		1	A1	pepegi, vortmueli	ok	
calmness	1	NEW	flegm	flegmo	apathy, indifference, phlegm, stolidity, composure, calmness		1	A1	kvieteco, sereno, trankvileco, trankvilo	ok	
calmyou	1						1	A1		no_match	
camper	1	NEW	domaŭt	domaŭto	camper (vehicle)	dom+aŭt	1	A1	loĝaŭto, ruldomo	compound	
canoe	1	NEW	kanu	kanuo	canoe		1	A1	kanato, kanoto	ok	
caramel	1	NEW	karamel	karamelo	caramel	kar+mel	1	A1		compound	reclaimed from proper_noun — confirm not a name
careen	1						1	A1		no_match	
caretaker	1	NEW	zorgant	zorganto	caretaker, guardian, protector		1	A1	domgardistino, domgardisto	ok	
cartwheel	1						1	A1		no_match	
catchy	1						1	A1		no_match	
char	1	NEW	brulet	bruleti	to char, scorch, smolder, singe		1	A1		ok	
charmy	1						1	A1		no_match	
chatty	1						1	A1		no_match	
checkup	1						1	A1		no_match	
cheery	1						1	A1		no_match	
chin	1	NEW	menton	mentono	chin		1	A1		ok	
chocolaty	1						1	A1		no_match	
choke	1	NEW	boben	bobeno	bobbin, coil, reel, spool, choke, inductor, reactor		1	A1	strangoli, strangolilo, sufoki, sufokiĝi	ok	
chomp	1						1	A1		no_match	
choppy	1						1	A1		no_match	
chord	1	NEW	akord	akordo	accord, accordance, agreement, chord, concord, concurrence, concurrency, consonance		1	A1	konsonanco	ok	
chorus	1	NEW	ĥor	ĥoro	chorus, choir		1	A1	ĥoraro, koruptanto, refreno	ok	
churn	1	NEW	buterig	buterigi	to churn		1	A1	buterfari, buterilo	ok	
clam	1	NEW	lamelibranki	lamelibrankio	clam		1	A1		ok	
clamber	1	NEW	suprenramp	suprenrampi	to clamber, climb, scramble up	supr+ramp	1	A1		compound	
classwork	1						1	A1		no_match	
cleaner	1						1	A1		no_match	
cleanly	1						1	A1		no_match	
cleansing	1						1	A1		no_match	
cleverer	1						1	A1		no_match	
cleverly	1	NEW	lert	lerte	cleverly		1	A1		ok	
clingin	1						1	A1		no_match	
clink	1	NEW	tint	tinti	to chink, clink, jingle, tinkle		1	A1	tintigi, tinto	ok	
clip	1	NEW	klip	klipo	clasp, clip		1	A1	eltondaĵo, eltondi, filmitaĵero, tondi, tranĉeto	ok	
clothesline	1	NEW	pendigŝnur	pendigŝnuro	clothesline		1	A1		ok	
cloudless	1	NEW	sennub	sennuba	cloudless		1	A1		ok	
clumsily	1	NEW	fuŝ	fuŝe	clumsily, ineptly		1	A1		ok	
cluttered	1						1	A1		no_match	
cocoon	1	NEW	kokon	kokono	cocoon		1	A1		ok	
coil	1	NEW	boben	bobeno	bobbin, coil, reel, spool, choke, inductor, reactor		1	A1		ok	
colder	1						1	A1		no_match	
collaboration	1	NEW	kunlabor	kunlaboro	collaboration		1	A1	kunlaborado	ok	
collage	1	NEW	glubild	glubildo	collage	glu+bild	1	A1		compound	
colony	1	NEW	koloni	kolonio	colony, settlement		1	A1		ok	
commotion	1	NEW	agit	agito	agitation, commotion, disturbance, excitement, flutter, turmoil		1	A1	agitado, agitiĝo, komocio, konfuzo, sensacio	ok	
como	1						1	A1		no_match	
companionable	1						1	A1		no_match	
compartment	1	LINK	fak	fako	area of expertise, branch, compartment, department, section, specialty, subject, discipline		1	A1	fakego, kompartimento, kupeo, vagonfako	ok	
compromise	1	NEW	kompromit	kompromiti	to compromise, endanger, imperil, jeopardize, prejudice		1	A1	kompromisi, kompromiso	ok	
conductor	1	NEW	kondukant	kondukanto	conductor, leader		1	A1	dirigento, kondukisto, konduktanto, konduktilo, konduktoro	ok	
congratulation	1	NEW	gratul	gratulo	congratulation		1	A1		ok	reclaimed from proper_noun — confirm not a name
considerate	1	NEW	pripensem	pripensema	circumspect, considerate, critical, reflective, thoughtful		1	A1	konsiderema	ok	
console	1	NEW	konsol	konsoli	to cheer, comfort, console, soothe, solace		1	A1	konzolo	ok	
contagious	1	LINK	infekt	infekta	catching, contagious, infectious		1	A1	komunikebla, kontaĝa	ok	
contentedly	1						1	A1		no_match	
conveyor	1						1	A1		no_match	
cooktop	1						1	A1		no_match	
coop	1	NEW	kaĝeg	kaĝego	coop		1	A1	kaĝigi, kokejo	ok	
corridor	1	NEW	koridor	koridora	corridor		1	A1	koridoro, trairejo	ok	
courageously	1	LINK	kuraĝ	kuraĝe	courageously		1	A1		ok	
courteous	1	LINK	ĝentil	ĝentila	polite, gentle, civil, courteous, well-mannered, polished, refined		1	A1	bonmaniera, kompleza, komplezema	ok	
courtyard	1	LINK	kort	korto	court, yard, courtyard, enclosed area, quadrangle		1	A1		ok	
crawly	1						1	A1		no_match	
crossly	1						1	A1		no_match	
cruelly	1	LINK	kruel	kruele	cruelly		1	A1		ok	
crumple	1	NEW	ĉif	ĉifi	to crease, crumble, crumple, rumple, wrinkle		1	A1	ŝrumpi	ok	
crush	1	NEW	pist	pisti	to crush, pound, grind		1	A1	alkuro, disfrakasi, dispisti, dispremi, frakasi	ok	
cub	1	NEW	leonid	leonido	cub (of lion)		1	A1		ok	
"cub---""be"	1						1	A1		no_match	
cucumber	1	NEW	kukum	kukumo	cucumber		1	A1	kukumeto	ok	
culprit	1	NEW	kulpul	kulpulo	culprit, delinquent		1	A1		ok	
cutter	1	NEW	kutr	kutro	cutter		1	A1	randtranĉilo, tajlisto, tranĉanto	ok	
damp	1	NEW	humid	humida	damp, humid, moist		1	A1	amortizi, humideco, malseka, malsekaĵo, malsekeco	ok	
dangle	1	NEW	pendet	pendeti	to dangle		1	A1		ok	
de	1						1	A1		no_match	
deader	1						1	A1		no_match	
dearly	1						1	A1		no_match	
deed	1	NEW	akt	akto	act, certificate, diploma, (legal) document, deed		1	A1	faritaĵo, faro	ok	
delicately	1	NEW	delikat	delikate	delicately		1	A1		ok	
delightful	1	NEW	rav	rava	delightful, lovely, exquisite, ravishing		1	A1	ĉarmega, feliĉiga	ok	
descend	1	NEW	malleviĝ	malleviĝi	to descend, go down		1	A1	descendi, malsupreniĝi, malsupreniri, malsuprenveni	ok	
destruction	1	NEW	pere	pereo	destruction, doom, downfall, fall, perdition, ruin, wreck		1	A1	destruado, detruado, detruo, pereigo, pereiĝo	ok	
detour	1	NEW	deturn	deturni	to avert, lead astray, turn away, ward off, detour		1	A1	devojiĝo, forturni	ok	
different--	1						1	A1		no_match	
dinnertime	1						1	A1		no_match	
dinos	1						1	A1		no_match	
dipping	1						1	A1		no_match	
disagreeable	1						1	A1		no_match	
disagreement	1	NEW	diskord	diskordo	disagreement, discord, dissension		1	A1	disputego, malkonkordo, malkonsento, malsamopinio	ok	
disapointe	1						1	A1		no_match	
discomfort	1	NEW	malkomfort	malkomforto	discomfort		1	A1		ok	
disguise	1	NEW	maskum	maskumo	disguise		1	A1	alivesti, kaŝvesti, kaŝvesto, maskovesti, maskvesto	ok	
disintegrate	1	NEW	disig	disigi	to disband, disconnect, disintegrate, divide, separate, disunite, sever, delimit		1	A1	diserigi, malintegriĝi	ok	
disobedient	1	NEW	malobe	malobea	disobedient, insubordinate		1	A1	malobeema, neobeema	ok	
disrespectful	1	NEW	nerespekt	nerespekta	disrespectful		1	A1	malrespekte	ok	
disrupt	1	NEW	disromp	disrompi	to break off, smash, disrupt		1	A1		ok	
distract	1	LINK	distr	distri	to amuse, distract, divert, entertain, unbend, relax		1	A1	distriĝi, malatentigi, malenuigi	ok	
distressed	1	NEW	angor	angora	distressed, oppressing		1	A1		ok	
ditch	1	LINK	fos	foso	ditch		1	A1	defluilo, fosaĵo, kanalizi	ok	
dizziness	1	NEW	vertiĝ	vertiĝo	dizziness, vertigo		1	A1	kapturniĝo, kapturno	ok	
doe	1	NEW	cervin	cervino	doe, hind		1	A1		ok	
dollop	1						1	A1		no_match	
doom	1	NEW	pere	pereo	destruction, doom, downfall, fall, perdition, ruin, wreck		1	A1	kondamno	ok	
doormat	1	NEW	pordomat	pordomato	doormat	por+dom	1	A1	skraptapiŝo	compound	
doughnut	1	NEW	benjet	benjeto	doughnut		1	A1		ok	
downstream	1	NEW	kunflu	kunflue	downstream		1	A1	laŭflua, laŭflue	ok	
dreamland	1	NEW	revland	revlando	dreamland	rev+land	1	A1	revolando	compound	reclaimed from proper_noun — confirm not a name
drench	1	NEW	akvum	akvumi	to flush, drench, irrigate, water, rinse		1	A1		ok	
drill	1	NEW	bor	bori	to bore, drill		1	A1	borilo, drili, drilo, ekzerci, ekzerco	ok	
drool	1						1	A1		no_match	
droop	1	LINK	pend	pendi	to droop, hang		1	A1		ok	
drummer	1	NEW	drumist	drumisto	drummer		1	A1	tamburisto	ok	
e	1	NEW	neper	nepero	e (mathematical constant), Napier’s constant		1	A1		ok	
eachother	1						1	A1		no_match	
easel	1	NEW	stabl	stablo	bench, easel, workbench, support, stand		1	A1		ok	
ecstatic	1	NEW	ekstaz	ekstaza	ecstatic		1	A1	feliĉega	ok	
eerie	1	NEW	tremig	tremiga	eerie, grisly, gruesome, macabre		1	A1	harstariga	ok	
eh	1	LINK	h	he	eh, hey, say		1	A1		ok	reclaimed from proper_noun — confirm not a name
elbow	1	NEW	kubut	kubuto	elbow		1	A1		ok	
elegant	1	NEW	elegant	eleganta	elegant, smart		1	A1		ok	
embarrass	1	LINK	embaras	embarasi	to embarrass, encumber, hamper, perplex, inconvenience, hinder, impede		1	A1		ok	
embrace	1	NEW	brakum	brakumi	to embrace, hug		1	A1	ampleksi, brakumo, ĉirkaŭbraki, ĉirkaŭpremi, ĉirkaŭpreni	ok	
empower	1	NEW	povig	povigi	to empower		1	A1	rajtigi	ok	
enchant	1	NEW	rav	ravi	to delight, enchant, enrapture		1	A1		ok	
enclosure	1	NEW	enmetaĵ	enmetaĵo	enclosure		1	A1	ĉirkaŭbarejo, kunsendaĵo	ok	
encouragement	1	NEW	kuraĝig	kuraĝigo	encouragement		1	A1		ok	
encouragingly	1						1	A1		no_match	
endless	1	LINK	etern	eterna	endless, eternal, everlasting, perpetual, never-ending		1	A1	senĉesa, senfina	ok	
endlessly	1	NEW	senfin	senfine	ad infinitum, endlessly		1	A1		ok	
enforce	1						1	A1		no_match	
enthral	1						1	A1		no_match	
enthusiastically	1	LINK	entuziasm	entuziasme	eagerly, enthusiastically		1	A1		ok	
esta	1						1	A1		no_match	
etc	1	NEW	k.t.p.	k.t.p.	(kaj tiel plu) et cetera, etc.		1	A1		ok	
eventhough	1						1	A1		no_match	
exception	1	NEW	escept	escepto	exception, exclusion		1	A1		ok	
excessive	1	NEW	tro	troa	excessive, undue		1	A1	ekscesa, senmezura, supermezura	ok	reclaimed from proper_noun — confirm not a name
excite	1	NEW	incit	inciti	to abet, excite, incite, provoke, rouse, stimulate, stir up, irritate		1	A1	eksciti	ok	
extravagance	1	NEW	malŝpar	malŝparo	dissipation, extravagance, waste		1	A1	ekstravaganco	ok	
eyebrow	1	NEW	brov	brovo	brow, eyebrow		1	A1		ok	
eyeshadow	1						1	A1		no_match	
farth	1						1	A1		no_match	
fawn	1	NEW	cervid	cervido	fawn		1	A1	cervokolora, flavbruna, kapreolido, rampaĉi	ok	
fearless	1	LINK	kuraĝ	kuraĝa	audacious, bold, brave, courageous, valiant, daring, fearless, intrepid		1	A1	sentima	ok	
festive	1	NEW	festen	festena	festive		1	A1		ok	
fidget	1	NEW	movadiĝ	movadiĝi	to fidget		1	A1		ok	
fighter	1	NEW	luktant	luktanto	fighter, wrestler		1	A1	batalpartiano, ĉasavio, pugnoluktisto	ok	
filling	1	NEW	satig	satiga	filling		1	A1	plombaĵo	ok	
finder	1	NEW	serĉil	serĉilo	finder, search command, search engine, search tool, search function		1	A1		ok	
firewood	1	NEW	hejtlign	hejtligno	firewood		1	A1	brulligno	ok	
fleck	1						1	A1		no_match	
flee	1	NEW	fuĝ	fuĝi	to flee, run away		1	A1	ekfuĝi, eskapi, flugi	ok	
fleeting	1	NEW	nedaŭr	nedaŭra	fleeting, temporary, brief, transitory, provisional, transient		1	A1	maldaŭra, sendaŭra	ok	
flex	1	LINK	fleks	fleksi	to bend, flex, inflect		1	A1	infleksa, transfleksiĝa	ok	
flick	1						1	A1		no_match	
flier	1	NEW	flugist	flugisto	flier		1	A1	flugfolio	ok	
flit	1	NEW	flirt	flirti	to flirt, flit, flutter		1	A1	transkuri	ok	
flowerbe	1						1	A1		no_match	
flowerpot	1	NEW	florpot	florpoto	flowerpot	flor+pot	1	A1		compound	
fondness	1	NEW	amec	ameco	fondness, tenderness		1	A1	korinklino	ok	
fool	1	NEW	bufon	bufono	fool, freak, zany		1	A1	abderano, burleskulo, malprudentulo, malsaĝigi, malsaĝulo	ok	
foolishness	1	NEW	malsaĝ	malsaĝo	foolishness		1	A1	malprudenteco, malsaĝeco, stultaĵo	ok	
forgetful	1	LINK	forges	forgesa	forgetful, oblivious		1	A1	forgesema	ok	
fortress	1	NEW	fortres	fortreso	fortress		1	A1	fortikaĵo	ok	
fortunate	1	LINK	feliĉ	feliĉa	fortunate, happy, lucky		1	A1	bonokaza, bonsorta, fortuna	ok	
forwards	1						1	A1		no_match	
freely	1	LINK	liber	libere	freely		1	A1	malkaŝeme, senkoste	ok	
freshly	1	LINK	freŝ	freŝe	freshly		1	A1		ok	
frilly	1						1	A1		no_match	
fulfil	1						1	A1		no_match	
fumble	1	NEW	fuŝpalp	fuŝpalpi	to fumble, touch, grope	fuŝ+palp	1	A1	ĉirkaŭpalpi	compound	
funeral	1	NEW	enterig	enterigo	burial, funeral, interment		1	A1	enterigiro, entombigo, funebraĵoj	ok	
funn	1						1	A1		no_match	
funniest	1						1	A1		no_match	
furthest	1						1	A1		no_match	
fuzzier	1						1	A1		no_match	
galore	1	NEW	sufiĉeg	sufiĉege	galore, aplenty, in abundance		1	A1		ok	
genius	1	NEW	geni	genio	genius		1	A1	geniulo, talentulo	ok	
gentlly	1						1	A1		no_match	
glacier	1	NEW	glaĉer	glaĉero	glacier		1	A1	glaciaro, glaciejo	ok	
gliding	1	NEW	glisad	glisado	glide, gliding, hovering		1	A1	glitado, ŝovebla	ok	
glimpse	1	NEW	ekvid	ekvido	glimpse		1	A1	videto	ok	
glint	1						1	A1		no_match	
gloom	1	NEW	malgaj	malgajo	gloom (sadness)		1	A1	malheleco, mallumo, melankolio, morneco	ok	
gluing	1						1	A1		no_match	
goggle	1						1	A1		no_match	
gooey	1						1	A1		no_match	
gown	1	LINK	rob	robo	dress, gown, robe		1	A1	ĥalato, talaro	ok	
gratefully	1	NEW	dankem	dankeme	gratefully, thankfully		1	A1		ok	
griddle	1						1	A1		no_match	
grimy	1						1	A1		no_match	
gruff	1	NEW	malafabl	malafabla	blunt, brutal, gruff, harsh, rough, sour, surly, unkind, unpleasant, rude		1	A1	malĝentila	ok	
grumpiest	1						1	A1		no_match	
guffaw	1	NEW	rideg	ridego	guffaw		1	A1		ok	
guilt	1	LINK	kulp	kulpo	fault, offense, guilt, failing		1	A1	kulpsentoj	ok	
guiltily	1	NEW	kulposent	kulposente	guiltily, with feelings of guilt	kulp+sent	1	A1		compound	
gunshot	1	NEW	pafilpaf	pafilpafo	gunshot		1	A1		ok	
hairstyle	1						1	A1		no_match	
halfway	1	NEW	mezvoj	mezvoje	halfway	mez+voj	1	A1	duonvoja, duonvoje	compound	
hamburger	1	NEW	hamburgr	hamburgro	hamburger		1	A1	hamburgano, hamburgero	ok	
happenne	1						1	A1		no_match	
hardwork	1						1	A1		no_match	
harness	1	NEW	jung	jungi	to harness, yoke		1	A1	harniso, jungaĵo, jungilaro	ok	
heap	1	LINK	mas	maso	lump, mass, pile, heap		1	A1	akumuli, amasaĵo, amasigi, amaso, stako	ok	
hearte	1						1	A1		no_match	
heater	1	NEW	hejtil	hejtilo	heater		1	A1		ok	
hedgewit	1						1	A1		no_match	
helpamy	1						1	A1		no_match	
hesitantly	1	NEW	balbut	balbute	falteringly, haltingly, hesitantly		1	A1	heziteme, ŝanceliĝe	ok	
hilarious	1						1	A1		no_match	
hilltop	1						1	A1		no_match	
him-	1						1	A1		no_match	
hippos	1	NEW	hipopotamed	hipopotamedoj	hippos		1	A1		ok	
hoist	1	NEW	his	hisi	to hoist, hoist up, run up, wind up		1	A1	suprenlevi, ŝarĝlifto, tirlevi, varlifto, vinĉo	ok	
homemade	1						1	A1		no_match	
homeward	1						1	A1		no_match	
honestly	1	LINK	honest	honeste	honestly, uprightly		1	A1		ok	
honeycomb	1	NEW	ĉelar	ĉelaro	honeycomb		1	A1	mielĉelaro, mieltavolo	ok	
honorary	1	NEW	moŝt	moŝta	honorary		1	A1	honora, honore, honorofica	ok	
hopefully	1	NEW	esperebl	espereble	hopefully		1	A1	espermeme	ok	
hosepipe	1						1	A1		no_match	
howl	1	NEW	muĝ	muĝi	to bellow, howl, roar, low, moo, roar		1	A1	hojli, hundblekegi, hurli, hurlo, ŝriki	ok	
huff	1						1	A1		no_match	
humbly	1	NEW	humil	humile	humbly		1	A1		ok	
hunker	1						1	A1		no_match	
hurray	1	NEW	hur	hura	hurrah, hurray, yea		1	A1		ok	reclaimed from proper_noun — confirm not a name
iceberg	1	NEW	glacmont	glacmonto	iceberg	glac+mont	1	A1	glacierego, glaciinsulo, glacimonto	compound	
icky	1						1	A1		no_match	
identical	1	LINK	ident	identa	identical		1	A1		ok	
ignition	1	NEW	sparkad	sparkado	ignition		1	A1		ok	
ignorance	1	NEW	nesci	nescio	ignorance		1	A1	malklereco, malscio, senscieco, senscio	ok	reclaimed from proper_noun — confirm not a name
imaginable	1	NEW	imagebl	imagebla	imaginable		1	A1	konceptebla	ok	
imaginative	1	NEW	imagem	imagema	imaginative		1	A1		ok	
impatience	1	NEW	malpacienc	malpacienco	impatience		1	A1	senpacienco	ok	
independently	1	NEW	memstar	memstare	independently, self-assuredly		1	A1	sendepende	ok	
inevitable	1	NEW	fatal	fatala	fated, fateful, ill-fated, inevitable, ruinous		1	A1	neevitebla	ok	
inevitably	1						1	A1		no_match	
infect	1	LINK	infekt	infekti	to infect		1	A1		ok	
infectious	1	LINK	infekt	infekta	catching, contagious, infectious		1	A1	kontaĝa	ok	
injection	1	NEW	enĵet	enĵeta	injection		1	A1	disĵeto, enjekcio, injektaĵo, injekto, klistero	ok	
inquire	1	LINK	enket	enketi	to inquire, investigate, make an inquiry, survey		1	A1	demandi	ok	
inscribe	1	NEW	enskrib	enskribi	to enter, inscribe, register		1	A1		ok	
inseperable	1						1	A1		no_match	
inspection	1	NEW	inspek	inspeko	inspection		1	A1	inspekado, inspektado, inspekto	ok	
instant	1	LINK	moment	momento	instant, moment		1	A1	momenteto, prompta, tujpreta	ok	
instinctively	1	NEW	instinkt	instinkte	instinctively		1	A1		ok	reclaimed from proper_noun — confirm not a name
intensely	1	LINK	intens	intense	intensely		1	A1		ok	
intruder	1	NEW	trudul	trudulo	interloper, intruder		1	A1	entrudinto	ok	
jabbed	1						1	A1		no_match	
jaw	1	NEW	makzel	makzelo	jaw, jawbone		1	A1		ok	
jealousy	1	NEW	ĵaluz	ĵaluzo	jealousy		1	A1		ok	
jig	1	NEW	ĝig	ĝigo	jig		1	A1	ĵigo, ŝablono	ok	
jiggle	1						1	A1		no_match	
jiggly	1						1	A1		no_match	
jigsaw	1	NEW	arabeskosegil	arabeskosegilo	jigsaw		1	A1		ok	
joyous	1	LINK	ĝoj	ĝoja	happy, glad, joyful, joyous		1	A1		ok	
joystick	1	NEW	levier	leviero	joystick		1	A1	ludbastono, ludmantenilo, regstango, stirilo, stirkolono	ok	
judgement	1						1	A1		no_match	
jumble	1	NEW	fatras	fatraso	jumble, junk, trash		1	A1		ok	
justo	1						1	A1		no_match	
kayaker	1						1	A1		no_match	
keepsake	1	NEW	memoraĵ	memoraĵo	keepsake, memento, souvenir, memorial		1	A1	memorigaĵo	ok	
kernel	1	LINK	kern	kerno	core, kernel, nucleus, pit, stone		1	A1		ok	
keyhole	1	NEW	ŝlosiltru	ŝlosiltruo	keyhole	ŝlosil+tru	1	A1		compound	
knowledgeable	1						1	A1		no_match	
lavish	1	NEW	prodig	prodigi	to lavish, squander		1	A1	malŝpara	ok	
laze	1						1	A1		no_match	
ledge	1						1	A1		no_match	
leftover	1						1	A1		no_match	
lesson-	1						1	A1		no_match	
lifetime	1	NEW	dumviv	dumvivo	lifetime	dum+viv	1	A1	vivodaŭro, vivotempo, vivtempo	compound	
lipstick	1	NEW	ruĵ	ruĵo	lipstick		1	A1	ruĝigilo	ok	
litter	1	NEW	kuŝej	kuŝejo	couch, berth (ship), litter (animals), lair		1	A1	pajlaĵo, palankeno, portilo, portoseĝo	ok	
littler	1						1	A1		no_match	
litttle	1						1	A1		no_match	
loaf	1	LINK	pan	pano	bread, loaf		1	A1	bulkego	ok	
locker	1						1	A1		no_match	
lolly	1						1	A1		no_match	
longing	1	NEW	sopir	sopira	longing		1	A1	sopiro	ok	
loudness	1	NEW	laŭtec	laŭteco	loudness		1	A1	laŭdneso	ok	
loudspeaker	1	NEW	laŭtparolil	laŭtparolilo	loudspeaker, speaker	laŭt+parol	1	A1		compound	
lounge	1	NEW	pasum	pasumi	to dawdle, lounge, lounge about, stroll		1	A1	ripozejo	ok	
lovable	1	NEW	amebl	amebla	lovable		1	A1	aminda	ok	
loyalty	1	NEW	fidelec	fideleco	adherence, allegiance, fealty, fidelity, loyalty		1	A1	lojaleco	ok	
lump	1	NEW	bul	bulo	ball, chunk, clod, hunk, lump, wad, bullet		1	A1	fragmento, maso, peco, tubero	ok	
lunchbox	1						1	A1		no_match	
lurk	1	NEW	kaŭr	kaŭri	to cower, crouch, squat, lurk		1	A1	ŝtelatendi	ok	
luxurious	1	LINK	luks	luksa	deluxe, luxurious, sumptuous		1	A1		ok	
machinery	1	NEW	radar	radaro	radar; wheelwork, machinery		1	A1	maŝinaro	ok	
madder	1	NEW	rubi	rubio	madder		1	A1		ok	
magcally	1						1	A1		no_match	
magnificent	1	NEW	beleg	belega	exquisite, gorgeous, lovely, magnificent, splendid		1	A1	grandioza, superba	ok	
magnify	1	LINK	pligrandig	pligrandigi	to aggrandize, augment, enlarge, increase, magnify		1	A1		ok	
magpie	1	NEW	pig	pigo	magpie, pica		1	A1		ok	
majestic	1	NEW	majest	majesta	majestic		1	A1		ok	
mandala	1	NEW	mandal	mandalo	mandala		1	A1		ok	
marketplace	1	NEW	foirej	foirejo	fairground, marketplace		1	A1	vendoplaco	ok	
matey	1						1	A1		no_match	
meander	1	NEW	vag	vagi	to drift, loiter, prowl, ramble, roam, wander, meander, stray		1	A1	meandri, meandro, serpenti, serpentumi, sinui	ok	
meatball	1						1	A1		no_match	
melodious	1	LINK	melodi	melodia	melodic, melodious, tuneful		1	A1		ok	
mend	1	NEW	flik	fliki	to darn, mend, patch (up)		1	A1	ripari	ok	
mesmerise	1						1	A1		no_match	
mew	1	NEW	miaŭ	miaŭi	to meow, mew		1	A1	katbleki, miaŭo	ok	
mewing	1						1	A1		no_match	
microwave	1	NEW	mikroond	mikroonda	microwave		1	A1	mikroondo	ok	
mightier	1						1	A1		no_match	
mindful	1	LINK	zorg	zorga	careful, mindful, regardful		1	A1		ok	
miraculously	1	NEW	mirakl	mirakle	miraculously		1	A1		ok	reclaimed from proper_noun — confirm not a name
misery	1	NEW	mizer	mizero	misery, wretchedness		1	A1		ok	
moan	1	NEW	ĝem	ĝemi	to groan, moan		1	A1	ekĝemo, ĝemadi, ĝemo	ok	
moat	1	NEW	fosaĵ	fosaĵo	excavation, hole, ditch, pit, moat, trench		1	A1		ok	
mock	1	NEW	mok	moki	to mock, deride, jeer at, poke fun at, ridicule, taunt		1	A1	imitaĉi, primoki, ŝajniga	ok	
modesty	1	NEW	pudor	pudoro	chaste behavior, modesty, sense of decency		1	A1	diskreteco, modesteco, modesto	ok	reclaimed from proper_noun — confirm not a name
mold	1	NEW	ŝim	ŝimo	mildew, mold		1	A1	modli, muldi, muldilo	ok	
"mother,""can"	1						1	A1		no_match	
motionless	1	NEW	senmov	senmova	immobile, inert, motionless, stagnant, stationary, still, motionless		1	A1	senmove	ok	
mound	1	NEW	dig	digo	dam, dike, embankment, jetty, mound		1	A1	remparo, tombmonteto	ok	
mountainside	1	NEW	montflank	montflanko	mountainside	mont+flank	1	A1		compound	
mourn	1	NEW	funebr	funebri	to bewail, mourn, grieve, weep		1	A1	lamenti, malĝoji, ploregi, priplori	ok	
mover	1	NEW	mebloportist	mebloportisto	(re)mover	mebl+port	1	A1		compound	reclaimed from proper_noun — confirm not a name
multi	1						1	A1		no_match	
mumble	1	NEW	balbutad	balbutado	mumble, gibberish		1	A1		ok	
mutter	1	NEW	murmur	murmuri	to murmur, mutter		1	A1		ok	
naptime	1						1	A1		no_match	
navigate	1	LINK	ŝip	ŝipi	to cruise, navigate, sail, ship		1	A1	marveturi, navigacii, navigi	ok	
needel	1						1	A1		no_match	
neglect	1	NEW	nefar	nefari	to fail, neglect, omit		1	A1	malatenti, malprefero, malzorgi, neglekti, neglekto	ok	
nephew	1	NEW	nev	nevo	nephew		1	A1	fratido	ok	
newly	1	LINK	nov	nove	newly		1	A1		ok	
nickname	1	NEW	alnom	alnomo	alias, nickname, surname		1	A1	apudnomo, karesnomo, kaŝnomo, kromnomo, moknomo	ok	
niece	1	NEW	nevin	nevino	niece		1	A1	fratidino	ok	
nighttime	1						1	A1		no_match	
nonsense	1	NEW	blag	blago	joke, nonsense		1	A1	absurdaĵo, babilaĉo, galimatio, malsaĝeco, sensencaĵo	ok	
nudge	1	NEW	ekpuŝ	ekpuŝi	to jog, nudge		1	A1	kubutumi, moveti	ok	
nugget	1						1	A1		no_match	
o'clock	1						1	A1		no_match	
oar	1	NEW	remil	remilo	oar		1	A1		ok	
obedience	1	LINK	obe	obeo	obedience		1	A1	disciplinemo, obeemo	ok	
observant	1	NEW	observem	observema	observant		1	A1		ok	
odor	1	LINK	odor	odoro	odor, scent, smell		1	A1		ok	
offering	1	LINK	alport	alporto	offering		1	A1	donacofero, oferado, oferaĵo, oferdono	ok	
officially	1	NEW	laŭofic	laŭofice	officially		1	A1	oficiale	ok	
oink	1						1	A1		no_match	
operas	1						1	A1		no_match	
operator	1	NEW	operaciil	operaciilo	operator		1	A1	funkciigisto, manipulanto, operacianto, operacisimbolo, operatoro	ok	
opportunistic	1						1	A1		no_match	
optimistic	1	NEW	optimism	optimisma	optimistic		1	A1		ok	
ounce	1	NEW	unc	unco	ounce		1	A1		ok	
outrun	1	NEW	preterkur	preterkuri	to outrun, outstrip	preter+kur	1	A1		compound	
outsider	1	NEW	eksterul	eksterulo	outsider		1	A1		ok	
outsite	1						1	A1		no_match	
outsmart	1	NEW	superruz	superruzi	to outsmart, outwit	super+ruz	1	A1		compound	
outstretche	1						1	A1		no_match	
overcame	1						1	A1		no_match	
overhear	1	NEW	subaŭd	subaŭdi	to overhear		1	A1		ok	
overnight	1	NEW	tranokt	tranokta	overnight		1	A1	tranokto	ok	
overwhelm	1	NEW	subig	subigi	to subdue, overwhelm, subjugate, subject		1	A1	premegi, superŝarĝi, superŝuti	ok	
packet	1	NEW	paket	paketo	packet, parcel		1	A1	pakoaĵo	ok	
pal	1	NEW	kamarad	kamarado	buddy, companion, comrade, pal, mate, chum		1	A1	kompano	ok	
par	1	NEW	alpar	alparo	face value, nominal value, parity, par		1	A1		ok	
parachute	1	NEW	paraŝut	paraŝuta	airborne, parachute		1	A1	paraŝuti, paraŝutigi, paraŝuto	ok	
paradise	1	NEW	eden	edeno	paradise		1	A1	elizeo, paradizo	ok	
parlor	1	NEW	salon	salono	drawing room, living room, parlor, salon, sitting room		1	A1	parolejo	ok	
passageway	1	NEW	pasej	pasejo	gate, gangway, passage, passageway		1	A1	koridoro, trapasejo	ok	
pathway	1	LINK	voj	vojo	course, passage, path, pathway, road, route, way		1	A1		ok	
patter	1	NEW	gutet	guteti	to drip, leak, patter, trickle, exude		1	A1		ok	
peat	1	NEW	torf	torfo	peat, turf		1	A1		ok	
perfection	1	NEW	perfektec	perfekteco	perfection		1	A1		ok	
performer	1	NEW	farant	faranto	performer		1	A1	elfaranto, koncertisto, prezentanto	ok	
petrify	1	NEW	ŝtonig	ŝtonigi	to petrify (something), make something into stone		1	A1	ŝtoniĝi	ok	
pew	1	NEW	preĝbenk	preĝbenko	pew	preĝ+benk	1	A1		compound	
pip	1	NEW	pips	pipso	pip (disease in birds)		1	A1	grajno	ok	
pitter	1						1	A1		no_match	
playdate	1						1	A1		no_match	
playthe	1						1	A1		no_match	
plea	1	NEW	pled	pledi	to appeal, plea, plead		1	A1	argumento, pledo	ok	
pleadingly	1						1	A1		no_match	
pleeease	1						1	A1		no_match	
plump	1	LINK	dik	dika	thick, corpulent, fat, stout, plump, bold (font)		1	A1	diketa, plumpa	ok	
plush	1	NEW	pluŝ	pluŝo	plush		1	A1		ok	
politeness	1	NEW	ĝentilec	ĝentileco	civility, courtesy, politeness		1	A1		ok	
pollen	1	NEW	polen	poleno	pollen		1	A1	florsemo	ok	
pollute	1	LINK	polu	polui	to pollute		1	A1	malpurigi, poluciigi	ok	
poof	1						1	A1		no_match	
poolside	1						1	A1		no_match	
portion	1	NEW	on	ono	portion, fraction, fragment, share, digit		1	A1	doto, dozo, parto, porcio	ok	
postman	1	NEW	poŝtist	poŝtisto	mail carrier, postal worker, mailman, postman		1	A1	leteristo, leterportisto	ok	
powerless	1	NEW	senpov	senpova	powerless, impotent		1	A1	senforta, senpotenca	ok	
practicig	1						1	A1		no_match	
pre	1						1	A1		no_match	
precariously	1						1	A1		no_match	
precise	1	NEW	net	neta	cleanly cut, neat, precise, net (weight, etc.), distinct		1	A1	akurata, preciza	ok	
preference	1	NEW	agord	agordo	accord, agreement, consonance, customization, options, setup, settings, mood, tuning, preference		1	A1	prefero	ok	
presto	1						1	A1		no_match	
promotion	1	NEW	varbad	varbado	campaigning, enrolment, promotion, recruitment		1	A1	gradaltigo, plirangigo, promocio, reklamado	ok	
puck	1	NEW	hokedisk	hokedisko	puck	hok+disk	1	A1		compound	
puffy	1	NEW	puf	pufa	puffed, puffy, stuffed		1	A1		ok	
pump	1	NEW	pump	pumpi	to pump		1	A1	elpumpi, pumpilo, puŝpumpilo	ok	
punch	1	LINK	tru	trui	to perforate, punch, puncture, make a hole in		1	A1	pugni, pugnobati, pugnofrapo, punĉo, ŝtanci	ok	
puzzlw	1						1	A1		no_match	
pyjama	1						1	A1		no_match	
quest	1	LINK	serĉ	serĉo	lookup, search, seek, quest		1	A1	informiĝo, serĉado	ok	
quit3	1						1	A1		no_match	
racket	1	NEW	brueg	bruego	clamor, racket, row, noise, turmoil, uproar, tumult		1	A1	rakedo, rumoro, tumulto	ok	
rage	1	NEW	muĝ	muĝo	rage, roar		1	A1	furiozeco, furiozi, kolerego, rabio, tumulti	ok	
rainfall	1						1	A1		no_match	
rainstorm	1						1	A1		no_match	
rainwater	1						1	A1		no_match	
ramp	1	NEW	rampl	ramplo	ramp		1	A1		ok	
rash	1	NEW	erupci	erupcio	eruption, rash		1	A1	ekzantemo, hazarda, senpripensa	ok	
raspberry	1	NEW	framb	frambo	raspberry		1	A1	framboarbusto	ok	
rattle	1	LINK	klak	klaki	to chatter, clap, click, rattle, flap, slap, smack		1	A1	klakilo, kraketi, ludtintilo, rasli, rinanto	ok	
readily	1	NEW	volont	volonte	readily, willingly		1	A1		ok	
realization	1	NEW	realiĝ	realiĝo	realization		1	A1	ekkonscio, kompreno	ok	
reap	1	NEW	falĉ	falĉi	to cut, mow, reap		1	A1	rikolti	ok	
rearrange	1	NEW	rearanĝ	rearanĝi	to rearrange		1	A1	aliaranĝi, alistrukturi	ok	
reassurance	1						1	A1		no_match	
recital	1	LINK	rakont	rakonto	account, narrative, story, tale, recital		1	A1	deklamado, recitalo	ok	
recognise	1						1	A1		no_match	
recount	1	NEW	fabel	fabeli	tell fables, recount		1	A1	rakonti	ok	
recovery	1	LINK	sav	savo	salvage, salvation, recovery		1	A1	memorhelpa, reakiro, reboniĝo, retrovo, riparado	ok	
reel	1	NEW	ril	rilo	reel		1	A1	bobenego, bobenfarilo, bobeno, haspelo, ŝanceliĝi	ok	
refreshingly	1						1	A1		no_match	
refusal	1	LINK	rifuz	rifuzo	refusal, rejection		1	A1	malkonfeso	ok	
rein	1	NEW	kondukil	kondukilo	rein (of a horse)		1	A1		ok	
relent	1	NEW	dolĉiĝ	dolĉiĝi	to relent		1	A1	kvietiĝi, malinsisti, malseveriĝi	ok	
remarkable	1	NEW	rimarkind	rimarkinda	noteworthy, remarkable, prominent		1	A1		ok	
repeatedly	1	NEW	ad	ade	continually, continuously, repeatedly, often		1	A1	plurfoje, ripetfoje	ok	
repeatly	1						1	A1		no_match	
"replied:""oh"	1						1	A1		no_match	
rescuer	1	NEW	savist	savisto	rescuer		1	A1	liberiganto	ok	
reset	1	NEW	reŝarĝ	reŝarĝa	reset		1	A1	rekomenciga, rekomencigi, rekomencigo	ok	
resign	1	NEW	abdik	abdiki	to abdicate, resign		1	A1	demisii, eksiĝi, kapitulaci, rezigni	ok	
resourceful	1	NEW	aranĝem	aranĝema	ingenious, resourceful		1	A1	eltrovema, elturniĝema	ok	
resourcefulness	1	NEW	eltrovem	eltrovemo	ingenuity, resourcefulness		1	A1	elturniĝemo	ok	
restart	1	NEW	restart	restarto	reboot, restart		1	A1	rekomenci, rekomenciĝi, restartigi, restartigo	ok	
retye	1						1	A1		no_match	
reverse-	1						1	A1		no_match	
reversinng	1						1	A1		no_match	
rhyme	1	NEW	rim	rimi	to rhyme		1	A1	interrimi, kunrimi, rimigi, rimiĝi, rimo	ok	
rib	1	NEW	rip	ripo	rib		1	A1	nervuro, vergeto	ok	
rider	1	LINK	aldon	aldono	addendum, addition, adjunct, appendix, rider, supplement		1	A1		ok	
ridiculous	1	NEW	ridind	ridinda	funny, laughable, ludicrous, ridiculous, droll		1	A1		ok	
rightful	1	NEW	rajt	rajta	lawful, legitimate, rightful		1	A1	laŭrajta	ok	
ripen	1	NEW	maturiĝ	maturiĝi	to mature, ripen		1	A1		ok	
ripple	1	NEW	ondet	ondeti	to ripple		1	A1	ondetigi, ondetiĝi, ondeto	ok	
risky	1	LINK	risk	riska	adventurous, hazardous, risky, venturous		1	A1	riskema, riskoplena	ok	
riverside	1						1	A1		no_match	
robe	1	LINK	rob	robi	to robe		1	A1	ĥalato, robo, talaro, vesti	ok	
rose	1	NEW	roz	rozo	rose		1	A1	rozujo	ok	
rosemary	1	NEW	rosmaren	rosmareno	rosemary		1	A1		ok	
roughly	1	NEW	aspr	aspre	roughly, harshly		1	A1	insulte, malkviete, malnete	ok	
roundest	1						1	A1		no_match	
rowboat	1	NEW	remboat	remboato	rowboat	rem+boat	1	A1		compound	
rubbish	1	LINK	rub	rubo	debris, rubbish, rubble, garbage, trash, junk		1	A1	absurdaĵo, defalaĵo, elĵetaĵo, forjetaĵo, forĵetaĵo	ok	
rudely	1	NEW	malĝentil	malĝentile	impolitely, rudely		1	A1	maldelikate	ok	
rummage	1						1	A1		no_match	
rung	1	LINK	ŝtup	ŝtupo	stair, step, rung		1	A1	ŝtupeto	ok	
runnne	1						1	A1		no_match	
rust	1	NEW	rust	rusti	to rust		1	A1	rustaĵo, rustiĝi, rusto	ok	
"said,""if"	1						1	A1		no_match	
"said,""okay"	1						1	A1		no_match	
"said,""this"	1						1	A1		no_match	
"said:""mummy"	1						1	A1		no_match	
salon	1	NEW	salon	salono	drawing room, living room, parlor, salon, sitting room		1	A1	vizitĉambro	ok	
sandal	1	NEW	sandal	sandalo	sandal		1	A1	pantofleto	ok	
sap	1	LINK	suk	suko	gravy, juice, sap, pith		1	A1	kontraŭmini, sapei, subfosi	ok	
saunter	1	NEW	malrapidir	malrapidiri	to saunter		1	A1		ok	
scaredy	1						1	A1		no_match	
scariness	1						1	A1		no_match	
scourging	1						1	A1		no_match	
scrape	1	NEW	knar	knari	to creak, screech, grate, grind, scratch, squeak, scrape		1	A1	degrati, gratvundo, skrapi	ok	
"screamed,""help"	1						1	A1		no_match	
screech	1	NEW	knar	knari	to creak, screech, grate, grind, scratch, squeak, scrape		1	A1	kriĉi, kriĉo	ok	reclaimed from proper_noun — confirm not a name
scrunch	1	NEW	krakad	krakado	crunch, scrunch, grating noise, grinding noise, scratch, scratching, scraping, grating		1	A1	kraksoni	ok	
scuttle	1						1	A1		no_match	
secretly	1	LINK	kaŝ	kaŝe	clandestinely, secretly, by stealth		1	A1	kuŝe	ok	
securely	1						1	A1		no_match	
seize	1	NEW	rajp	rajpi	to bind, seize (up)		1	A1	ekkapti, ekkati, rekvizicii, sekvestri	ok	
selfie	1						1	A1		no_match	
selfishness	1	NEW	egoism	egoismo	egoism, self-interest, selfishness		1	A1	profitemo	ok	
seller	1	NEW	vendant	vendanto	seller, vendor		1	A1		ok	
sermon	1	NEW	predik	prediko	sermon		1	A1		ok	
server	1	NEW	servil	servilo	server		1	A1		ok	
shaky	1	NEW	nestarem	nestarema	shaky, rickety, wobbly, loose	nest+rem	1	A1		compound	
sharer	1	NEW	kundividant	kundividanto	sharer		1	A1	kunhaviganto, partprenanto	ok	
sheepishly	1						1	A1		no_match	
shoebox	1						1	A1		no_match	
shovels	1						1	A1		no_match	
shriek	1	NEW	krieg	kriegi	to bawl, roar, scream, shout, shriek, yell		1	A1		ok	
shrinker	1						1	A1		no_match	
shrunk	1						1	A1		no_match	
shyness	1	NEW	hontec	honteco	shyness		1	A1	sinĝeno, timeteco	ok	
sickness	1	NEW	malsan	malsano	ailment, disease, illness, malady, sickness		1	A1	malbonfarto	ok	
sideline	1	NEW	flankokup	flankokupo	hobby, sideline	flank+okup	1	A1	almarĝenigi	compound	
signature	1	NEW	subskrib	subskribo	signature		1	A1	identigaĵo	ok	
sillyness	1						1	A1		no_match	
silverware	1	NEW	arĝentar	arĝentaro	silverware		1	A1		ok	
simmer	1	NEW	stuf	stufi	to braise, simmer, stew		1	A1	boleti	ok	
skate	1	NEW	raj	rajo	ray, skate, stingray		1	A1	gliti, glitilo, glitkuri, glitkurilo, sketi	ok	
sketch	1	NEW	etud	etudo	etude, study, sketch		1	A1	desegni, krokizo, skeĉo, skizi, skizo	ok	
skillfully	1						1	A1		no_match	
slash	1	NEW	sabr	sabri	to hack, slash		1	A1	detranĉo, malaprobegi, sabrobati, suprenstreko, tranĉadi	ok	
sleepyhead	1	NEW	dormemul	dormemulo	sleepyhead, someone who likes to sleep	dorm+mul	1	A1		compound	
slim	1	NEW	graci	gracia	graceful, gracious, slender, slim		1	A1	svelta, sveltiĝadi	ok	
sloppy	1						1	A1		no_match	
slurp	1						1	A1		no_match	
sly	1	NEW	ruz	ruza	artful, crafty, sly, astute, clever, cunning, smart		1	A1	kaŝema	ok	
smelly-	1						1	A1		no_match	
smock	1	NEW	kazak	kazako	colors, smock		1	A1	kitelo	ok	
smooshy	1						1	A1		no_match	
smoother	1						1	A1		no_match	
smoothness	1						1	A1		no_match	
smug	1						1	A1		no_match	
snache	1						1	A1		no_match	
sneakily	1						1	A1		no_match	
snip	1	NEW	tondaĵ	tondaĵo	snip		1	A1	tondeti	ok	
snivel	1	NEW	ploret	ploreti	to snivel, whimper, whine		1	A1		ok	
snowstorm	1						1	A1		no_match	
snug	1	LINK	komfort	komforta	at ease, comfortable, cozy, snug		1	A1		ok	
solemnly	1	NEW	solen	solene	ceremoniously, solemnly		1	A1		ok	
solver	1						1	A1		no_match	
someplace	1	NEW	iulok	iuloke	anyplace, anywhere, someplace, somewhere		1	A1		ok	
soooooo	1						1	A1		no_match	
soot	1	NEW	fulg	fulgo	soot		1	A1		ok	
"sound,""thought"	1						1	A1		no_match	
sound-	1						1	A1		no_match	
spacesuit	1						1	A1		no_match	
spar	1	NEW	jard	jardo	yard (3 feet), spar		1	A1	mastaro, sparo, spato, stango, trejnboksi	ok	
speck	1	NEW	grajn	grajno	grain, granule, pip (of fruit), stone (of fruit), particle, speck, seed		1	A1	makuleto	ok	
spectacle	1	NEW	vidaĵ	vidaĵo	prospect, sight, view, spectacle, sight, parade, display, pageant, thing to see		1	A1	spektaklo	ok	
spew	1	NEW	ŝurc	ŝurci	to spurt, gush, spew		1	A1	elĵeti, ŝpurcflui	ok	
spikey	1						1	A1		no_match	
spine	1	NEW	dorn	dorno	thorn, prickle, spine		1	A1	spino, vertebraro	ok	
spiral	1	NEW	ŝraŭb	ŝraŭba	screw, spiral		1	A1	helikforma, spirala, spirali, spiralo	ok	
splatter	1	NEW	ŝprucetig	ŝprucetigi	to atomize, spatter, splatter, spray		1	A1		ok	
splendid	1	NEW	pomp	pompa	pompous, resplendent, showy, splendid		1	A1	belega, grandioza, superba	ok	
spot-	1						1	A1		no_match	
sprayer	1	NEW	aspergil	aspergilo	atomizer, sprayer		1	A1		ok	
springtime	1	LINK	printemp	printempo	spring, springtime		1	A1		ok	
sprinke	1						1	A1		no_match	
sprinkler	1	NEW	ŝprucigil	ŝprucigilo	sprinkler		1	A1	akvoŝprucilo	ok	
sprint	1	NEW	sprint	sprinti	to sprint		1	A1	sprinto	ok	
squat	1	NEW	kaŭr	kaŭri	to cower, crouch, squat, lurk		1	A1	dikkorpa, diktrunka, kalkansidi, kaŭriĝi, stumpa	ok	
squiggle	1	NEW	zigzaget	zigzageto	squiggle		1	A1		ok	
squirm	1						1	A1		no_match	
staircase	1	NEW	ŝtupar	ŝtuparo	staircase, stairs		1	A1		ok	
stallion	1	NEW	stalon	stalono	stallion		1	A1	ĉevalviro, virĉevalo	ok	
starry	1	NEW	stelplen	stelplena	starry, star-filled, full of stars	stel+plen	1	A1		compound	
starve	1	NEW	malnutr	malnutri	to starve		1	A1	malnutriĝi, malsategigi, malsatigi, malsatmorti	ok	
stash	1	NEW	kasaj	kasajo	stash, something hidden, something concealed		1	A1	stapli	ok	
steadily	1						1	A1		no_match	
steamy	1						1	A1		no_match	
stethoscope	1	NEW	stetoskop	stetoskopo	stethoscope		1	A1		ok	
stinky	1	NEW	stink	stinka	malodorous, smelly, stinking, stinky		1	A1		ok	
stirrer	1						1	A1		no_match	
stopper	1	NEW	kork	korko	cork, stopper		1	A1	ŝtopilo	ok	
strangely	1	NEW	bizar	bizare	bizarrely, strangely		1	A1	fremde	ok	reclaimed from proper_noun — confirm not a name
streak	1	NEW	strek	streki	to cross out, draw, make a stroke, draw a line, streak, trace		1	A1	streko	ok	
stretchy	1						1	A1		no_match	
strew	1	NEW	disĵet	disĵeti	to (broad)cast, scatter, strew		1	A1	dissterni, ĵetkovri, surŝuti	ok	
strive	1	NEW	penad	penadi	to strive		1	A1		ok	
stub	1	NEW	kupon	kupono	coupon, stub		1	A1	cigaredostumpo, stumpo, ŝtopaĵo	ok	
stuffy	1	NEW	filistr	filistra	stuffy, philistine		1	A1	malfreŝaera, premaera	ok	
stun	1	NEW	svenig	svenigi	to drug, intoxicate, stun, stupefy		1	A1	duonesvenigi, senkonsciigi	ok	
styling	1	NEW	stildifin	stildifino	styling, styles	stil+difin	1	A1		compound	
stylish	1	LINK	stil	stila	stylish		1	A1		ok	
suave	1						1	A1		no_match	
submerge	1	LINK	ban	bani	to bathe, rinse, wash (over), submerge		1	A1	mergiĝi, profundiĝi, subakvi, subakvigi, subirigi	ok	
subside	1	NEW	mallev	mallevi	to abate, lower, let down, subside		1	A1	kvietiĝi, malŝveli, malŝveligi	ok	
subtract	1	NEW	depren	depreni	to deduce, deduct, take away, take off, subtract		1	A1	elpreni, subtrahi	ok	
summertime	1						1	A1		no_match	
sunbathe	1						1	A1		no_match	
sunbeam	1	NEW	sunradi	sunradio	ray of the sun, sunbeam	sun+radi	1	A1		compound	
sunburnt	1						1	A1		no_match	
sunnier	1						1	A1		no_match	
suprise	1						1	A1		no_match	
surf	1	NEW	surf	surfi	to (web)surf		1	A1	foliumi, marŝaŭmo, ondofrapado, ondoresalto, paĝumi	ok	
surfer	1	NEW	retumant	retumanto	cybernaut, internaut, net user, surfer		1	A1	surfrajdanto	ok	
surge	1	NEW	hul	huli	to surge		1	A1	hulo, ondadi, ondego, ondiĝi, pliigo	ok	
surprised-	1						1	A1		no_match	
suspend	1	NEW	haltet	halteti	to sleep, suspend		1	A1	elpendigi, paŭzigi, pendigi, prokrasti, suspendi	ok	
suspiciously	1	LINK	suspekt	suspekte	suspiciously		1	A1		ok	
swarm	1	NEW	amas	amaso	accumulation, body, crowd, heap, mass, multitude, pile, swarm, hoard, mob, throng, troop		1	A1	kundividantaro, svarmi, svarmo	ok	
sweeter	1						1	A1		no_match	
swingset	1						1	A1		no_match	
swordfighte	1						1	A1		no_match	
sympathetically	1	NEW	kunsent	kunsente	sympathetically		1	A1	kondolence, simpatie	ok	
takin	1						1	A1		no_match	
tapestry	1	NEW	tapet	tapeto	tapestry, wall covering, wallpaper		1	A1	murtapiŝo	ok	
tart	1	NEW	acid	acida	acerbic, acid, sour, tart, acidic		1	A1	acerba, acideta, adstringa, agaca, agaciga	ok	
teary	1						1	A1		no_match	
teasier	1						1	A1		no_match	
tender	1	LINK	mol	mola	gentle, soft, tender, minor (music)		1	A1	adjudiko, aljuĝado, amema, dolĉa, laborenskribo	ok	
terror	1	NEW	teror	teroro	terror, reign of terror		1	A1	teruro	ok	
tester	1	NEW	testil	testilo	tester		1	A1	elprovilo, testisto	ok	
thaw	1	NEW	degel	degeli	to melt, thaw		1	A1	degelado, degeligi, degeliĝo, degelo, malfrostiĝi	ok	
thimble	1	NEW	koŝ	koŝo	thimble		1	A1	figringo, fingringo	ok	
things-	1						1	A1		no_match	
thinkin	1						1	A1		no_match	
thirst	1	LINK	soif	soifi	to be thirsty, thirst		1	A1	soifo	ok	
thistle	1	NEW	kard	kardo	thistle		1	A1		ok	
thorn	1	NEW	dorn	dorno	thorn, prickle, spine		1	A1		ok	
thoroughly	1	LINK	fund	funde	from A to Z, thoroughly		1	A1	ĝisfunde, ĝiskore, radikale	ok	
thoughtfully	1						1	A1		no_match	
thrive	1	LINK	vigl	vigli	to flourish, thrive		1	A1	prosperi	ok	
throne	1	NEW	tron	trono	throne		1	A1		ok	
thump	1	NEW	bateg	bategi	to belabor, maul, thrash, thump		1	A1	frapegi	ok	
thunderbolt	1	NEW	ekfulm	ekfulmo	flash, thunderbolt		1	A1		ok	
tighter	1						1	A1		no_match	
tightness	1	NEW	streĉitec	streĉiteco	tightness		1	A1		ok	
tile	1	NEW	kahel	kaheli	to tile		1	A1	kaheligi, kahelo, tegoleto, tegoli	ok	
timely	1	NEW	ĝustatemp	ĝustatempa	opportune, seasonable, timely, punctual		1	A1	ĝustatempe	ok	
tin	1	NEW	lad	lada	sheet metal, tin, tin plate		1	A1	ferlada, ferlado, ferskatolo, lado, ladskatolo	ok	
ting	1						1	A1		no_match	
tingly	1						1	A1		no_match	
tinkle	1	NEW	tint	tinti	to chink, clink, jingle, tinkle		1	A1	tintigi, tinto	ok	
tippy	1						1	A1		no_match	
tiptoes	1						1	A1		no_match	
toad	1	NEW	buf	bufo	toad		1	A1		ok	reclaimed from proper_noun — confirm not a name
toaster	1	NEW	panrostil	panrostilo	toaster	pan+rost	1	A1		compound	
toddle	1	NEW	paŝet	paŝeti	toddle, trip		1	A1		ok	
tokens	1						1	A1		no_match	
topping	1						1	A1		no_match	
topple	1	LINK	fal	fali	to drop, fall, topple		1	A1		ok	
tore	1						1	A1		no_match	
tow	1	LINK	tir	tiri	to drag, draw, haul, pull, tug, tow		1	A1	haŭli, posttreni, remorki, stupo, treni	ok	reclaimed from proper_noun — confirm not a name
traverse	1	LINK	trair	trairi	to cover, go through, pass through, perambulate, traverse		1	A1	trapasi, traverso	ok	
treasue	1						1	A1		no_match	
trek	1						1	A1		no_match	
trigger	1	NEW	ĉan	ĉano	hammer (of a gun), trigger		1	A1	baskulo, ekagigi, ekagilo, ekkaŭzi, ekruli	ok	
triumph	1	NEW	triumf	triumfi	to triumph		1	A1	triumfo	ok	
triumphant	1						1	A1		no_match	
trolley	1	NEW	trole	troleo	trolley		1	A1		ok	
troublesome	1	LINK	ĝen	ĝena	inconvenient, nasty, troublesome, troubling		1	A1	aflikta, embarasa, malfacila, trudiĝema, zorgiga	ok	
trundle	1	NEW	rulil	rulilo	roller, truckle, trundle		1	A1		ok	
truthful	1	NEW	verem	verema	truthful		1	A1		ok	
truthfully	1						1	A1		no_match	
tutu	1						1	A1		no_match	
twirly	1						1	A1		no_match	
ufo	1	NEW	nif	nifo	UFO		1	A1		ok	reclaimed from proper_noun — confirm not a name
ultimate	1	LINK	last	lasta	hindermost, last, ultimate		1	A1	finfina, kulmina, pintega, pleja, ultimata	ok	
unattended	1	NEW	senasist	senasista	unattended		1	A1		ok	
unbelievably	1						1	A1		no_match	
unclean	1	NEW	malpur	malpura	dirty, filthy, nasty, soiled, unclean, foul, impure		1	A1		ok	
undress	1	NEW	nudig	nudigi	to undress, strip (someone, something)		1	A1	malvesti, malvestiĝi, negliĝo, senvestigi, senvestiĝi	ok	
undye	1						1	A1		no_match	
unfreeze	1	NEW	malfrostig	malfrostigi	to unfreeze		1	A1		ok	
unhook	1	NEW	dekroĉ	dekroĉi	to unhook		1	A1	malkroĉi	ok	
unhooked	1						1	A1		no_match	
unicorns	1						1	A1		no_match	
unimportant	1	LINK	negrav	negrava	immaterial, unimportant		1	A1	malgrava	ok	
unity	1	LINK	unu	unuo	unit, element, unity		1	A1	unueco	ok	
unlucky	1	NEW	malbonŝanc	malbonŝanca	unlucky, unfortunate		1	A1		ok	
unnoticed	1	NEW	nerimarkit	nerimarkita	unnoticed		1	A1		ok	
unpackinng	1						1	A1		no_match	
unpleasantly	1						1	A1		no_match	
unstuck	1						1	A1		no_match	
unwind	1	NEW	disvolv	disvolvi	to develop, unwind		1	A1	elvolviĝi, malbobeni	ok	
unzip	1	NEW	malzip	malzipi	to unzip		1	A1	maldensigi, malkompaktigi	ok	
upside	1						1	A1		no_match	
upstream	1	NEW	kontraŭflu	kontraŭflua	upstream	kontraŭ+flu	1	A1	kontraŭflue	compound	
upwards	1	LINK	supr	supren	above, up, uphill, upwards, upstairs		1	A1	ĉielen	ok	
urgently	1	NEW	urĝ	urĝe	urgently		1	A1		ok	
utmost	1	LINK	ekstrem	ekstrema	extreme, utmost		1	A1	plejebla, plejeblo	ok	
vacuum	1	NEW	vaku	vakuo	vacuum		1	A1	malplenaĵo	ok	
vibrate	1	NEW	vibr	vibri	to vibrate, oscillate, thrill		1	A1		ok	
vibration	1	LINK	trem	tremo	quiver, quivering, vibration		1	A1	vibrado, vibro	ok	
victor	1	NEW	venkant	venkanto	conqueror, vanquisher, victor		1	A1	venkinto	ok	
vigorously	1						1	A1		no_match	
virtue	1	NEW	virt	virto	morality, vice, virtue		1	A1	bonkvaliteco, solideco	ok	
vivid	1	LINK	hel	hela	bright, brilliant, clear, light, vivid		1	A1	vivovera	ok	
void	1	NEW	vak	vaka	vacant, void		1	A1	dezerteco, malplena, malplenaĵo, malvalida, nuliga	ok	
voyage	1	LINK	vojaĝ	vojaĝi	to journey, travel, voyage		1	A1	navigacii, vojaĝo, vojiro	ok	
wade	1	LINK	vad	vadi	to wade		1	A1	akvotrairi	ok	
waggly	1						1	A1		no_match	
waggy	1						1	A1		no_match	
walkway	1						1	A1		no_match	
wary	1	LINK	atent	atenta	attentive, heedful, wary		1	A1	singardema	ok	
wasteful	1	NEW	malŝparem	malŝparema	extravagant, wasteful		1	A1		ok	
waver	1	NEW	tremet	tremeti	to quiver, shiver, waver, wince		1	A1	ŝanceli	ok	
weaken	1	NEW	adulter	adulteri	to adulterate, dilute, weaken		1	A1	malfortigi, malfortiĝi	ok	
weave	1	LINK	sinu	sinui	to meander, snake, weave		1	A1	teksaranĝo, teksi	ok	
webs	1						1	A1		no_match	
weed	1	NEW	sark	sarki	to hoe, weed, weed out		1	A1	fiherbo, herbaĉo, malbonherbo, trudherbo	ok	
wetness	1	NEW	akvec	akveco	wetness, moisture		1	A1	malsekeco	ok	
wetsuit	1						1	A1		no_match	
whack	1	NEW	bastonad	bastonadi	to beat, beat up, flog, thrash, whack		1	A1		ok	
whimper	1	NEW	aĥ	aĥi	to gasp, whimper		1	A1	ploreti, ploreto	ok	
whirl	1	NEW	kirl	kirli	to curl, froth, stir, whip, whirl		1	A1	siblado, turniĝadi	ok	
whirling	1						1	A1		no_match	
whirr	1	NEW	graŭl	graŭlo	whirr, whir, throb, hum, drone		1	A1		ok	
whiteboard	1						1	A1		no_match	
whiteness	1	NEW	blankec	blankeco	whiteness, white		1	A1		ok	
whoosh	1						1	A1		no_match	
width	1	LINK	larĝ	larĝo	width		1	A1	larĝeco	ok	
wildflower	1						1	A1		no_match	
willingness	1	LINK	vol	volo	will, willingness, wish		1	A1	preteco, volonteco	ok	
windmill	1	NEW	ventmuelil	ventmuelilo	windmill	vent+muel	1	A1	ventogeneratoro	compound	
wingbeat	1						1	A1		no_match	
wonderfully	1	NEW	mirind	mirinde	marvelously, wonderfully		1	A1		ok	
woo	1	NEW	amindum	amindumi	to court, woo		1	A1		ok	reclaimed from proper_noun — confirm not a name
woody	1	NEW	arbarriĉ	arbarriĉa	woody	arbar+riĉ	1	A1		compound	
wordless	1	NEW	senvort	senvorta	speechless, tacit, wordless, without words		1	A1	senparola	ok	
worriedly	1	NEW	zorgoplen	zorgoplene	full of worry, worriedly	zorg+plen	1	A1		compound	
worsen	1	NEW	pliaĉig	pliaĉigi	to worsen		1	A1	pliaĉiĝi	ok	
wrapper	1	LINK	ŝel	ŝelo	bark, husk, peel, shell, pod, rind, skin, wrapper		1	A1	kovrilo	ok	
wreck	1	NEW	pere	pereo	destruction, doom, downfall, fall, perdition, ruin, wreck		1	A1	abortigi, malsukcesigi, vrako	ok	
wriggle	1	NEW	tord	tordi	to contort, twist, warp, wind, wring, wriggle, sprain		1	A1	tordeti	ok	
y	1	NEW	ipsilon	ipsilono	upsilon, Y		1	A1		ok	reclaimed from proper_noun — confirm not a name
ya	1						1	A1		no_match	
yea	1	NEW	hur	hura	hurrah, hurray, yea		1	A1		ok	reclaimed from proper_noun — confirm not a name
yearn	1	NEW	avid	avidi	to be avid, covet, crave, lust, want greatly, desire, yearn (for)		1	A1	deziregi, sopiri	ok	
yip	1						1	A1		no_match	
yummies--	1						1	A1		no_match	
