en_lemma	decision	note	eo_root_override	eo_word_override	source	reason	ts
lily	accept	lilly flower			human	imported from xlsx column I	2026-07-04T21:49:54+00:00
mommy	accept	unclear translation (patrineto?)			human	imported from xlsx column I	2026-07-04T21:49:54+00:00
hug	accept				human	imported from xlsx column I	2026-07-04T21:49:54+00:00
jack	reject	brat boy			human	imported from xlsx column I	2026-07-04T21:49:54+00:00
anna	reject				human	imported from xlsx column I	2026-07-04T21:49:54+00:00
hop	accept				human	imported from xlsx column I	2026-07-04T21:49:54+00:00
nod	accept	unclear translation (signodoni?)			human	imported from xlsx column I	2026-07-04T21:49:54+00:00
rabbit	accept				human	imported from xlsx column I	2026-07-04T21:49:54+00:00
daisy	accept				human	imported from xlsx column I	2026-07-04T21:49:54+00:00
curious	accept	unclear translation (kurioza)			human	imported from xlsx column I	2026-07-04T21:49:54+00:00
sue	reject				human	imported from xlsx column I	2026-07-04T21:49:54+00:00
okay	accept				human	imported from xlsx column I	2026-07-04T21:49:54+00:00
daddy	accept				human	imported from xlsx column I	2026-07-04T21:49:54+00:00
bunny	accept	unclear translation: rabbit			human	imported from xlsx column I	2026-07-04T21:49:54+00:00
mama	accept	translation: mother dear			human	imported from xlsx column I	2026-07-04T21:49:54+00:00
puppy	accept	unclear translation: little dog			human	imported from xlsx column I	2026-07-04T21:49:54+00:00
fox	accept				human	imported from xlsx column I	2026-07-04T21:49:54+00:00
squirrel	accept				human	imported from xlsx column I	2026-07-04T21:49:54+00:00
owl	accept				human	imported from xlsx column I	2026-07-04T21:49:54+00:00
splash	accept	unclear translation (spruci)			human	imported from xlsx column I	2026-07-04T21:49:54+00:00
castle	accept	unclear translation (kastelo)			human	imported from xlsx column I	2026-07-04T21:49:54+00:00
skip	accept	multiple meanings (skip around, skip away, skip over, skip in, skip through…), including danceti			human	imported from xlsx column I	2026-07-04T21:49:54+00:00
monster	accept				human	imported from xlsx column I	2026-07-04T21:49:54+00:00
colorful	accept	unclear translation 			human	imported from xlsx column I	2026-07-04T21:49:54+00:00
kitty	accept	unclear eo translation (katido?)			human	imported from xlsx column I	2026-07-04T21:49:54+00:00
chase	accept	unclear translation			human	imported from xlsx column I	2026-07-04T21:49:54+00:00
cave	accept				human	imported from xlsx column I	2026-07-04T21:49:54+00:00
sunny	accept				human	imported from xlsx column I	2026-07-04T21:49:54+00:00
fairy	accept	unclear translation (feino)			human	imported from xlsx column I	2026-07-04T21:49:54+00:00
crayon	accept				human	imported from xlsx column I	2026-07-04T21:49:54+00:00
whistle	accept	unclear translation			human	imported from xlsx column I	2026-07-04T21:49:54+00:00
giggle	accept	unclear translation			human	imported from xlsx column I	2026-07-04T21:49:54+00:00
jog	accept	unclear translation			human	imported from xlsx column I	2026-07-04T21:49:54+00:00
kitten	accept	unclear eo translation (kateto?)			human	imported from xlsx column I	2026-07-04T21:49:54+00:00
cozy	accept				human	imported from xlsx column I	2026-07-04T21:49:54+00:00
sparkle	accept	unclear translation (brileto)			human	imported from xlsx column I	2026-07-04T21:49:54+00:00
peter	reject				human	imported from xlsx column I	2026-07-04T21:49:54+00:00
grandpa	accept	unclear translation			human	imported from xlsx column I	2026-07-04T21:49:54+00:00
roar	accept	unclear translation, maybe several meanings for Tier 1			human	imported from xlsx column I	2026-07-04T21:49:54+00:00
bark	accept	unclear eo translation (barko?)			human	imported from xlsx column I	2026-07-04T21:49:54+00:00
furry	accept	unclear translation: soft, bush-like			human	imported from xlsx column I	2026-07-04T21:49:54+00:00
peanut	accept				human	imported from xlsx column I	2026-07-04T21:49:54+00:00
zoom	accept	unclear translation: move			human	imported from xlsx column I	2026-07-04T21:49:54+00:00
jungle	accept				human	imported from xlsx column I	2026-07-04T21:49:54+00:00
sandy	accept	bad translation: lot of sand			human	imported from xlsx column I	2026-07-04T21:49:54+00:00
puzzle	accept				human	imported from xlsx column I	2026-07-04T21:49:54+00:00
mrs	accept				human	imported from xlsx column I	2026-07-04T21:49:54+00:00
ant	accept				human	imported from xlsx column I	2026-07-04T21:49:54+00:00
goat	accept				human	imported from xlsx column I	2026-07-04T21:49:54+00:00
mr	accept				human	imported from xlsx column I	2026-07-04T21:49:54+00:00
dependable	accept	translation: reliable			human	imported from xlsx column I	2026-07-04T21:49:54+00:00
papa	accept	translation: father dear (patreto)			human	imported from xlsx column I	2026-07-04T21:49:54+00:00
grace	accept	translation: elegantly			human	imported from xlsx column I	2026-07-04T21:49:54+00:00
pizza	accept				human	imported from xlsx column I	2026-07-04T21:49:54+00:00
caterpillar	accept	unclear translation			human	imported from xlsx column I	2026-07-04T21:49:54+00:00
sour	accept	translation: sour (acidigi?)			human	imported from xlsx column I	2026-07-04T21:49:54+00:00
mitten	accept				human	imported from xlsx column I	2026-07-04T21:49:54+00:00
bull	accept				human	imported from xlsx column I	2026-07-04T21:49:54+00:00
zip	accept	multiple meanings (movement, clothes, line etc.)			human	imported from xlsx column I	2026-07-04T21:49:54+00:00
clumsy	accept	translation: messy			human	imported from xlsx column I	2026-07-04T21:49:54+00:00
gem	accept				human	imported from xlsx column I	2026-07-04T21:49:54+00:00
honey	accept	sevral meanings: swettie, honeybee product			human	imported from xlsx column I	2026-07-04T21:49:54+00:00
tidy	accept	several meanings: tidy, tidy up			human	imported from xlsx column I	2026-07-04T21:49:54+00:00
cactus	accept				human	imported from xlsx column I	2026-07-04T21:49:54+00:00
comet	accept				human	imported from xlsx column I	2026-07-04T21:49:54+00:00
eager	accept				human	imported from xlsx column I	2026-07-04T21:49:54+00:00
icy	accept				human	imported from xlsx column I	2026-07-04T21:49:54+00:00
raven	accept				human	imported from xlsx column I	2026-07-04T21:49:54+00:00
bloom	accept	translation: blossom			human	imported from xlsx column I	2026-07-04T21:49:54+00:00
chirp	accept				human	imported from xlsx column I	2026-07-04T21:49:54+00:00
buzz	accept				human	imported from xlsx column I	2026-07-04T21:49:54+00:00
smith	accept				human	imported from xlsx column I	2026-07-04T21:49:54+00:00
mighty	accept	translation: big			human	imported from xlsx column I	2026-07-04T21:49:54+00:00
olive	accept				human	imported from xlsx column I	2026-07-04T21:49:54+00:00
fin	postpone				human	imported from xlsx column I	2026-07-04T21:49:54+00:00
henry	reject				human	imported from xlsx column I	2026-07-04T21:49:54+00:00
kayak	accept				human	imported from xlsx column I	2026-07-04T21:49:54+00:00
poppy	accept	translation: flower poppy			human	imported from xlsx column I	2026-07-04T21:49:54+00:00
ignorant	accept	translation: uneducated			human	imported from xlsx column I	2026-07-04T21:49:54+00:00
jet	accept	translation: jet plane			human	imported from xlsx column I	2026-07-04T21:49:54+00:00
jewel	accept				human	imported from xlsx column I	2026-07-04T21:49:54+00:00
surrender	accept	translation: give up			human	imported from xlsx column I	2026-07-04T21:49:54+00:00
clown	accept				human	imported from xlsx column I	2026-07-04T21:49:54+00:00
flute	accept				human	imported from xlsx column I	2026-07-04T21:49:54+00:00
pit	accept				human	imported from xlsx column I	2026-07-04T21:49:54+00:00
pole	accept	translation: hole in the ground			human	imported from xlsx column I	2026-07-04T21:49:54+00:00
hippo	accept				human	imported from xlsx column I	2026-07-04T21:49:54+00:00
turtle	accept				human	imported from xlsx column I	2026-07-04T21:49:54+00:00
chubby	accept	translation: fatty, not thin			human	imported from xlsx column I	2026-07-04T21:49:54+00:00
cone	accept				human	imported from xlsx column I	2026-07-04T21:49:54+00:00
crack	accept	several meanings: sound, a split/crack, a process of breaking			human	imported from xlsx column I	2026-07-04T21:49:54+00:00
sweetheart	accept	meaning: dear			human	imported from xlsx column I	2026-07-04T21:49:54+00:00
frank	reject				human	imported from xlsx column I	2026-07-04T21:49:54+00:00
mushroom	accept				human	imported from xlsx column I	2026-07-04T21:49:54+00:00
sweetie	accept	meaning: dear			human	imported from xlsx column I	2026-07-04T21:49:54+00:00
volcano	accept				human	imported from xlsx column I	2026-07-04T21:49:54+00:00
velvet	accept				human	imported from xlsx column I	2026-07-04T21:49:54+00:00
tuna	accept				human	imported from xlsx column I	2026-07-04T21:49:54+00:00
harbor	accept				human	imported from xlsx column I	2026-07-04T21:49:54+00:00
spike	accept				human	imported from xlsx column I	2026-07-04T21:49:54+00:00
snap	accept				human	imported from xlsx column I	2026-07-04T21:49:54+00:00
laser	accept	translation: (lasero)			human	imported from xlsx column I	2026-07-04T21:49:54+00:00
meow	accept				human	imported from xlsx column I	2026-07-04T21:49:54+00:00
pigeon	accept	translation (kolombo)			human	imported from xlsx column I	2026-07-04T21:49:54+00:00
rat	accept				human	imported from xlsx column I	2026-07-04T21:49:54+00:00
hay	accept				human	imported from xlsx column I	2026-07-04T21:49:54+00:00
beep	accept				human	imported from xlsx column I	2026-07-04T21:49:54+00:00
ow	accept	translation: ouch			human	imported from xlsx column I	2026-07-04T21:49:54+00:00
squash	accept				human	imported from xlsx column I	2026-07-04T21:49:54+00:00
faucet	accept				human	imported from xlsx column I	2026-07-04T21:49:54+00:00
goose	accept				human	imported from xlsx column I	2026-07-04T21:49:54+00:00
snowy	accept				human	imported from xlsx column I	2026-07-04T21:49:54+00:00
blackboard	accept	translation: board (tabulo)			human	imported from xlsx column I	2026-07-04T21:49:54+00:00
distant	accept				human	imported from xlsx column I	2026-07-04T21:49:54+00:00
leopard	accept				human	imported from xlsx column I	2026-07-04T21:49:54+00:00
pup	accept				human	imported from xlsx column I	2026-07-04T21:49:54+00:00
zigzag	accept				human	imported from xlsx column I	2026-07-04T21:49:54+00:00
lemonade	accept				human	imported from xlsx column I	2026-07-04T21:49:54+00:00
loop	accept	traslation: (buklo)			human	imported from xlsx column I	2026-07-04T21:49:54+00:00
awe	accept	translation: in awe			human	imported from xlsx column I	2026-07-04T21:49:54+00:00
pine	accept				human	imported from xlsx column I	2026-07-04T21:49:54+00:00
sunflower	accept				human	imported from xlsx column I	2026-07-04T21:49:54+00:00
yogurt	accept				human	imported from xlsx column I	2026-07-04T21:49:54+00:00
boo	accept				human	imported from xlsx column I	2026-07-04T21:49:54+00:00
peach	accept				human	imported from xlsx column I	2026-07-04T21:49:54+00:00
tweet	accept				human	imported from xlsx column I	2026-07-04T21:49:54+00:00
hut	accept				human	imported from xlsx column I	2026-07-04T21:49:54+00:00
rod	accept				human	imported from xlsx column I	2026-07-04T21:49:54+00:00
kangaroo	accept				human	imported from xlsx column I	2026-07-04T21:49:54+00:00
deaf	accept				human	imported from xlsx column I	2026-07-04T21:49:54+00:00
hiding	accept				human	imported from xlsx column I	2026-07-04T21:49:54+00:00
igloo	accept				human	imported from xlsx column I	2026-07-04T21:49:54+00:00
lime	accept				human	imported from xlsx column I	2026-07-04T21:49:54+00:00
pat	accept				human	imported from xlsx column I	2026-07-04T21:49:54+00:00
copper	accept				human	imported from xlsx column I	2026-07-04T21:49:54+00:00
gorilla	accept				human	imported from xlsx column I	2026-07-04T21:49:54+00:00
jerry	reject	did not find a single use in texts			human	imported from xlsx column I	2026-07-04T21:49:54+00:00
skeleton	accept				human	imported from xlsx column I	2026-07-04T21:49:54+00:00
bang	accept				human	imported from xlsx column I	2026-07-04T21:49:54+00:00
fuzzy	accept				human	imported from xlsx column I	2026-07-04T21:49:54+00:00
granny	accept				human	imported from xlsx column I	2026-07-04T21:49:54+00:00
twinkle	accept				human	imported from xlsx column I	2026-07-04T21:49:54+00:00
unite	accept	translation: to unite			human	imported from xlsx column I	2026-07-04T21:49:54+00:00
veterinarian	accept				human	imported from xlsx column I	2026-07-04T21:49:54+00:00
screw	accept	(sraubo)			human	imported from xlsx column I	2026-07-04T21:49:54+00:00
luckily	accept				human	imported from xlsx column I	2026-07-04T21:49:54+00:00
pancake	accept				human	imported from xlsx column I	2026-07-04T21:49:54+00:00
ouch	accept	translation : ow			human	imported from xlsx column I	2026-07-04T21:49:54+00:00
bulb	accept	translation: lamp [used to be wolfram bulb, now LED lamp]			human	imported from xlsx column I	2026-07-04T21:49:54+00:00
crystal	accept				human	imported from xlsx column I	2026-07-04T21:49:54+00:00
floppy	accept	translation: flexible			human	imported from xlsx column I	2026-07-04T21:49:54+00:00
mug	accept				human	imported from xlsx column I	2026-07-04T21:49:54+00:00
bun	reject				human	imported from xlsx column I	2026-07-04T21:49:54+00:00
elf	accept				human	imported from xlsx column I	2026-07-04T21:49:54+00:00
whisker	accept				human	imported from xlsx column I	2026-07-04T21:49:54+00:00
curiosity	accept	translation: (kuriozajo)			human	imported from xlsx column I	2026-07-04T21:49:54+00:00
ladybug	accept	translation: ladybug beetle			human	imported from xlsx column I	2026-07-04T21:49:54+00:00
melody	accept				human	imported from xlsx column I	2026-07-04T21:49:54+00:00
flora	accept				human	imported from xlsx column I	2026-07-04T21:49:54+00:00
parrot	accept				human	imported from xlsx column I	2026-07-04T21:49:54+00:00
rob	accept				human	imported from xlsx column I	2026-07-04T21:49:54+00:00
rover	accept				human	imported from xlsx column I	2026-07-04T21:49:54+00:00
holly	accept	translation (sanktaj)			human	imported from xlsx column I	2026-07-04T21:49:54+00:00
nectar	accept				human	imported from xlsx column I	2026-07-04T21:49:54+00:00
nutty	accept				human	imported from xlsx column I	2026-07-04T21:49:54+00:00
rusty	accept				human	imported from xlsx column I	2026-07-04T21:49:54+00:00
shannon	reject				human	imported from xlsx column I	2026-07-04T21:49:54+00:00
snail	accept				human	imported from xlsx column I	2026-07-04T21:49:54+00:00
temple	accept				human	imported from xlsx column I	2026-07-04T21:49:54+00:00
brownie	accept	translation: brown cake			human	imported from xlsx column I	2026-07-04T21:49:54+00:00
bumpy	accept	several translations: round shape,  ball jumpy, not smooth			human	imported from xlsx column I	2026-07-04T21:49:54+00:00
ginger	accept	translation: red hair (rugaj)			human	imported from xlsx column I	2026-07-04T21:49:54+00:00
maya	reject				human	imported from xlsx column I	2026-07-04T21:49:54+00:00
nick	reject				human	imported from xlsx column I	2026-07-04T21:49:54+00:00
noon	accept				human	imported from xlsx column I	2026-07-04T21:49:54+00:00
ashtray	accept				human	imported from xlsx column I	2026-07-04T21:49:54+00:00
bin	accept				human	imported from xlsx column I	2026-07-04T21:49:54+00:00
crow	accept				human	imported from xlsx column I	2026-07-04T21:49:54+00:00
navy	accept	two meanings: color navy, fleet navy			human	imported from xlsx column I	2026-07-04T21:49:54+00:00
pippin	reject				human	imported from xlsx column I	2026-07-04T21:49:54+00:00
strip	accept	translation: strip of something - fabric, flag, grass, paper (strio)			human	imported from xlsx column I	2026-07-04T21:49:54+00:00
willow	accept	translation: willow tree			human	imported from xlsx column I	2026-07-04T21:49:54+00:00
wizard	accept	translation: magic man (sorcisto)			human	imported from xlsx column I	2026-07-04T21:49:54+00:00
awake	accept				human	imported from xlsx column I	2026-07-04T21:49:54+00:00
bongo	accept	translation: drum			human	imported from xlsx column I	2026-07-04T21:49:54+00:00
pinky	accept				human	imported from xlsx column I	2026-07-04T21:49:54+00:00
ruby	accept				human	imported from xlsx column I	2026-07-04T21:49:54+00:00
speedy	accept				human	imported from xlsx column I	2026-07-04T21:49:54+00:00
startle	accept	translation: (konsternis, konsterno, konsternita)			human	imported from xlsx column I	2026-07-04T21:49:54+00:00
acceptor	accept	?			human	imported from xlsx column I	2026-07-04T21:49:54+00:00
maple	accept				human	imported from xlsx column I	2026-07-04T21:49:54+00:00
mosquito	accept	translation (moskito)			human	imported from xlsx column I	2026-07-04T21:49:54+00:00
pudding	accept				human	imported from xlsx column I	2026-07-04T21:49:54+00:00
beaver	accept	translation (kastoro)			human	imported from xlsx column I	2026-07-04T21:49:54+00:00
buddy	accept				human	imported from xlsx column I	2026-07-04T21:49:54+00:00
buggy	accept	translation (cimo)			human	imported from xlsx column I	2026-07-04T21:49:54+00:00
carol	accept				human	imported from xlsx column I	2026-07-04T21:49:54+00:00
kin	accept				human	imported from xlsx column I	2026-07-04T21:49:54+00:00
shoo	accept	translation: shoo away			human	imported from xlsx column I	2026-07-04T21:49:54+00:00
ana	reject				human	imported from xlsx column I	2026-07-04T21:49:54+00:00
auntie	accept	translation (onklino)			human	imported from xlsx column I	2026-07-04T21:49:54+00:00
chad	reject				human	imported from xlsx column I	2026-07-04T21:49:54+00:00
jasmine	reject				human	imported from xlsx column I	2026-07-04T21:49:54+00:00
moo	accept				human	imported from xlsx column I	2026-07-04T21:49:54+00:00
porcupine	accept				human	imported from xlsx column I	2026-07-04T21:49:54+00:00
robin	accept				human	imported from xlsx column I	2026-07-04T21:49:54+00:00
spanish	reject	should be Tier 2			human	imported from xlsx column I	2026-07-04T21:49:54+00:00
squeaky	accept				human	imported from xlsx column I	2026-07-04T21:49:54+00:00
brad	reject				human	imported from xlsx column I	2026-07-04T21:49:54+00:00
caw	accept				human	imported from xlsx column I	2026-07-04T21:49:54+00:00
coo	accept	translation: - sound of a bird			human	imported from xlsx column I	2026-07-04T21:49:54+00:00
granddad	accept	? (avo)			human	imported from xlsx column I	2026-07-04T21:49:54+00:00
granddaughter	accept				human	imported from xlsx column I	2026-07-04T21:49:54+00:00
jay	reject				human	imported from xlsx column I	2026-07-04T21:49:54+00:00
doll	accept				human	imported from xlsx column I	2026-07-04T21:49:54+00:00
bug	accept	translation: beetle			human	imported from xlsx column I	2026-07-04T21:49:54+00:00
swing	accept				human	imported from xlsx column I	2026-07-04T21:49:54+00:00
pond	accept				human	imported from xlsx column I	2026-07-04T21:49:54+00:00
magical	accept				human	imported from xlsx column I	2026-07-04T21:49:54+00:00
clap	accept				human	imported from xlsx column I	2026-07-04T21:49:54+00:00
duck	accept				human	imported from xlsx column I	2026-07-04T21:49:54+00:00
cheer	accept	translation (hurai)			human	imported from xlsx column I	2026-07-04T21:49:54+00:00
balloon	accept				human	imported from xlsx column I	2026-07-04T21:49:54+00:00
treasure	accept	(trezoro)			human	imported from xlsx column I	2026-07-04T21:49:54+00:00
nearby	accept	[nearby tree, nearby shop, nearby park]			human	imported from xlsx column I	2026-07-04T21:49:54+00:00
dragon	accept				human	imported from xlsx column I	2026-07-04T21:49:54+00:00
relieve	accept	calmed (trankviligita)			human	imported from xlsx column I	2026-07-04T21:49:54+00:00
bucket	accept				human	imported from xlsx column I	2026-07-04T21:49:54+00:00
spin	accept	spinning, spin around: (spino)			human	imported from xlsx column I	2026-07-04T21:49:54+00:00
snack	accept	few bites of food (mangeto)			human	imported from xlsx column I	2026-07-04T21:49:54+00:00
kite	accept				human	imported from xlsx column I	2026-07-04T21:49:54+00:00
blanket	accept	bed blanket, picnic blanket: (kovrilo)			human	imported from xlsx column I	2026-07-04T21:49:54+00:00
backyard	accept	backyard			human	imported from xlsx column I	2026-07-04T21:49:54+00:00
naughty	accept				human	imported from xlsx column I	2026-07-04T21:49:54+00:00
nap	accept	(dormeto)			human	imported from xlsx column I	2026-07-04T21:49:54+00:00
yell	accept				human	imported from xlsx column I	2026-07-04T21:49:54+00:00
delight	accept	(gojo)			human	imported from xlsx column I	2026-07-04T21:49:54+00:00
bow	accept	several meanings: bow and arrow, bow down			human	imported from xlsx column I	2026-07-04T21:49:54+00:00
tasty	accept	tasty (bongusta)			human	imported from xlsx column I	2026-07-04T21:49:54+00:00
basket	accept				human	imported from xlsx column I	2026-07-04T21:49:54+00:00
sack	accept				human	imported from xlsx column I	2026-07-04T21:49:54+00:00
bounce	accept	jump (salto)			human	imported from xlsx column I	2026-07-04T21:49:54+00:00
crawl	accept				human	imported from xlsx column I	2026-07-04T21:49:54+00:00
lovely	accept	nice (bela, belo, carma)			human	imported from xlsx column I	2026-07-04T21:49:54+00:00
cute	accept	cute boy (dolce knabo)			human	imported from xlsx column I	2026-07-04T21:49:54+00:00
puddle	accept	dog puddle			human	imported from xlsx column I	2026-07-04T21:49:54+00:00
meadow	accept				human	imported from xlsx column I	2026-07-04T21:49:54+00:00
jar	accept				human	imported from xlsx column I	2026-07-04T21:49:54+00:00
peek	accept				human	imported from xlsx column I	2026-07-04T21:49:54+00:00
picnic	accept				human	imported from xlsx column I	2026-07-04T21:49:54+00:00
playground	accept				human	imported from xlsx column I	2026-07-04T21:49:54+00:00
angel	accept				human	imported from xlsx column I	2026-07-04T21:49:54+00:00
gently	accept	(gentile)			human	imported from xlsx column I	2026-07-04T21:49:54+00:00
stir	accept	stir the sup (kirlu la supon)			human	imported from xlsx column I	2026-07-04T21:49:54+00:00
wander	accept				human	imported from xlsx column I	2026-07-04T21:49:54+00:00
nest	accept	(nesto)			human	imported from xlsx column I	2026-07-04T21:49:54+00:00
tightly	accept	hugged tightly			human	imported from xlsx column I	2026-07-04T21:49:54+00:00
berry	accept				human	imported from xlsx column I	2026-07-04T21:49:54+00:00
tiger	accept				human	imported from xlsx column I	2026-07-04T21:49:54+00:00
sigh	accept	(suspiro)			human	imported from xlsx column I	2026-07-04T21:49:54+00:00
couch	accept	(sofo, divano, kanapo, kusejo)			human	imported from xlsx column I	2026-07-04T21:49:54+00:00
smelly	accept				human	imported from xlsx column I	2026-07-04T21:49:54+00:00
wipe	accept				human	imported from xlsx column I	2026-07-04T21:49:54+00:00
jealous	accept				human	imported from xlsx column I	2026-07-04T21:49:54+00:00
shore	accept				human	imported from xlsx column I	2026-07-04T21:49:54+00:00
selfish	accept				human	imported from xlsx column I	2026-07-04T21:49:54+00:00
wagon	accept				human	imported from xlsx column I	2026-07-04T21:49:54+00:00
ladder	accept				human	imported from xlsx column I	2026-07-04T21:49:54+00:00
paw	accept	(piedo)			human	imported from xlsx column I	2026-07-04T21:49:54+00:00
rocket	accept	(raketo)			human	imported from xlsx column I	2026-07-04T21:49:54+00:00
sleepy	accept				human	imported from xlsx column I	2026-07-04T21:49:54+00:00
thankful	accept				human	imported from xlsx column I	2026-07-04T21:49:54+00:00
glow	accept				human	imported from xlsx column I	2026-07-04T21:49:54+00:00
tag	accept	game of tag (etikedo)			human	imported from xlsx column I	2026-07-04T21:49:54+00:00
bench	accept				human	imported from xlsx column I	2026-07-04T21:49:54+00:00
clay	accept	play with clay (argilo)			human	imported from xlsx column I	2026-07-04T21:49:54+00:00
frustrate	accept	was frustrated (estis frustrita)			human	imported from xlsx column I	2026-07-04T21:49:54+00:00
wag	accept	dag tail wagged (svingado)			human	imported from xlsx column I	2026-07-04T21:49:54+00:00
chew	accept				human	imported from xlsx column I	2026-07-04T21:49:54+00:00
brightly	accept	sun shined brightly			human	imported from xlsx column I	2026-07-04T21:49:54+00:00
arrow	accept				human	imported from xlsx column I	2026-07-04T21:49:54+00:00
candle	accept				human	imported from xlsx column I	2026-07-04T21:49:54+00:00
messy	accept	room was messy			human	imported from xlsx column I	2026-07-04T21:49:54+00:00
ruin	accept	ruin their celebration (ruinigi)			human	imported from xlsx column I	2026-07-04T21:49:54+00:00
frown	accept				human	imported from xlsx column I	2026-07-04T21:49:54+00:00
turkey	accept				human	imported from xlsx column I	2026-07-04T21:49:54+00:00
bald	accept	bald man			human	imported from xlsx column I	2026-07-04T21:49:54+00:00
lick	accept				human	imported from xlsx column I	2026-07-04T21:49:54+00:00
stumble	accept				human	imported from xlsx column I	2026-07-04T21:49:54+00:00
accidentally	accept				human	imported from xlsx column I	2026-07-04T21:49:54+00:00
adventurous	accept	She was very adventurous and liked to explore (adventurema)			human	imported from xlsx column I	2026-07-04T21:49:54+00:00
crown	accept				human	imported from xlsx column I	2026-07-04T21:49:54+00:00
dolphin	accept				human	imported from xlsx column I	2026-07-04T21:49:54+00:00
lizard	accept				human	imported from xlsx column I	2026-07-04T21:49:54+00:00
maze	accept				human	imported from xlsx column I	2026-07-04T21:49:54+00:00
obedient	accept				human	imported from xlsx column I	2026-07-04T21:49:54+00:00
sneeze	accept				human	imported from xlsx column I	2026-07-04T21:49:54+00:00
octopus	accept				human	imported from xlsx column I	2026-07-04T21:49:54+00:00
barber	accept				human	imported from xlsx column I	2026-07-04T21:49:54+00:00
dinosaur	accept				human	imported from xlsx column I	2026-07-04T21:49:54+00:00
dizzy	accept				human	imported from xlsx column I	2026-07-04T21:49:54+00:00
log	accept				human	imported from xlsx column I	2026-07-04T21:49:54+00:00
pirate	accept				human	imported from xlsx column I	2026-07-04T21:49:54+00:00
hive	accept	several meanings: It was shaped differently than his hive and it had some interesting patterns painted on it; A honeybee was living inside the hive and was very happy.The little bee had a home called a hive.			human	imported from xlsx column I	2026-07-04T21:49:54+00:00
soar	accept				human	imported from xlsx column I	2026-07-04T21:49:54+00:00
violin	accept				human	imported from xlsx column I	2026-07-04T21:49:54+00:00
cherry	accept				human	imported from xlsx column I	2026-07-04T21:49:54+00:00
pillow	accept				human	imported from xlsx column I	2026-07-04T21:49:54+00:00
delicate	accept	Several meanings: noticed a delicate little box (delikatan); He especially enjoyed listening and learning about the delicate way of life. 			human	imported from xlsx column I	2026-07-04T21:49:54+00:00
exclaim	accept	Excited, he exclaimed out loud			human	imported from xlsx column I	2026-07-04T21:49:54+00:00
sunshine	accept				human	imported from xlsx column I	2026-07-04T21:49:54+00:00
superhero	accept				human	imported from xlsx column I	2026-07-04T21:49:54+00:00
angrily	postpone				human	imported from xlsx column I	2026-07-04T21:49:54+00:00
apologise	postpone				human	imported from xlsx column I	2026-07-04T21:49:54+00:00
astonish	postpone				human	imported from xlsx column I	2026-07-04T21:49:54+00:00
bakery	postpone				human	imported from xlsx column I	2026-07-04T21:49:54+00:00
belonging	postpone				human	imported from xlsx column I	2026-07-04T21:49:54+00:00
bleed	postpone				human	imported from xlsx column I	2026-07-04T21:49:54+00:00
bog	postpone				human	imported from xlsx column I	2026-07-04T21:49:54+00:00
bookmark	postpone				human	imported from xlsx column I	2026-07-04T21:49:54+00:00
braver	postpone				human	imported from xlsx column I	2026-07-04T21:49:54+00:00
bubbly	postpone				human	imported from xlsx column I	2026-07-04T21:49:54+00:00
bud	postpone				human	imported from xlsx column I	2026-07-04T21:49:54+00:00
builder	postpone				human	imported from xlsx column I	2026-07-04T21:49:54+00:00
bushy	postpone				human	imported from xlsx column I	2026-07-04T21:49:54+00:00
caution	postpone				human	imported from xlsx column I	2026-07-04T21:49:54+00:00
chatter	postpone				human	imported from xlsx column I	2026-07-04T21:49:54+00:00
cheetah	postpone				human	imported from xlsx column I	2026-07-04T21:49:54+00:00
chilly	postpone				human	imported from xlsx column I	2026-07-04T21:49:54+00:00
clover	postpone				human	imported from xlsx column I	2026-07-04T21:49:54+00:00
clutch	postpone				human	imported from xlsx column I	2026-07-04T21:49:54+00:00
compass	postpone				human	imported from xlsx column I	2026-07-04T21:49:54+00:00
compliment	postpone				human	imported from xlsx column I	2026-07-04T21:49:54+00:00
confusion	postpone				human	imported from xlsx column I	2026-07-04T21:49:54+00:00
cord	postpone				human	imported from xlsx column I	2026-07-04T21:49:54+00:00
cosy	postpone				human	imported from xlsx column I	2026-07-04T21:49:54+00:00
cowboy	postpone				human	imported from xlsx column I	2026-07-04T21:49:54+00:00
crunch	postpone				human	imported from xlsx column I	2026-07-04T21:49:54+00:00
disappointment	postpone				human	imported from xlsx column I	2026-07-04T21:49:54+00:00
dodge	postpone				human	imported from xlsx column I	2026-07-04T21:49:54+00:00
dreammaker	postpone				human	imported from xlsx column I	2026-07-04T21:49:54+00:00
embarrassment	postpone				human	imported from xlsx column I	2026-07-04T21:49:54+00:00
energetic	postpone				human	imported from xlsx column I	2026-07-04T21:49:54+00:00
flop	postpone				human	imported from xlsx column I	2026-07-04T21:49:54+00:00
foal	postpone				human	imported from xlsx column I	2026-07-04T21:49:54+00:00
fondly	postpone				human	imported from xlsx column I	2026-07-04T21:49:54+00:00
foreshadow	postpone				human	imported from xlsx column I	2026-07-04T21:49:54+00:00
gator	postpone				human	imported from xlsx column I	2026-07-04T21:49:54+00:00
gesture	postpone				human	imported from xlsx column I	2026-07-04T21:49:54+00:00
gladly	postpone				human	imported from xlsx column I	2026-07-04T21:49:54+00:00
grumble	postpone				human	imported from xlsx column I	2026-07-04T21:49:54+00:00
guardian	postpone				human	imported from xlsx column I	2026-07-04T21:49:54+00:00
handkerchief	postpone				human	imported from xlsx column I	2026-07-04T21:49:54+00:00
hatch	postpone				human	imported from xlsx column I	2026-07-04T21:49:54+00:00
hedgehog	postpone				human	imported from xlsx column I	2026-07-04T21:49:54+00:00
hideout	postpone				human	imported from xlsx column I	2026-07-04T21:49:54+00:00
hind	postpone				human	imported from xlsx column I	2026-07-04T21:49:54+00:00
hip	postpone				human	imported from xlsx column I	2026-07-04T21:49:54+00:00
hungrily	postpone				human	imported from xlsx column I	2026-07-04T21:49:54+00:00
icicle	postpone				human	imported from xlsx column I	2026-07-04T21:49:54+00:00
juggle	postpone				human	imported from xlsx column I	2026-07-04T21:49:54+00:00
kit	postpone				human	imported from xlsx column I	2026-07-04T21:49:54+00:00
leap	postpone				human	imported from xlsx column I	2026-07-04T21:49:54+00:00
maid	postpone				human	imported from xlsx column I	2026-07-04T21:49:54+00:00
mesmerize	postpone				human	imported from xlsx column I	2026-07-04T21:49:54+00:00
miracle	postpone				human	imported from xlsx column I	2026-07-04T21:49:54+00:00
mischievous	postpone				human	imported from xlsx column I	2026-07-04T21:49:54+00:00
overcome	postpone				human	imported from xlsx column I	2026-07-04T21:49:54+00:00
overhead	postpone				human	imported from xlsx column I	2026-07-04T21:49:54+00:00
peak	postpone				human	imported from xlsx column I	2026-07-04T21:49:54+00:00
peep	postpone				human	imported from xlsx column I	2026-07-04T21:49:54+00:00
pepperoni	postpone				human	imported from xlsx column I	2026-07-04T21:49:54+00:00
playroom	postpone				human	imported from xlsx column I	2026-07-04T21:49:54+00:00
plop	postpone				human	imported from xlsx column I	2026-07-04T21:49:54+00:00
plug	postpone				human	imported from xlsx column I	2026-07-04T21:49:54+00:00
pod	postpone				human	imported from xlsx column I	2026-07-04T21:49:54+00:00
polar	postpone				human	imported from xlsx column I	2026-07-04T21:49:54+00:00
pro	postpone				human	imported from xlsx column I	2026-07-04T21:49:54+00:00
quieter	postpone				human	imported from xlsx column I	2026-07-04T21:49:54+00:00
raincoat	postpone				human	imported from xlsx column I	2026-07-04T21:49:54+00:00
rejoice	postpone				human	imported from xlsx column I	2026-07-04T21:49:54+00:00
roam	postpone				human	imported from xlsx column I	2026-07-04T21:49:54+00:00
robber	postpone				human	imported from xlsx column I	2026-07-04T21:49:54+00:00
rooster	postpone				human	imported from xlsx column I	2026-07-04T21:49:54+00:00
ruffle	postpone				human	imported from xlsx column I	2026-07-04T21:49:54+00:00
scramble	postpone				human	imported from xlsx column I	2026-07-04T21:49:54+00:00
scribble	postpone				human	imported from xlsx column I	2026-07-04T21:49:54+00:00
seatbelt	postpone				human	imported from xlsx column I	2026-07-04T21:49:54+00:00
slither	postpone				human	imported from xlsx column I	2026-07-04T21:49:54+00:00
smash	postpone				human	imported from xlsx column I	2026-07-04T21:49:54+00:00
snooze	postpone				human	imported from xlsx column I	2026-07-04T21:49:54+00:00
sob	postpone				human	imported from xlsx column I	2026-07-04T21:49:54+00:00
soften	postpone				human	imported from xlsx column I	2026-07-04T21:49:54+00:00
sprout	postpone				human	imported from xlsx column I	2026-07-04T21:49:54+00:00
squawk	postpone				human	imported from xlsx column I	2026-07-04T21:49:54+00:00
squishy	postpone				human	imported from xlsx column I	2026-07-04T21:49:54+00:00
stalk	postpone				human	imported from xlsx column I	2026-07-04T21:49:54+00:00
stern	postpone				human	imported from xlsx column I	2026-07-04T21:49:54+00:00
stormy	postpone				human	imported from xlsx column I	2026-07-04T21:49:54+00:00
strum	postpone				human	imported from xlsx column I	2026-07-04T21:49:54+00:00
sunscreen	postpone				human	imported from xlsx column I	2026-07-04T21:49:54+00:00
swimsuit	postpone				human	imported from xlsx column I	2026-07-04T21:49:54+00:00
tablecloth	postpone				human	imported from xlsx column I	2026-07-04T21:49:54+00:00
tempt	postpone				human	imported from xlsx column I	2026-07-04T21:49:54+00:00
thud	postpone				human	imported from xlsx column I	2026-07-04T21:49:54+00:00
tidying	postpone				human	imported from xlsx column I	2026-07-04T21:49:54+00:00
timer	postpone				human	imported from xlsx column I	2026-07-04T21:49:54+00:00
toss	postpone				human	imported from xlsx column I	2026-07-04T21:49:54+00:00
trot	postpone				human	imported from xlsx column I	2026-07-04T21:49:54+00:00
twitch	postpone				human	imported from xlsx column I	2026-07-04T21:49:54+00:00
underwater	postpone				human	imported from xlsx column I	2026-07-04T21:49:54+00:00
unkind	postpone				human	imported from xlsx column I	2026-07-04T21:49:54+00:00
unload	postpone				human	imported from xlsx column I	2026-07-04T21:49:54+00:00
unripe	postpone				human	imported from xlsx column I	2026-07-04T21:49:54+00:00
vanilla	postpone				human	imported from xlsx column I	2026-07-04T21:49:54+00:00
veggie	postpone				human	imported from xlsx column I	2026-07-04T21:49:54+00:00
vessel	postpone				human	imported from xlsx column I	2026-07-04T21:49:54+00:00
vibrant	postpone				human	imported from xlsx column I	2026-07-04T21:49:54+00:00
wad	postpone				human	imported from xlsx column I	2026-07-04T21:49:54+00:00
wanna	postpone				human	imported from xlsx column I	2026-07-04T21:49:54+00:00
wax	postpone				human	imported from xlsx column I	2026-07-04T21:49:54+00:00
whiz	postpone				human	imported from xlsx column I	2026-07-04T21:49:54+00:00
wrist	postpone				human	imported from xlsx column I	2026-07-04T21:49:54+00:00
abc	postpone				human	imported from xlsx column I	2026-07-04T21:49:54+00:00
abracadabra	postpone				human	imported from xlsx column I	2026-07-04T21:49:54+00:00
ache	postpone				human	imported from xlsx column I	2026-07-04T21:49:54+00:00
alongside	postpone				human	imported from xlsx column I	2026-07-04T21:49:54+00:00
aloud	postpone				human	imported from xlsx column I	2026-07-04T21:49:54+00:00
aroma	postpone				human	imported from xlsx column I	2026-07-04T21:49:54+00:00
attendant	postpone				human	imported from xlsx column I	2026-07-04T21:49:54+00:00
awoken	postpone				human	imported from xlsx column I	2026-07-04T21:49:54+00:00
balanced	postpone				human	imported from xlsx column I	2026-07-04T21:49:54+00:00
bamboo	postpone				human	imported from xlsx column I	2026-07-04T21:49:54+00:00
bellow	postpone				human	imported from xlsx column I	2026-07-04T21:49:54+00:00
blade	postpone				human	imported from xlsx column I	2026-07-04T21:49:54+00:00
blast	postpone				human	imported from xlsx column I	2026-07-04T21:49:54+00:00
bluebird	postpone				human	imported from xlsx column I	2026-07-04T21:49:54+00:00
bookshelf	postpone				human	imported from xlsx column I	2026-07-04T21:49:54+00:00
boost	postpone				human	imported from xlsx column I	2026-07-04T21:49:54+00:00
booth	postpone				human	imported from xlsx column I	2026-07-04T21:49:54+00:00
bridle	postpone				human	imported from xlsx column I	2026-07-04T21:49:54+00:00
brilliantly	postpone				human	imported from xlsx column I	2026-07-04T21:49:54+00:00
burger	postpone				human	imported from xlsx column I	2026-07-04T21:49:54+00:00
buzzer	postpone				human	imported from xlsx column I	2026-07-04T21:49:54+00:00
calf	postpone				human	imported from xlsx column I	2026-07-04T21:49:54+00:00
catcher	postpone				human	imported from xlsx column I	2026-07-04T21:49:54+00:00
checkout	postpone				human	imported from xlsx column I	2026-07-04T21:49:54+00:00
cherish	postpone				human	imported from xlsx column I	2026-07-04T21:49:54+00:00
chick	postpone				human	imported from xlsx column I	2026-07-04T21:49:54+00:00
chime	postpone				human	imported from xlsx column I	2026-07-04T21:49:54+00:00
chunk	postpone				human	imported from xlsx column I	2026-07-04T21:49:54+00:00
classmate	postpone				human	imported from xlsx column I	2026-07-04T21:49:54+00:00
cloudy	postpone				human	imported from xlsx column I	2026-07-04T21:49:54+00:00
cock	postpone				human	imported from xlsx column I	2026-07-04T21:49:54+00:00
coconut	postpone				human	imported from xlsx column I	2026-07-04T21:49:54+00:00
companion	postpone				human	imported from xlsx column I	2026-07-04T21:49:54+00:00
congratulate	postpone				human	imported from xlsx column I	2026-07-04T21:49:54+00:00
cooperate	postpone				human	imported from xlsx column I	2026-07-04T21:49:54+00:00
craft	postpone				human	imported from xlsx column I	2026-07-04T21:49:54+00:00
creak	postpone				human	imported from xlsx column I	2026-07-04T21:49:54+00:00
crouch	postpone				human	imported from xlsx column I	2026-07-04T21:49:54+00:00
cuddly	postpone				human	imported from xlsx column I	2026-07-04T21:49:54+00:00
dart	postpone				human	imported from xlsx column I	2026-07-04T21:49:54+00:00
dash	postpone				human	imported from xlsx column I	2026-07-04T21:49:54+00:00
dial	postpone				human	imported from xlsx column I	2026-07-04T21:49:54+00:00
dining	postpone				human	imported from xlsx column I	2026-07-04T21:49:54+00:00
dock	postpone				human	imported from xlsx column I	2026-07-04T21:49:54+00:00
dollhouse	postpone				human	imported from xlsx column I	2026-07-04T21:49:54+00:00
duckle	postpone				human	imported from xlsx column I	2026-07-04T21:49:54+00:00
encouraging	postpone				human	imported from xlsx column I	2026-07-04T21:49:54+00:00
energize	postpone				human	imported from xlsx column I	2026-07-04T21:49:54+00:00
english	postpone				human	imported from xlsx column I	2026-07-04T21:49:54+00:00
faint	postpone				human	imported from xlsx column I	2026-07-04T21:49:54+00:00
flicker	postpone				human	imported from xlsx column I	2026-07-04T21:49:54+00:00
flips	postpone				human	imported from xlsx column I	2026-07-04T21:49:54+00:00
frosty	postpone				human	imported from xlsx column I	2026-07-04T21:49:54+00:00
gallop	postpone				human	imported from xlsx column I	2026-07-04T21:49:54+00:00
gardener	postpone				human	imported from xlsx column I	2026-07-04T21:49:54+00:00
glance	postpone				human	imported from xlsx column I	2026-07-04T21:49:54+00:00
glare	postpone				human	imported from xlsx column I	2026-07-04T21:49:54+00:00
glittery	postpone				human	imported from xlsx column I	2026-07-04T21:49:54+00:00
goodness	postpone				human	imported from xlsx column I	2026-07-04T21:49:54+00:00
goody	postpone				human	imported from xlsx column I	2026-07-04T21:49:54+00:00
grasp	postpone				human	imported from xlsx column I	2026-07-04T21:49:54+00:00
grip	postpone				human	imported from xlsx column I	2026-07-04T21:49:54+00:00
harmony	postpone				human	imported from xlsx column I	2026-07-04T21:49:54+00:00
heartbroken	postpone				human	imported from xlsx column I	2026-07-04T21:49:54+00:00
homeless	postpone				human	imported from xlsx column I	2026-07-04T21:49:54+00:00
honeybee	postpone				human	imported from xlsx column I	2026-07-04T21:49:54+00:00
hoof	postpone				human	imported from xlsx column I	2026-07-04T21:49:54+00:00
hoot	postpone				human	imported from xlsx column I	2026-07-04T21:49:54+00:00
illuminate	postpone				human	imported from xlsx column I	2026-07-04T21:49:54+00:00
insert	postpone				human	imported from xlsx column I	2026-07-04T21:49:54+00:00
joyful	postpone				human	imported from xlsx column I	2026-07-04T21:49:54+00:00
keen	postpone				human	imported from xlsx column I	2026-07-04T21:49:54+00:00
leafy	postpone				human	imported from xlsx column I	2026-07-04T21:49:54+00:00
leapt	postpone				human	imported from xlsx column I	2026-07-04T21:49:54+00:00
lever	postpone				human	imported from xlsx column I	2026-07-04T21:49:54+00:00
lioness	postpone				human	imported from xlsx column I	2026-07-04T21:49:54+00:00
lobby	postpone				human	imported from xlsx column I	2026-07-04T21:49:54+00:00
loneliness	postpone				human	imported from xlsx column I	2026-07-04T21:49:54+00:00
lunchtime	postpone				human	imported from xlsx column I	2026-07-04T21:49:54+00:00
maker	postpone				human	imported from xlsx column I	2026-07-04T21:49:54+00:00
mat	postpone				human	imported from xlsx column I	2026-07-04T21:49:54+00:00
moonwalk	postpone				human	imported from xlsx column I	2026-07-04T21:49:54+00:00
mower	postpone				human	imported from xlsx column I	2026-07-04T21:49:54+00:00
muster	postpone				human	imported from xlsx column I	2026-07-04T21:49:54+00:00
nicer	postpone				human	imported from xlsx column I	2026-07-04T21:49:54+00:00
nuzzle	postpone				human	imported from xlsx column I	2026-07-04T21:49:54+00:00
obediently	postpone				human	imported from xlsx column I	2026-07-04T21:49:54+00:00
obstacle	postpone				human	imported from xlsx column I	2026-07-04T21:49:54+00:00
padlock	postpone				human	imported from xlsx column I	2026-07-04T21:49:54+00:00
parcel	postpone				human	imported from xlsx column I	2026-07-04T21:49:54+00:00
persistence	postpone				human	imported from xlsx column I	2026-07-04T21:49:54+00:00
playhouse	postpone				human	imported from xlsx column I	2026-07-04T21:49:54+00:00
pointy	postpone				human	imported from xlsx column I	2026-07-04T21:49:54+00:00
pony	postpone				human	imported from xlsx column I	2026-07-04T21:49:54+00:00
porridge	postpone				human	imported from xlsx column I	2026-07-04T21:49:54+00:00
pouch	postpone				human	imported from xlsx column I	2026-07-04T21:49:54+00:00
prey	postpone				human	imported from xlsx column I	2026-07-04T21:49:54+00:00
protector	postpone				human	imported from xlsx column I	2026-07-04T21:49:54+00:00
pry	postpone				human	imported from xlsx column I	2026-07-04T21:49:54+00:00
reappear	postpone				human	imported from xlsx column I	2026-07-04T21:49:54+00:00
reflection	postpone				human	imported from xlsx column I	2026-07-04T21:49:54+00:00
relic	postpone				human	imported from xlsx column I	2026-07-04T21:49:54+00:00
resume	postpone				human	imported from xlsx column I	2026-07-04T21:49:54+00:00
riverbank	postpone				human	imported from xlsx column I	2026-07-04T21:49:54+00:00
rosy	postpone				human	imported from xlsx column I	2026-07-04T21:49:54+00:00
rumor	postpone				human	imported from xlsx column I	2026-07-04T21:49:54+00:00
saddle	postpone				human	imported from xlsx column I	2026-07-04T21:49:54+00:00
scowl	postpone				human	imported from xlsx column I	2026-07-04T21:49:54+00:00
seahorse	postpone				human	imported from xlsx column I	2026-07-04T21:49:54+00:00
seesaw	postpone				human	imported from xlsx column I	2026-07-04T21:49:54+00:00
sensation	postpone				human	imported from xlsx column I	2026-07-04T21:49:54+00:00
shh	postpone				human	imported from xlsx column I	2026-07-04T21:49:54+00:00
shortly	postpone				human	imported from xlsx column I	2026-07-04T21:49:54+00:00
shrank	postpone				human	imported from xlsx column I	2026-07-04T21:49:54+00:00
shuffle	postpone				human	imported from xlsx column I	2026-07-04T21:49:54+00:00
shyly	postpone				human	imported from xlsx column I	2026-07-04T21:49:54+00:00
sideways	postpone				human	imported from xlsx column I	2026-07-04T21:49:54+00:00
slam	postpone				human	imported from xlsx column I	2026-07-04T21:49:54+00:00
smoothie	postpone				human	imported from xlsx column I	2026-07-04T21:49:54+00:00
snarl	postpone				human	imported from xlsx column I	2026-07-04T21:49:54+00:00
sparrow	postpone				human	imported from xlsx column I	2026-07-04T21:49:54+00:00
spat	postpone				human	imported from xlsx column I	2026-07-04T21:49:54+00:00
squeak	postpone				human	imported from xlsx column I	2026-07-04T21:49:54+00:00
stain	postpone				human	imported from xlsx column I	2026-07-04T21:49:54+00:00
stairway	postpone				human	imported from xlsx column I	2026-07-04T21:49:54+00:00
stall	postpone				human	imported from xlsx column I	2026-07-04T21:49:54+00:00
steer	postpone				human	imported from xlsx column I	2026-07-04T21:49:54+00:00
storybook	postpone				human	imported from xlsx column I	2026-07-04T21:49:54+00:00
stubbornness	postpone				human	imported from xlsx column I	2026-07-04T21:49:54+00:00
sturdy	postpone				human	imported from xlsx column I	2026-07-04T21:49:54+00:00
surfboard	postpone				human	imported from xlsx column I	2026-07-04T21:49:54+00:00
sweetly	postpone				human	imported from xlsx column I	2026-07-04T21:49:54+00:00
swell	postpone				human	imported from xlsx column I	2026-07-04T21:49:54+00:00
tantrum	postpone				human	imported from xlsx column I	2026-07-04T21:49:54+00:00
teapot	postpone				human	imported from xlsx column I	2026-07-04T21:49:54+00:00
teddie	postpone				human	imported from xlsx column I	2026-07-04T21:49:54+00:00
temptation	postpone				human	imported from xlsx column I	2026-07-04T21:49:54+00:00
tickly	postpone				human	imported from xlsx column I	2026-07-04T21:49:54+00:00
tissue	postpone				human	imported from xlsx column I	2026-07-04T21:49:54+00:00
tournament	postpone				human	imported from xlsx column I	2026-07-04T21:49:54+00:00
trusty	postpone				human	imported from xlsx column I	2026-07-04T21:49:54+00:00
undo	postpone				human	imported from xlsx column I	2026-07-04T21:49:54+00:00
unicorn	postpone				human	imported from xlsx column I	2026-07-04T21:49:54+00:00
unison	postpone				human	imported from xlsx column I	2026-07-04T21:49:54+00:00
unwell	postpone				human	imported from xlsx column I	2026-07-04T21:49:54+00:00
useless	postpone				human	imported from xlsx column I	2026-07-04T21:49:54+00:00
waddle	postpone				human	imported from xlsx column I	2026-07-04T21:49:54+00:00
whoa	postpone				human	imported from xlsx column I	2026-07-04T21:49:54+00:00
whoop	postpone				human	imported from xlsx column I	2026-07-04T21:49:54+00:00
windowsill	postpone				human	imported from xlsx column I	2026-07-04T21:49:54+00:00
wobbly	postpone				human	imported from xlsx column I	2026-07-04T21:49:54+00:00
workshop	postpone				human	imported from xlsx column I	2026-07-04T21:49:54+00:00
wrinkle	postpone				human	imported from xlsx column I	2026-07-04T21:49:54+00:00
yummy	postpone				human	imported from xlsx column I	2026-07-04T21:49:54+00:00
accurately	postpone				human	imported from xlsx column I	2026-07-04T21:49:54+00:00
acrobat	postpone				human	imported from xlsx column I	2026-07-04T21:49:54+00:00
ahhe	postpone				human	imported from xlsx column I	2026-07-04T21:49:54+00:00
alas	postpone				human	imported from xlsx column I	2026-07-04T21:49:54+00:00
alien	postpone				human	imported from xlsx column I	2026-07-04T21:49:54+00:00
amuse	postpone				human	imported from xlsx column I	2026-07-04T21:49:54+00:00
anxiously	postpone				human	imported from xlsx column I	2026-07-04T21:49:54+00:00
anyways	postpone				human	imported from xlsx column I	2026-07-04T21:49:54+00:00
appetite	postpone				human	imported from xlsx column I	2026-07-04T21:49:54+00:00
arch	postpone				human	imported from xlsx column I	2026-07-04T21:49:54+00:00
artwork	postpone				human	imported from xlsx column I	2026-07-04T21:49:54+00:00
astound	postpone				human	imported from xlsx column I	2026-07-04T21:49:54+00:00
atop	postpone				human	imported from xlsx column I	2026-07-04T21:49:54+00:00
awhile	postpone				human	imported from xlsx column I	2026-07-04T21:49:54+00:00
awkward	postpone				human	imported from xlsx column I	2026-07-04T21:49:54+00:00
baa	postpone				human	imported from xlsx column I	2026-07-04T21:49:54+00:00
baffle	postpone				human	imported from xlsx column I	2026-07-04T21:49:54+00:00
ballerina	postpone				human	imported from xlsx column I	2026-07-04T21:49:54+00:00
basin	postpone				human	imported from xlsx column I	2026-07-04T21:49:54+00:00
beady	postpone				human	imported from xlsx column I	2026-07-04T21:49:54+00:00
beautifully	postpone				human	imported from xlsx column I	2026-07-04T21:49:54+00:00
bid	postpone				human	imported from xlsx column I	2026-07-04T21:49:54+00:00
binocular	postpone				human	imported from xlsx column I	2026-07-04T21:49:54+00:00
birdseed	postpone				human	imported from xlsx column I	2026-07-04T21:49:54+00:00
blend	postpone				human	imported from xlsx column I	2026-07-04T21:49:54+00:00
bless	postpone				human	imported from xlsx column I	2026-07-04T21:49:54+00:00
blob	postpone				human	imported from xlsx column I	2026-07-04T21:49:54+00:00
blonde	postpone				human	imported from xlsx column I	2026-07-04T21:49:54+00:00
blossom	postpone				human	imported from xlsx column I	2026-07-04T21:49:54+00:00
blur	postpone				human	imported from xlsx column I	2026-07-04T21:49:54+00:00
blush	postpone				human	imported from xlsx column I	2026-07-04T21:49:54+00:00
boar	postpone				human	imported from xlsx column I	2026-07-04T21:49:54+00:00
boarding	postpone				human	imported from xlsx column I	2026-07-04T21:49:54+00:00
boundary	postpone				human	imported from xlsx column I	2026-07-04T21:49:54+00:00
breadcrumb	postpone				human	imported from xlsx column I	2026-07-04T21:49:54+00:00
bristle	postpone				human	imported from xlsx column I	2026-07-04T21:49:54+00:00
bruise	postpone				human	imported from xlsx column I	2026-07-04T21:49:54+00:00
bubblegum	postpone				human	imported from xlsx column I	2026-07-04T21:49:54+00:00
bundle	postpone				human	imported from xlsx column I	2026-07-04T21:49:54+00:00
buttery	postpone				human	imported from xlsx column I	2026-07-04T21:49:54+00:00
campsite	postpone				human	imported from xlsx column I	2026-07-04T21:49:54+00:00
canyon	postpone				human	imported from xlsx column I	2026-07-04T21:49:54+00:00
carefree	postpone				human	imported from xlsx column I	2026-07-04T21:49:54+00:00
carelessly	postpone				human	imported from xlsx column I	2026-07-04T21:49:54+00:00
carton	postpone				human	imported from xlsx column I	2026-07-04T21:49:54+00:00
carve	postpone				human	imported from xlsx column I	2026-07-04T21:49:54+00:00
cautious	postpone				human	imported from xlsx column I	2026-07-04T21:49:54+00:00
chainsaw	postpone				human	imported from xlsx column I	2026-07-04T21:49:54+00:00
chaos	postpone				human	imported from xlsx column I	2026-07-04T21:49:54+00:00
cheerfully	postpone				human	imported from xlsx column I	2026-07-04T21:49:54+00:00
chill	postpone				human	imported from xlsx column I	2026-07-04T21:49:54+00:00
christmas	postpone				human	imported from xlsx column I	2026-07-04T21:49:54+00:00
cinema	postpone				human	imported from xlsx column I	2026-07-04T21:49:54+00:00
claw	postpone				human	imported from xlsx column I	2026-07-04T21:49:54+00:00
clipper	postpone				human	imported from xlsx column I	2026-07-04T21:49:54+00:00
clung	postpone				human	imported from xlsx column I	2026-07-04T21:49:54+00:00
cob	postpone				human	imported from xlsx column I	2026-07-04T21:49:54+00:00
cobra	postpone				human	imported from xlsx column I	2026-07-04T21:49:54+00:00
cooperation	postpone				human	imported from xlsx column I	2026-07-04T21:49:54+00:00
courageous	postpone				human	imported from xlsx column I	2026-07-04T21:49:54+00:00
courtier	postpone				human	imported from xlsx column I	2026-07-04T21:49:54+00:00
cozier	postpone				human	imported from xlsx column I	2026-07-04T21:49:54+00:00
crackle	postpone				human	imported from xlsx column I	2026-07-04T21:49:54+00:00
cranny	postpone				human	imported from xlsx column I	2026-07-04T21:49:54+00:00
critter	postpone				human	imported from xlsx column I	2026-07-04T21:49:54+00:00
crocodile	postpone				human	imported from xlsx column I	2026-07-04T21:49:54+00:00
crumble	postpone				human	imported from xlsx column I	2026-07-04T21:49:54+00:00
daffodil	postpone				human	imported from xlsx column I	2026-07-04T21:49:54+00:00
dandelion	postpone				human	imported from xlsx column I	2026-07-04T21:49:54+00:00
daydream	postpone				human	imported from xlsx column I	2026-07-04T21:49:54+00:00
desperately	postpone				human	imported from xlsx column I	2026-07-04T21:49:54+00:00
disbelief	postpone				human	imported from xlsx column I	2026-07-04T21:49:54+00:00
discourage	postpone				human	imported from xlsx column I	2026-07-04T21:49:54+00:00
disobey	postpone				human	imported from xlsx column I	2026-07-04T21:49:54+00:00
doorbell	postpone				human	imported from xlsx column I	2026-07-04T21:49:54+00:00
doorstep	postpone				human	imported from xlsx column I	2026-07-04T21:49:54+00:00
drown	postpone				human	imported from xlsx column I	2026-07-04T21:49:54+00:00
dryer	postpone				human	imported from xlsx column I	2026-07-04T21:49:54+00:00
earring	postpone				human	imported from xlsx column I	2026-07-04T21:49:54+00:00
errand	postpone				human	imported from xlsx column I	2026-07-04T21:49:54+00:00
fascination	postpone				human	imported from xlsx column I	2026-07-04T21:49:54+00:00
fate	postpone				human	imported from xlsx column I	2026-07-04T21:49:54+00:00
flip	postpone				human	imported from xlsx column I	2026-07-04T21:49:54+00:00
flipper	postpone				human	imported from xlsx column I	2026-07-04T21:49:54+00:00
fluff	postpone				human	imported from xlsx column I	2026-07-04T21:49:54+00:00
flurry	postpone				human	imported from xlsx column I	2026-07-04T21:49:54+00:00
foam	postpone				human	imported from xlsx column I	2026-07-04T21:49:54+00:00
fond	postpone				human	imported from xlsx column I	2026-07-04T21:49:54+00:00
footstep	postpone				human	imported from xlsx column I	2026-07-04T21:49:54+00:00
forehead	postpone				human	imported from xlsx column I	2026-07-04T21:49:54+00:00
forgiveness	postpone				human	imported from xlsx column I	2026-07-04T21:49:54+00:00
fragrance	postpone				human	imported from xlsx column I	2026-07-04T21:49:54+00:00
fright	postpone				human	imported from xlsx column I	2026-07-04T21:49:54+00:00
frisbee	postpone				human	imported from xlsx column I	2026-07-04T21:49:54+00:00
froze	postpone				human	imported from xlsx column I	2026-07-04T21:49:54+00:00
frustration	postpone				human	imported from xlsx column I	2026-07-04T21:49:54+00:00
fulfill	postpone				human	imported from xlsx column I	2026-07-04T21:49:54+00:00
gadget	postpone				human	imported from xlsx column I	2026-07-04T21:49:54+00:00
generosity	postpone				human	imported from xlsx column I	2026-07-04T21:49:54+00:00
gigantic	postpone				human	imported from xlsx column I	2026-07-04T21:49:54+00:00
gleam	postpone				human	imported from xlsx column I	2026-07-04T21:49:54+00:00
glide	postpone				human	imported from xlsx column I	2026-07-04T21:49:54+00:00
glossy	postpone				human	imported from xlsx column I	2026-07-04T21:49:54+00:00
golfer	postpone				human	imported from xlsx column I	2026-07-04T21:49:54+00:00
grandkid	postpone				human	imported from xlsx column I	2026-07-04T21:49:54+00:00
grease	postpone				human	imported from xlsx column I	2026-07-04T21:49:54+00:00
groan	postpone				human	imported from xlsx column I	2026-07-04T21:49:54+00:00
gross	postpone				human	imported from xlsx column I	2026-07-04T21:49:54+00:00
grouchy	postpone				human	imported from xlsx column I	2026-07-04T21:49:54+00:00
gut	postpone				human	imported from xlsx column I	2026-07-04T21:49:54+00:00
hairdresser	postpone				human	imported from xlsx column I	2026-07-04T21:49:54+00:00
haire	postpone				human	imported from xlsx column I	2026-07-04T21:49:54+00:00
heartbeat	postpone				human	imported from xlsx column I	2026-07-04T21:49:54+00:00
hearty	postpone				human	imported from xlsx column I	2026-07-04T21:49:54+00:00
heavenly	postpone				human	imported from xlsx column I	2026-07-04T21:49:54+00:00
hesitation	postpone				human	imported from xlsx column I	2026-07-04T21:49:54+00:00
hideaway	postpone				human	imported from xlsx column I	2026-07-04T21:49:54+00:00
hike	postpone				human	imported from xlsx column I	2026-07-04T21:49:54+00:00
honesty	postpone				human	imported from xlsx column I	2026-07-04T21:49:54+00:00
hotter	postpone				human	imported from xlsx column I	2026-07-04T21:49:54+00:00
hover	postpone				human	imported from xlsx column I	2026-07-04T21:49:54+00:00
hurriedly	postpone				human	imported from xlsx column I	2026-07-04T21:49:54+00:00
impatiently	postpone				human	imported from xlsx column I	2026-07-04T21:49:54+00:00
inseparable	postpone				human	imported from xlsx column I	2026-07-04T21:49:54+00:00
insistent	postpone				human	imported from xlsx column I	2026-07-04T21:49:54+00:00
jellybean	postpone				human	imported from xlsx column I	2026-07-04T21:49:54+00:00
jingle	postpone				human	imported from xlsx column I	2026-07-04T21:49:54+00:00
junkyard	postpone				human	imported from xlsx column I	2026-07-04T21:49:54+00:00
knights	postpone				human	imported from xlsx column I	2026-07-04T21:49:54+00:00
lace	postpone				human	imported from xlsx column I	2026-07-04T21:49:54+00:00
lamb	postpone				human	imported from xlsx column I	2026-07-04T21:49:54+00:00
lawnmower	postpone				human	imported from xlsx column I	2026-07-04T21:49:54+00:00
learner	postpone				human	imported from xlsx column I	2026-07-04T21:49:54+00:00
len	postpone				human	imported from xlsx column I	2026-07-04T21:49:54+00:00
librarian	postpone				human	imported from xlsx column I	2026-07-04T21:49:54+00:00
lightly	postpone				human	imported from xlsx column I	2026-07-04T21:49:54+00:00
lookout	postpone				human	imported from xlsx column I	2026-07-04T21:49:54+00:00
lovingly	postpone				human	imported from xlsx column I	2026-07-04T21:49:54+00:00
lullaby	postpone				human	imported from xlsx column I	2026-07-04T21:49:54+00:00
lush	postpone				human	imported from xlsx column I	2026-07-04T21:49:54+00:00
ma'am	postpone				human	imported from xlsx column I	2026-07-04T21:49:54+00:00
mac	postpone				human	imported from xlsx column I	2026-07-04T21:49:54+00:00
mango	postpone				human	imported from xlsx column I	2026-07-04T21:49:54+00:00
marking	postpone				human	imported from xlsx column I	2026-07-04T21:49:54+00:00
mast	postpone				human	imported from xlsx column I	2026-07-04T21:49:54+00:00
merry	postpone				human	imported from xlsx column I	2026-07-04T21:49:54+00:00
midst	postpone				human	imported from xlsx column I	2026-07-04T21:49:54+00:00
mini	postpone				human	imported from xlsx column I	2026-07-04T21:49:54+00:00
misbehave	postpone				human	imported from xlsx column I	2026-07-04T21:49:54+00:00
moonlight	postpone				human	imported from xlsx column I	2026-07-04T21:49:54+00:00
mural	postpone				human	imported from xlsx column I	2026-07-04T21:49:54+00:00
murky	postpone				human	imported from xlsx column I	2026-07-04T21:49:54+00:00
musty	postpone				human	imported from xlsx column I	2026-07-04T21:49:54+00:00
nearer	postpone				human	imported from xlsx column I	2026-07-04T21:49:54+00:00
nestle	postpone				human	imported from xlsx column I	2026-07-04T21:49:54+00:00
nightlight	postpone				human	imported from xlsx column I	2026-07-04T21:49:54+00:00
nightstand	postpone				human	imported from xlsx column I	2026-07-04T21:49:54+00:00
nook	postpone				human	imported from xlsx column I	2026-07-04T21:49:54+00:00
oblige	postpone				human	imported from xlsx column I	2026-07-04T21:49:54+00:00
oily	postpone				human	imported from xlsx column I	2026-07-04T21:49:54+00:00
ooh	postpone				human	imported from xlsx column I	2026-07-04T21:49:54+00:00
organise	postpone				human	imported from xlsx column I	2026-07-04T21:49:54+00:00
organiser	postpone				human	imported from xlsx column I	2026-07-04T21:49:54+00:00
pad	postpone				human	imported from xlsx column I	2026-07-04T21:49:54+00:00
pail	postpone				human	imported from xlsx column I	2026-07-04T21:49:54+00:00
pant	postpone				human	imported from xlsx column I	2026-07-04T21:49:54+00:00
peacefulness	postpone				human	imported from xlsx column I	2026-07-04T21:49:54+00:00
peacock	postpone				human	imported from xlsx column I	2026-07-04T21:49:54+00:00
persuasive	postpone				human	imported from xlsx column I	2026-07-04T21:49:54+00:00
pickle	postpone				human	imported from xlsx column I	2026-07-04T21:49:54+00:00
piggybank	postpone				human	imported from xlsx column I	2026-07-04T21:49:54+00:00
pity	postpone				human	imported from xlsx column I	2026-07-04T21:49:54+00:00
plaster	postpone				human	imported from xlsx column I	2026-07-04T21:49:54+00:00
ponder	postpone				human	imported from xlsx column I	2026-07-04T21:49:54+00:00
popsicle	postpone				human	imported from xlsx column I	2026-07-04T21:49:54+00:00
pounce	postpone				human	imported from xlsx column I	2026-07-04T21:49:54+00:00
prance	postpone				human	imported from xlsx column I	2026-07-04T21:49:54+00:00
prick	postpone				human	imported from xlsx column I	2026-07-04T21:49:54+00:00
pucker	postpone				human	imported from xlsx column I	2026-07-04T21:49:54+00:00
quicken	postpone				human	imported from xlsx column I	2026-07-04T21:49:54+00:00
quiver	postpone				human	imported from xlsx column I	2026-07-04T21:49:54+00:00
rack	postpone				human	imported from xlsx column I	2026-07-04T21:49:54+00:00
reassuringly	postpone				human	imported from xlsx column I	2026-07-04T21:49:54+00:00
rebuild	postpone				human	imported from xlsx column I	2026-07-04T21:49:54+00:00
receptionist	postpone				human	imported from xlsx column I	2026-07-04T21:49:54+00:00
recess	postpone				human	imported from xlsx column I	2026-07-04T21:49:54+00:00
reckless	postpone				human	imported from xlsx column I	2026-07-04T21:49:54+00:00
reflective	postpone				human	imported from xlsx column I	2026-07-04T21:49:54+00:00
repairman	postpone				human	imported from xlsx column I	2026-07-04T21:49:54+00:00
responsibly	postpone				human	imported from xlsx column I	2026-07-04T21:49:54+00:00
restful	postpone				human	imported from xlsx column I	2026-07-04T21:49:54+00:00
retrieve	postpone				human	imported from xlsx column I	2026-07-04T21:49:54+00:00
rinse	postpone				human	imported from xlsx column I	2026-07-04T21:49:54+00:00
ritual	postpone				human	imported from xlsx column I	2026-07-04T21:49:54+00:00
rotten	postpone				human	imported from xlsx column I	2026-07-04T21:49:54+00:00
savor	postpone				human	imported from xlsx column I	2026-07-04T21:49:54+00:00
scenery	postpone				human	imported from xlsx column I	2026-07-04T21:49:54+00:00
scootere	postpone				human	imported from xlsx column I	2026-07-04T21:49:54+00:00
scratchy	postpone				human	imported from xlsx column I	2026-07-04T21:49:54+00:00
sensor	postpone				human	imported from xlsx column I	2026-07-04T21:49:54+00:00
shady	postpone				human	imported from xlsx column I	2026-07-04T21:49:54+00:00
shortcut	postpone				human	imported from xlsx column I	2026-07-04T21:49:54+00:00
sill	postpone				human	imported from xlsx column I	2026-07-04T21:49:54+00:00
siren	postpone				human	imported from xlsx column I	2026-07-04T21:49:54+00:00
sizzle	postpone				human	imported from xlsx column I	2026-07-04T21:49:54+00:00
sleeve	postpone				human	imported from xlsx column I	2026-07-04T21:49:54+00:00
smear	postpone				human	imported from xlsx column I	2026-07-04T21:49:54+00:00
smoothly	postpone				human	imported from xlsx column I	2026-07-04T21:49:54+00:00
snore	postpone				human	imported from xlsx column I	2026-07-04T21:49:54+00:00
snort	postpone				human	imported from xlsx column I	2026-07-04T21:49:54+00:00
sobs	postpone				human	imported from xlsx column I	2026-07-04T21:49:54+00:00
softness	postpone				human	imported from xlsx column I	2026-07-04T21:49:54+00:00
soothe	postpone				human	imported from xlsx column I	2026-07-04T21:49:54+00:00
soundly	postpone				human	imported from xlsx column I	2026-07-04T21:49:54+00:00
souvenir	postpone				human	imported from xlsx column I	2026-07-04T21:49:54+00:00
spank	postpone				human	imported from xlsx column I	2026-07-04T21:49:54+00:00
speechless	postpone				human	imported from xlsx column I	2026-07-04T21:49:54+00:00
splish	postpone				human	imported from xlsx column I	2026-07-04T21:49:54+00:00
spook	postpone				human	imported from xlsx column I	2026-07-04T21:49:54+00:00
squabble	postpone				human	imported from xlsx column I	2026-07-04T21:49:54+00:00
starle	postpone				human	imported from xlsx column I	2026-07-04T21:49:54+00:00
stool	postpone				human	imported from xlsx column I	2026-07-04T21:49:54+00:00
strap	postpone				human	imported from xlsx column I	2026-07-04T21:49:54+00:00
strut	postpone				human	imported from xlsx column I	2026-07-04T21:49:54+00:00
stung	postpone				human	imported from xlsx column I	2026-07-04T21:49:54+00:00
stutter	postpone				human	imported from xlsx column I	2026-07-04T21:49:54+00:00
sugary	postpone				human	imported from xlsx column I	2026-07-04T21:49:54+00:00
surprisingly	postpone				human	imported from xlsx column I	2026-07-04T21:49:54+00:00
suspicious	postpone				human	imported from xlsx column I	2026-07-04T21:49:54+00:00
swallow	postpone				human	imported from xlsx column I	2026-07-04T21:49:54+00:00
swap	postpone				human	imported from xlsx column I	2026-07-04T21:49:54+00:00
swat	postpone				human	imported from xlsx column I	2026-07-04T21:49:54+00:00
sweat	postpone				human	imported from xlsx column I	2026-07-04T21:49:54+00:00
sweaty	postpone				human	imported from xlsx column I	2026-07-04T21:49:54+00:00
swimmer	postpone				human	imported from xlsx column I	2026-07-04T21:49:54+00:00
swipe	postpone				human	imported from xlsx column I	2026-07-04T21:49:54+00:00
swirls	postpone				human	imported from xlsx column I	2026-07-04T21:49:54+00:00
swollen	postpone				human	imported from xlsx column I	2026-07-04T21:49:54+00:00
tar	postpone				human	imported from xlsx column I	2026-07-04T21:49:54+00:00
teamwork	postpone				human	imported from xlsx column I	2026-07-04T21:49:54+00:00
tense	postpone				human	imported from xlsx column I	2026-07-04T21:49:54+00:00
tentacle	postpone				human	imported from xlsx column I	2026-07-04T21:49:54+00:00
terribly	postpone				human	imported from xlsx column I	2026-07-04T21:49:54+00:00
thankfully	postpone				human	imported from xlsx column I	2026-07-04T21:49:54+00:00
thoughtfulness	postpone				human	imported from xlsx column I	2026-07-04T21:49:54+00:00
tighten	postpone				human	imported from xlsx column I	2026-07-04T21:49:54+00:00
tilt	postpone				human	imported from xlsx column I	2026-07-04T21:49:54+00:00
timid	postpone				human	imported from xlsx column I	2026-07-04T21:49:54+00:00
tirelessly	postpone				human	imported from xlsx column I	2026-07-04T21:49:54+00:00
tocke	postpone				human	imported from xlsx column I	2026-07-04T21:49:54+00:00
toed	postpone				human	imported from xlsx column I	2026-07-04T21:49:54+00:00
toolbox	postpone				human	imported from xlsx column I	2026-07-04T21:49:54+00:00
trading	postpone				human	imported from xlsx column I	2026-07-04T21:49:54+00:00
trim	postpone				human	imported from xlsx column I	2026-07-04T21:49:54+00:00
trouser	postpone				human	imported from xlsx column I	2026-07-04T21:49:54+00:00
trudge	postpone				human	imported from xlsx column I	2026-07-04T21:49:54+00:00
trustworthy	postpone				human	imported from xlsx column I	2026-07-04T21:49:54+00:00
twinkly	postpone				human	imported from xlsx column I	2026-07-04T21:49:54+00:00
twirls	postpone				human	imported from xlsx column I	2026-07-04T21:49:54+00:00
ungrateful	postpone				human	imported from xlsx column I	2026-07-04T21:49:54+00:00
unroll	postpone				human	imported from xlsx column I	2026-07-04T21:49:54+00:00
unwanted	postpone				human	imported from xlsx column I	2026-07-04T21:49:54+00:00
unwrap	postpone				human	imported from xlsx column I	2026-07-04T21:49:54+00:00
victorious	postpone				human	imported from xlsx column I	2026-07-04T21:49:54+00:00
waggle	postpone				human	imported from xlsx column I	2026-07-04T21:49:54+00:00
watchful	postpone				human	imported from xlsx column I	2026-07-04T21:49:54+00:00
waterfall	postpone				human	imported from xlsx column I	2026-07-04T21:49:54+00:00
webcam	postpone				human	imported from xlsx column I	2026-07-04T21:49:54+00:00
weightless	postpone				human	imported from xlsx column I	2026-07-04T21:49:54+00:00
whilst	postpone				human	imported from xlsx column I	2026-07-04T21:49:54+00:00
whine	postpone				human	imported from xlsx column I	2026-07-04T21:49:54+00:00
whir	postpone				human	imported from xlsx column I	2026-07-04T21:49:54+00:00
whirlpool	postpone				human	imported from xlsx column I	2026-07-04T21:49:54+00:00
whisk	postpone				human	imported from xlsx column I	2026-07-04T21:49:54+00:00
whispering	postpone				human	imported from xlsx column I	2026-07-04T21:49:54+00:00
windier	postpone				human	imported from xlsx column I	2026-07-04T21:49:54+00:00
wisely	postpone				human	imported from xlsx column I	2026-07-04T21:49:54+00:00
woodpecker	postpone				human	imported from xlsx column I	2026-07-04T21:49:54+00:00
x.	postpone				human	imported from xlsx column I	2026-07-04T21:49:54+00:00
$	postpone				human	imported from xlsx column I	2026-07-04T21:49:54+00:00
'bout	postpone				human	imported from xlsx column I	2026-07-04T21:49:54+00:00
abide	postpone				human	imported from xlsx column I	2026-07-04T21:49:54+00:00
aboard	postpone				human	imported from xlsx column I	2026-07-04T21:49:54+00:00
achy	postpone				human	imported from xlsx column I	2026-07-04T21:49:54+00:00
admiringly	postpone				human	imported from xlsx column I	2026-07-04T21:49:54+00:00
adventuresome	postpone				human	imported from xlsx column I	2026-07-04T21:49:54+00:00
afloat	postpone				human	imported from xlsx column I	2026-07-04T21:49:54+00:00
ajar	postpone				human	imported from xlsx column I	2026-07-04T21:49:54+00:00
alleyways	postpone				human	imported from xlsx column I	2026-07-04T21:49:54+00:00
allowance	postpone				human	imported from xlsx column I	2026-07-04T21:49:54+00:00
alphabet	postpone				human	imported from xlsx column I	2026-07-04T21:49:54+00:00
amazingly	postpone				human	imported from xlsx column I	2026-07-04T21:49:54+00:00
amiss	postpone				human	imported from xlsx column I	2026-07-04T21:49:54+00:00
ancestor	postpone				human	imported from xlsx column I	2026-07-04T21:49:54+00:00
andjim	postpone				human	imported from xlsx column I	2026-07-04T21:49:54+00:00
antic	postpone				human	imported from xlsx column I	2026-07-04T21:49:54+00:00
anything-	postpone				human	imported from xlsx column I	2026-07-04T21:49:54+00:00
apologizer	postpone				human	imported from xlsx column I	2026-07-04T21:49:54+00:00
apology	postpone				human	imported from xlsx column I	2026-07-04T21:49:54+00:00
applause	postpone				human	imported from xlsx column I	2026-07-04T21:49:54+00:00
appreciative	postpone				human	imported from xlsx column I	2026-07-04T21:49:54+00:00
aquarium	postpone				human	imported from xlsx column I	2026-07-04T21:49:54+00:00
archer	postpone				human	imported from xlsx column I	2026-07-04T21:49:54+00:00
archery	postpone				human	imported from xlsx column I	2026-07-04T21:49:54+00:00
arctic	postpone				human	imported from xlsx column I	2026-07-04T21:49:54+00:00
assemble	postpone				human	imported from xlsx column I	2026-07-04T21:49:54+00:00
assure	postpone				human	imported from xlsx column I	2026-07-04T21:49:54+00:00
automobile	postpone				human	imported from xlsx column I	2026-07-04T21:49:54+00:00
autumn	postpone				human	imported from xlsx column I	2026-07-04T21:49:54+00:00
await	postpone				human	imported from xlsx column I	2026-07-04T21:49:54+00:00
awely	postpone				human	imported from xlsx column I	2026-07-04T21:49:54+00:00
awestruck	postpone				human	imported from xlsx column I	2026-07-04T21:49:54+00:00
baaed	postpone				human	imported from xlsx column I	2026-07-04T21:49:54+00:00
babysitter	postpone				human	imported from xlsx column I	2026-07-04T21:49:54+00:00
"back,""be"	postpone				human	imported from xlsx column I	2026-07-04T21:49:54+00:00
bail	postpone				human	imported from xlsx column I	2026-07-04T21:49:54+00:00
bait	postpone				human	imported from xlsx column I	2026-07-04T21:49:54+00:00
balancer	postpone				human	imported from xlsx column I	2026-07-04T21:49:54+00:00
barnyard	postpone				human	imported from xlsx column I	2026-07-04T21:49:54+00:00
beachs	postpone				human	imported from xlsx column I	2026-07-04T21:49:54+00:00
bearable	postpone				human	imported from xlsx column I	2026-07-04T21:49:54+00:00
bedspread	postpone				human	imported from xlsx column I	2026-07-04T21:49:54+00:00
behold	postpone				human	imported from xlsx column I	2026-07-04T21:49:54+00:00
bendy	postpone				human	imported from xlsx column I	2026-07-04T21:49:54+00:00
beneficial	postpone				human	imported from xlsx column I	2026-07-04T21:49:54+00:00
bicker	postpone				human	imported from xlsx column I	2026-07-04T21:49:54+00:00
bicyle	postpone				human	imported from xlsx column I	2026-07-04T21:49:54+00:00
bin-	postpone				human	imported from xlsx column I	2026-07-04T21:49:54+00:00
birdsong	postpone				human	imported from xlsx column I	2026-07-04T21:49:54+00:00
biscuit	postpone				human	imported from xlsx column I	2026-07-04T21:49:54+00:00
blackbird	postpone				human	imported from xlsx column I	2026-07-04T21:49:54+00:00
blessing	postpone				human	imported from xlsx column I	2026-07-04T21:49:54+00:00
boastful	postpone				human	imported from xlsx column I	2026-07-04T21:49:54+00:00
bob	postpone				human	imported from xlsx column I	2026-07-04T21:49:54+00:00
bobbed	postpone				human	imported from xlsx column I	2026-07-04T21:49:54+00:00
bold	postpone				human	imported from xlsx column I	2026-07-04T21:49:54+00:00
bond-	postpone				human	imported from xlsx column I	2026-07-04T21:49:54+00:00
boredom	postpone				human	imported from xlsx column I	2026-07-04T21:49:54+00:00
bouquet	postpone				human	imported from xlsx column I	2026-07-04T21:49:54+00:00
brag	postpone				human	imported from xlsx column I	2026-07-04T21:49:54+00:00
brainstorm	postpone				human	imported from xlsx column I	2026-07-04T21:49:54+00:00
brass	postpone				human	imported from xlsx column I	2026-07-04T21:49:54+00:00
bravado	postpone				human	imported from xlsx column I	2026-07-04T21:49:54+00:00
bray	postpone				human	imported from xlsx column I	2026-07-04T21:49:54+00:00
breakthrough	postpone				human	imported from xlsx column I	2026-07-04T21:49:54+00:00
brew	postpone				human	imported from xlsx column I	2026-07-04T21:49:54+00:00
brigade	postpone				human	imported from xlsx column I	2026-07-04T21:49:54+00:00
broomstick	postpone				human	imported from xlsx column I	2026-07-04T21:49:54+00:00
brownish	postpone				human	imported from xlsx column I	2026-07-04T21:49:54+00:00
browse	postpone				human	imported from xlsx column I	2026-07-04T21:49:54+00:00
buck	postpone				human	imported from xlsx column I	2026-07-04T21:49:54+00:00
burp	postpone				human	imported from xlsx column I	2026-07-04T21:49:54+00:00
busily	postpone				human	imported from xlsx column I	2026-07-04T21:49:54+00:00
cackle	postpone				human	imported from xlsx column I	2026-07-04T21:49:54+00:00
calmness	postpone				human	imported from xlsx column I	2026-07-04T21:49:54+00:00
calmyou	postpone				human	imported from xlsx column I	2026-07-04T21:49:54+00:00
camper	postpone				human	imported from xlsx column I	2026-07-04T21:49:54+00:00
canoe	postpone				human	imported from xlsx column I	2026-07-04T21:49:54+00:00
caramel	postpone				human	imported from xlsx column I	2026-07-04T21:49:54+00:00
careen	postpone				human	imported from xlsx column I	2026-07-04T21:49:54+00:00
caretaker	postpone				human	imported from xlsx column I	2026-07-04T21:49:54+00:00
cartwheel	postpone				human	imported from xlsx column I	2026-07-04T21:49:54+00:00
catchy	postpone				human	imported from xlsx column I	2026-07-04T21:49:54+00:00
char	postpone				human	imported from xlsx column I	2026-07-04T21:49:54+00:00
charmy	postpone				human	imported from xlsx column I	2026-07-04T21:49:54+00:00
chatty	postpone				human	imported from xlsx column I	2026-07-04T21:49:54+00:00
checkup	postpone				human	imported from xlsx column I	2026-07-04T21:49:54+00:00
cheery	postpone				human	imported from xlsx column I	2026-07-04T21:49:54+00:00
chin	postpone				human	imported from xlsx column I	2026-07-04T21:49:54+00:00
chocolaty	postpone				human	imported from xlsx column I	2026-07-04T21:49:54+00:00
choke	postpone				human	imported from xlsx column I	2026-07-04T21:49:54+00:00
chomp	postpone				human	imported from xlsx column I	2026-07-04T21:49:54+00:00
choppy	postpone				human	imported from xlsx column I	2026-07-04T21:49:54+00:00
chord	postpone				human	imported from xlsx column I	2026-07-04T21:49:54+00:00
chorus	postpone				human	imported from xlsx column I	2026-07-04T21:49:54+00:00
churn	postpone				human	imported from xlsx column I	2026-07-04T21:49:54+00:00
clam	postpone				human	imported from xlsx column I	2026-07-04T21:49:54+00:00
clamber	postpone				human	imported from xlsx column I	2026-07-04T21:49:54+00:00
classwork	postpone				human	imported from xlsx column I	2026-07-04T21:49:54+00:00
cleaner	postpone				human	imported from xlsx column I	2026-07-04T21:49:54+00:00
cleanly	postpone				human	imported from xlsx column I	2026-07-04T21:49:54+00:00
cleansing	postpone				human	imported from xlsx column I	2026-07-04T21:49:54+00:00
cleverer	postpone				human	imported from xlsx column I	2026-07-04T21:49:54+00:00
cleverly	postpone				human	imported from xlsx column I	2026-07-04T21:49:54+00:00
clingin	postpone				human	imported from xlsx column I	2026-07-04T21:49:54+00:00
clink	postpone				human	imported from xlsx column I	2026-07-04T21:49:54+00:00
clip	postpone				human	imported from xlsx column I	2026-07-04T21:49:54+00:00
clothesline	postpone				human	imported from xlsx column I	2026-07-04T21:49:54+00:00
cloudless	postpone				human	imported from xlsx column I	2026-07-04T21:49:54+00:00
clumsily	postpone				human	imported from xlsx column I	2026-07-04T21:49:54+00:00
cluttered	postpone				human	imported from xlsx column I	2026-07-04T21:49:54+00:00
cocoon	postpone				human	imported from xlsx column I	2026-07-04T21:49:54+00:00
coil	postpone				human	imported from xlsx column I	2026-07-04T21:49:54+00:00
colder	postpone				human	imported from xlsx column I	2026-07-04T21:49:54+00:00
collaboration	postpone				human	imported from xlsx column I	2026-07-04T21:49:54+00:00
collage	postpone				human	imported from xlsx column I	2026-07-04T21:49:54+00:00
colony	postpone				human	imported from xlsx column I	2026-07-04T21:49:54+00:00
commotion	postpone				human	imported from xlsx column I	2026-07-04T21:49:54+00:00
como	postpone				human	imported from xlsx column I	2026-07-04T21:49:54+00:00
companionable	postpone				human	imported from xlsx column I	2026-07-04T21:49:54+00:00
compartment	postpone				human	imported from xlsx column I	2026-07-04T21:49:54+00:00
compromise	postpone				human	imported from xlsx column I	2026-07-04T21:49:54+00:00
conductor	postpone				human	imported from xlsx column I	2026-07-04T21:49:54+00:00
congratulation	postpone				human	imported from xlsx column I	2026-07-04T21:49:54+00:00
considerate	postpone				human	imported from xlsx column I	2026-07-04T21:49:54+00:00
console	postpone				human	imported from xlsx column I	2026-07-04T21:49:54+00:00
contagious	postpone				human	imported from xlsx column I	2026-07-04T21:49:54+00:00
contentedly	postpone				human	imported from xlsx column I	2026-07-04T21:49:54+00:00
conveyor	postpone				human	imported from xlsx column I	2026-07-04T21:49:54+00:00
cooktop	postpone				human	imported from xlsx column I	2026-07-04T21:49:54+00:00
coop	postpone				human	imported from xlsx column I	2026-07-04T21:49:54+00:00
corridor	postpone				human	imported from xlsx column I	2026-07-04T21:49:54+00:00
courageously	postpone				human	imported from xlsx column I	2026-07-04T21:49:54+00:00
courteous	postpone				human	imported from xlsx column I	2026-07-04T21:49:54+00:00
courtyard	postpone				human	imported from xlsx column I	2026-07-04T21:49:54+00:00
crawly	postpone				human	imported from xlsx column I	2026-07-04T21:49:54+00:00
crossly	postpone				human	imported from xlsx column I	2026-07-04T21:49:54+00:00
cruelly	postpone				human	imported from xlsx column I	2026-07-04T21:49:54+00:00
crumple	postpone				human	imported from xlsx column I	2026-07-04T21:49:54+00:00
crush	postpone				human	imported from xlsx column I	2026-07-04T21:49:54+00:00
cub	postpone				human	imported from xlsx column I	2026-07-04T21:49:54+00:00
"cub---""be"	postpone				human	imported from xlsx column I	2026-07-04T21:49:54+00:00
cucumber	postpone				human	imported from xlsx column I	2026-07-04T21:49:54+00:00
culprit	postpone				human	imported from xlsx column I	2026-07-04T21:49:54+00:00
cutter	postpone				human	imported from xlsx column I	2026-07-04T21:49:54+00:00
damp	postpone				human	imported from xlsx column I	2026-07-04T21:49:54+00:00
dangle	postpone				human	imported from xlsx column I	2026-07-04T21:49:54+00:00
de	postpone				human	imported from xlsx column I	2026-07-04T21:49:54+00:00
deader	postpone				human	imported from xlsx column I	2026-07-04T21:49:54+00:00
dearly	postpone				human	imported from xlsx column I	2026-07-04T21:49:54+00:00
deed	postpone				human	imported from xlsx column I	2026-07-04T21:49:54+00:00
delicately	postpone				human	imported from xlsx column I	2026-07-04T21:49:54+00:00
delightful	postpone				human	imported from xlsx column I	2026-07-04T21:49:54+00:00
descend	postpone				human	imported from xlsx column I	2026-07-04T21:49:54+00:00
destruction	postpone				human	imported from xlsx column I	2026-07-04T21:49:54+00:00
detour	postpone				human	imported from xlsx column I	2026-07-04T21:49:54+00:00
different--	postpone				human	imported from xlsx column I	2026-07-04T21:49:54+00:00
dinnertime	postpone				human	imported from xlsx column I	2026-07-04T21:49:54+00:00
dinos	postpone				human	imported from xlsx column I	2026-07-04T21:49:54+00:00
dipping	postpone				human	imported from xlsx column I	2026-07-04T21:49:54+00:00
disagreeable	postpone				human	imported from xlsx column I	2026-07-04T21:49:54+00:00
disagreement	postpone				human	imported from xlsx column I	2026-07-04T21:49:54+00:00
disapointe	postpone				human	imported from xlsx column I	2026-07-04T21:49:54+00:00
discomfort	postpone				human	imported from xlsx column I	2026-07-04T21:49:54+00:00
disguise	postpone				human	imported from xlsx column I	2026-07-04T21:49:54+00:00
disintegrate	postpone				human	imported from xlsx column I	2026-07-04T21:49:54+00:00
disobedient	postpone				human	imported from xlsx column I	2026-07-04T21:49:54+00:00
disrespectful	postpone				human	imported from xlsx column I	2026-07-04T21:49:54+00:00
disrupt	postpone				human	imported from xlsx column I	2026-07-04T21:49:54+00:00
distract	postpone				human	imported from xlsx column I	2026-07-04T21:49:54+00:00
distressed	postpone				human	imported from xlsx column I	2026-07-04T21:49:54+00:00
ditch	postpone				human	imported from xlsx column I	2026-07-04T21:49:54+00:00
dizziness	postpone				human	imported from xlsx column I	2026-07-04T21:49:54+00:00
doe	postpone				human	imported from xlsx column I	2026-07-04T21:49:54+00:00
dollop	postpone				human	imported from xlsx column I	2026-07-04T21:49:54+00:00
doom	postpone				human	imported from xlsx column I	2026-07-04T21:49:54+00:00
doormat	postpone				human	imported from xlsx column I	2026-07-04T21:49:54+00:00
doughnut	postpone				human	imported from xlsx column I	2026-07-04T21:49:54+00:00
downstream	postpone				human	imported from xlsx column I	2026-07-04T21:49:54+00:00
dreamland	postpone				human	imported from xlsx column I	2026-07-04T21:49:54+00:00
drench	postpone				human	imported from xlsx column I	2026-07-04T21:49:54+00:00
drill	postpone				human	imported from xlsx column I	2026-07-04T21:49:54+00:00
drool	postpone				human	imported from xlsx column I	2026-07-04T21:49:54+00:00
droop	postpone				human	imported from xlsx column I	2026-07-04T21:49:54+00:00
drummer	postpone				human	imported from xlsx column I	2026-07-04T21:49:54+00:00
e	postpone				human	imported from xlsx column I	2026-07-04T21:49:54+00:00
eachother	postpone				human	imported from xlsx column I	2026-07-04T21:49:54+00:00
easel	postpone				human	imported from xlsx column I	2026-07-04T21:49:54+00:00
ecstatic	postpone				human	imported from xlsx column I	2026-07-04T21:49:54+00:00
eerie	postpone				human	imported from xlsx column I	2026-07-04T21:49:54+00:00
eh	postpone				human	imported from xlsx column I	2026-07-04T21:49:54+00:00
elbow	postpone				human	imported from xlsx column I	2026-07-04T21:49:54+00:00
elegant	postpone				human	imported from xlsx column I	2026-07-04T21:49:54+00:00
embarrass	postpone				human	imported from xlsx column I	2026-07-04T21:49:54+00:00
embrace	postpone				human	imported from xlsx column I	2026-07-04T21:49:54+00:00
empower	postpone				human	imported from xlsx column I	2026-07-04T21:49:54+00:00
enchant	postpone				human	imported from xlsx column I	2026-07-04T21:49:54+00:00
enclosure	postpone				human	imported from xlsx column I	2026-07-04T21:49:54+00:00
encouragement	postpone				human	imported from xlsx column I	2026-07-04T21:49:54+00:00
encouragingly	postpone				human	imported from xlsx column I	2026-07-04T21:49:54+00:00
endless	postpone				human	imported from xlsx column I	2026-07-04T21:49:54+00:00
endlessly	postpone				human	imported from xlsx column I	2026-07-04T21:49:54+00:00
enforce	postpone				human	imported from xlsx column I	2026-07-04T21:49:54+00:00
enthral	postpone				human	imported from xlsx column I	2026-07-04T21:49:54+00:00
enthusiastically	postpone				human	imported from xlsx column I	2026-07-04T21:49:54+00:00
esta	postpone				human	imported from xlsx column I	2026-07-04T21:49:54+00:00
etc	postpone				human	imported from xlsx column I	2026-07-04T21:49:54+00:00
eventhough	postpone				human	imported from xlsx column I	2026-07-04T21:49:54+00:00
exception	postpone				human	imported from xlsx column I	2026-07-04T21:49:54+00:00
excessive	postpone				human	imported from xlsx column I	2026-07-04T21:49:54+00:00
excite	postpone				human	imported from xlsx column I	2026-07-04T21:49:54+00:00
extravagance	postpone				human	imported from xlsx column I	2026-07-04T21:49:54+00:00
eyebrow	postpone				human	imported from xlsx column I	2026-07-04T21:49:54+00:00
eyeshadow	postpone				human	imported from xlsx column I	2026-07-04T21:49:54+00:00
farth	postpone				human	imported from xlsx column I	2026-07-04T21:49:54+00:00
fawn	postpone				human	imported from xlsx column I	2026-07-04T21:49:54+00:00
fearless	postpone				human	imported from xlsx column I	2026-07-04T21:49:54+00:00
festive	postpone				human	imported from xlsx column I	2026-07-04T21:49:54+00:00
fidget	postpone				human	imported from xlsx column I	2026-07-04T21:49:54+00:00
fighter	postpone				human	imported from xlsx column I	2026-07-04T21:49:54+00:00
filling	postpone				human	imported from xlsx column I	2026-07-04T21:49:54+00:00
finder	postpone				human	imported from xlsx column I	2026-07-04T21:49:54+00:00
firewood	postpone				human	imported from xlsx column I	2026-07-04T21:49:54+00:00
fleck	postpone				human	imported from xlsx column I	2026-07-04T21:49:54+00:00
flee	postpone				human	imported from xlsx column I	2026-07-04T21:49:54+00:00
fleeting	postpone				human	imported from xlsx column I	2026-07-04T21:49:54+00:00
flex	postpone				human	imported from xlsx column I	2026-07-04T21:49:54+00:00
flick	postpone				human	imported from xlsx column I	2026-07-04T21:49:54+00:00
flier	postpone				human	imported from xlsx column I	2026-07-04T21:49:54+00:00
flit	postpone				human	imported from xlsx column I	2026-07-04T21:49:54+00:00
flowerbe	postpone				human	imported from xlsx column I	2026-07-04T21:49:54+00:00
flowerpot	postpone				human	imported from xlsx column I	2026-07-04T21:49:54+00:00
fondness	postpone				human	imported from xlsx column I	2026-07-04T21:49:54+00:00
fool	postpone				human	imported from xlsx column I	2026-07-04T21:49:54+00:00
foolishness	postpone				human	imported from xlsx column I	2026-07-04T21:49:54+00:00
forgetful	postpone				human	imported from xlsx column I	2026-07-04T21:49:54+00:00
fortress	postpone				human	imported from xlsx column I	2026-07-04T21:49:54+00:00
fortunate	postpone				human	imported from xlsx column I	2026-07-04T21:49:54+00:00
forwards	postpone				human	imported from xlsx column I	2026-07-04T21:49:54+00:00
freely	postpone				human	imported from xlsx column I	2026-07-04T21:49:54+00:00
freshly	postpone				human	imported from xlsx column I	2026-07-04T21:49:54+00:00
frilly	postpone				human	imported from xlsx column I	2026-07-04T21:49:54+00:00
fulfil	postpone				human	imported from xlsx column I	2026-07-04T21:49:54+00:00
fumble	postpone				human	imported from xlsx column I	2026-07-04T21:49:54+00:00
funeral	postpone				human	imported from xlsx column I	2026-07-04T21:49:54+00:00
funn	postpone				human	imported from xlsx column I	2026-07-04T21:49:54+00:00
funniest	postpone				human	imported from xlsx column I	2026-07-04T21:49:54+00:00
furthest	postpone				human	imported from xlsx column I	2026-07-04T21:49:54+00:00
fuzzier	postpone				human	imported from xlsx column I	2026-07-04T21:49:54+00:00
galore	postpone				human	imported from xlsx column I	2026-07-04T21:49:54+00:00
genius	postpone				human	imported from xlsx column I	2026-07-04T21:49:54+00:00
gentlly	postpone				human	imported from xlsx column I	2026-07-04T21:49:54+00:00
glacier	postpone				human	imported from xlsx column I	2026-07-04T21:49:54+00:00
gliding	postpone				human	imported from xlsx column I	2026-07-04T21:49:54+00:00
glimpse	postpone				human	imported from xlsx column I	2026-07-04T21:49:54+00:00
glint	postpone				human	imported from xlsx column I	2026-07-04T21:49:54+00:00
gloom	postpone				human	imported from xlsx column I	2026-07-04T21:49:54+00:00
gluing	postpone				human	imported from xlsx column I	2026-07-04T21:49:54+00:00
goggle	postpone				human	imported from xlsx column I	2026-07-04T21:49:54+00:00
gooey	postpone				human	imported from xlsx column I	2026-07-04T21:49:54+00:00
gown	postpone				human	imported from xlsx column I	2026-07-04T21:49:54+00:00
gratefully	postpone				human	imported from xlsx column I	2026-07-04T21:49:54+00:00
griddle	postpone				human	imported from xlsx column I	2026-07-04T21:49:54+00:00
grimy	postpone				human	imported from xlsx column I	2026-07-04T21:49:54+00:00
gruff	postpone				human	imported from xlsx column I	2026-07-04T21:49:54+00:00
grumpiest	postpone				human	imported from xlsx column I	2026-07-04T21:49:54+00:00
guffaw	postpone				human	imported from xlsx column I	2026-07-04T21:49:54+00:00
guilt	postpone				human	imported from xlsx column I	2026-07-04T21:49:54+00:00
guiltily	postpone				human	imported from xlsx column I	2026-07-04T21:49:54+00:00
gunshot	postpone				human	imported from xlsx column I	2026-07-04T21:49:54+00:00
hairstyle	postpone				human	imported from xlsx column I	2026-07-04T21:49:54+00:00
halfway	postpone				human	imported from xlsx column I	2026-07-04T21:49:54+00:00
hamburger	postpone				human	imported from xlsx column I	2026-07-04T21:49:54+00:00
happenne	postpone				human	imported from xlsx column I	2026-07-04T21:49:54+00:00
hardwork	postpone				human	imported from xlsx column I	2026-07-04T21:49:54+00:00
harness	postpone				human	imported from xlsx column I	2026-07-04T21:49:54+00:00
heap	postpone				human	imported from xlsx column I	2026-07-04T21:49:54+00:00
hearte	postpone				human	imported from xlsx column I	2026-07-04T21:49:54+00:00
heater	postpone				human	imported from xlsx column I	2026-07-04T21:49:54+00:00
hedgewit	postpone				human	imported from xlsx column I	2026-07-04T21:49:54+00:00
helpamy	postpone				human	imported from xlsx column I	2026-07-04T21:49:54+00:00
hesitantly	postpone				human	imported from xlsx column I	2026-07-04T21:49:54+00:00
hilarious	postpone				human	imported from xlsx column I	2026-07-04T21:49:54+00:00
hilltop	postpone				human	imported from xlsx column I	2026-07-04T21:49:54+00:00
him-	postpone				human	imported from xlsx column I	2026-07-04T21:49:54+00:00
hippos	postpone				human	imported from xlsx column I	2026-07-04T21:49:54+00:00
hoist	postpone				human	imported from xlsx column I	2026-07-04T21:49:54+00:00
homemade	postpone				human	imported from xlsx column I	2026-07-04T21:49:54+00:00
homeward	postpone				human	imported from xlsx column I	2026-07-04T21:49:54+00:00
honestly	postpone				human	imported from xlsx column I	2026-07-04T21:49:54+00:00
honeycomb	postpone				human	imported from xlsx column I	2026-07-04T21:49:54+00:00
honorary	postpone				human	imported from xlsx column I	2026-07-04T21:49:54+00:00
hopefully	postpone				human	imported from xlsx column I	2026-07-04T21:49:54+00:00
hosepipe	postpone				human	imported from xlsx column I	2026-07-04T21:49:54+00:00
howl	postpone				human	imported from xlsx column I	2026-07-04T21:49:54+00:00
huff	postpone				human	imported from xlsx column I	2026-07-04T21:49:54+00:00
humbly	postpone				human	imported from xlsx column I	2026-07-04T21:49:54+00:00
hunker	postpone				human	imported from xlsx column I	2026-07-04T21:49:54+00:00
hurray	postpone				human	imported from xlsx column I	2026-07-04T21:49:54+00:00
iceberg	postpone				human	imported from xlsx column I	2026-07-04T21:49:54+00:00
icky	postpone				human	imported from xlsx column I	2026-07-04T21:49:54+00:00
identical	postpone				human	imported from xlsx column I	2026-07-04T21:49:54+00:00
ignition	postpone				human	imported from xlsx column I	2026-07-04T21:49:54+00:00
ignorance	postpone				human	imported from xlsx column I	2026-07-04T21:49:54+00:00
imaginable	postpone				human	imported from xlsx column I	2026-07-04T21:49:54+00:00
imaginative	postpone				human	imported from xlsx column I	2026-07-04T21:49:54+00:00
impatience	postpone				human	imported from xlsx column I	2026-07-04T21:49:54+00:00
independently	postpone				human	imported from xlsx column I	2026-07-04T21:49:54+00:00
inevitable	postpone				human	imported from xlsx column I	2026-07-04T21:49:54+00:00
inevitably	postpone				human	imported from xlsx column I	2026-07-04T21:49:54+00:00
infect	postpone				human	imported from xlsx column I	2026-07-04T21:49:54+00:00
infectious	postpone				human	imported from xlsx column I	2026-07-04T21:49:54+00:00
injection	postpone				human	imported from xlsx column I	2026-07-04T21:49:54+00:00
inquire	postpone				human	imported from xlsx column I	2026-07-04T21:49:54+00:00
inscribe	postpone				human	imported from xlsx column I	2026-07-04T21:49:54+00:00
inseperable	postpone				human	imported from xlsx column I	2026-07-04T21:49:54+00:00
inspection	postpone				human	imported from xlsx column I	2026-07-04T21:49:54+00:00
instant	postpone				human	imported from xlsx column I	2026-07-04T21:49:54+00:00
instinctively	postpone				human	imported from xlsx column I	2026-07-04T21:49:54+00:00
intensely	postpone				human	imported from xlsx column I	2026-07-04T21:49:54+00:00
intruder	postpone				human	imported from xlsx column I	2026-07-04T21:49:54+00:00
jabbed	postpone				human	imported from xlsx column I	2026-07-04T21:49:54+00:00
jaw	postpone				human	imported from xlsx column I	2026-07-04T21:49:54+00:00
jealousy	postpone				human	imported from xlsx column I	2026-07-04T21:49:54+00:00
jig	postpone				human	imported from xlsx column I	2026-07-04T21:49:54+00:00
jiggle	postpone				human	imported from xlsx column I	2026-07-04T21:49:54+00:00
jiggly	postpone				human	imported from xlsx column I	2026-07-04T21:49:54+00:00
jigsaw	postpone				human	imported from xlsx column I	2026-07-04T21:49:54+00:00
joyous	postpone				human	imported from xlsx column I	2026-07-04T21:49:54+00:00
joystick	postpone				human	imported from xlsx column I	2026-07-04T21:49:54+00:00
judgement	postpone				human	imported from xlsx column I	2026-07-04T21:49:54+00:00
jumble	postpone				human	imported from xlsx column I	2026-07-04T21:49:54+00:00
justo	postpone				human	imported from xlsx column I	2026-07-04T21:49:54+00:00
kayaker	postpone				human	imported from xlsx column I	2026-07-04T21:49:54+00:00
keepsake	postpone				human	imported from xlsx column I	2026-07-04T21:49:54+00:00
kernel	postpone				human	imported from xlsx column I	2026-07-04T21:49:54+00:00
keyhole	postpone				human	imported from xlsx column I	2026-07-04T21:49:54+00:00
knowledgeable	postpone				human	imported from xlsx column I	2026-07-04T21:49:54+00:00
lavish	postpone				human	imported from xlsx column I	2026-07-04T21:49:54+00:00
laze	postpone				human	imported from xlsx column I	2026-07-04T21:49:54+00:00
ledge	postpone				human	imported from xlsx column I	2026-07-04T21:49:54+00:00
leftover	postpone				human	imported from xlsx column I	2026-07-04T21:49:54+00:00
lesson-	postpone				human	imported from xlsx column I	2026-07-04T21:49:54+00:00
lifetime	postpone				human	imported from xlsx column I	2026-07-04T21:49:54+00:00
lipstick	postpone				human	imported from xlsx column I	2026-07-04T21:49:54+00:00
litter	postpone				human	imported from xlsx column I	2026-07-04T21:49:54+00:00
littler	postpone				human	imported from xlsx column I	2026-07-04T21:49:54+00:00
litttle	postpone				human	imported from xlsx column I	2026-07-04T21:49:54+00:00
loaf	postpone				human	imported from xlsx column I	2026-07-04T21:49:54+00:00
locker	postpone				human	imported from xlsx column I	2026-07-04T21:49:54+00:00
lolly	postpone				human	imported from xlsx column I	2026-07-04T21:49:54+00:00
longing	postpone				human	imported from xlsx column I	2026-07-04T21:49:54+00:00
loudness	postpone				human	imported from xlsx column I	2026-07-04T21:49:54+00:00
loudspeaker	postpone				human	imported from xlsx column I	2026-07-04T21:49:54+00:00
lounge	postpone				human	imported from xlsx column I	2026-07-04T21:49:54+00:00
lovable	postpone				human	imported from xlsx column I	2026-07-04T21:49:54+00:00
loyalty	postpone				human	imported from xlsx column I	2026-07-04T21:49:54+00:00
lump	postpone				human	imported from xlsx column I	2026-07-04T21:49:54+00:00
lunchbox	postpone				human	imported from xlsx column I	2026-07-04T21:49:54+00:00
lurk	postpone				human	imported from xlsx column I	2026-07-04T21:49:54+00:00
luxurious	postpone				human	imported from xlsx column I	2026-07-04T21:49:54+00:00
machinery	postpone				human	imported from xlsx column I	2026-07-04T21:49:54+00:00
madder	postpone				human	imported from xlsx column I	2026-07-04T21:49:54+00:00
magcally	postpone				human	imported from xlsx column I	2026-07-04T21:49:54+00:00
magnificent	postpone				human	imported from xlsx column I	2026-07-04T21:49:54+00:00
magnify	postpone				human	imported from xlsx column I	2026-07-04T21:49:54+00:00
magpie	postpone				human	imported from xlsx column I	2026-07-04T21:49:54+00:00
majestic	postpone				human	imported from xlsx column I	2026-07-04T21:49:54+00:00
mandala	postpone				human	imported from xlsx column I	2026-07-04T21:49:54+00:00
marketplace	postpone				human	imported from xlsx column I	2026-07-04T21:49:54+00:00
matey	postpone				human	imported from xlsx column I	2026-07-04T21:49:54+00:00
meander	postpone				human	imported from xlsx column I	2026-07-04T21:49:54+00:00
meatball	postpone				human	imported from xlsx column I	2026-07-04T21:49:54+00:00
melodious	postpone				human	imported from xlsx column I	2026-07-04T21:49:54+00:00
mend	postpone				human	imported from xlsx column I	2026-07-04T21:49:54+00:00
mesmerise	postpone				human	imported from xlsx column I	2026-07-04T21:49:54+00:00
mew	postpone				human	imported from xlsx column I	2026-07-04T21:49:54+00:00
mewing	postpone				human	imported from xlsx column I	2026-07-04T21:49:54+00:00
microwave	postpone				human	imported from xlsx column I	2026-07-04T21:49:54+00:00
mightier	postpone				human	imported from xlsx column I	2026-07-04T21:49:54+00:00
mindful	postpone				human	imported from xlsx column I	2026-07-04T21:49:54+00:00
miraculously	postpone				human	imported from xlsx column I	2026-07-04T21:49:54+00:00
misery	postpone				human	imported from xlsx column I	2026-07-04T21:49:54+00:00
moan	postpone				human	imported from xlsx column I	2026-07-04T21:49:54+00:00
moat	postpone				human	imported from xlsx column I	2026-07-04T21:49:54+00:00
mock	postpone				human	imported from xlsx column I	2026-07-04T21:49:54+00:00
modesty	postpone				human	imported from xlsx column I	2026-07-04T21:49:54+00:00
mold	postpone				human	imported from xlsx column I	2026-07-04T21:49:54+00:00
"mother,""can"	postpone				human	imported from xlsx column I	2026-07-04T21:49:54+00:00
motionless	postpone				human	imported from xlsx column I	2026-07-04T21:49:54+00:00
mound	postpone				human	imported from xlsx column I	2026-07-04T21:49:54+00:00
mountainside	postpone				human	imported from xlsx column I	2026-07-04T21:49:54+00:00
mourn	postpone				human	imported from xlsx column I	2026-07-04T21:49:54+00:00
mover	postpone				human	imported from xlsx column I	2026-07-04T21:49:54+00:00
multi	postpone				human	imported from xlsx column I	2026-07-04T21:49:54+00:00
mumble	postpone				human	imported from xlsx column I	2026-07-04T21:49:54+00:00
mutter	postpone				human	imported from xlsx column I	2026-07-04T21:49:54+00:00
naptime	postpone				human	imported from xlsx column I	2026-07-04T21:49:54+00:00
navigate	postpone				human	imported from xlsx column I	2026-07-04T21:49:54+00:00
needel	postpone				human	imported from xlsx column I	2026-07-04T21:49:54+00:00
neglect	postpone				human	imported from xlsx column I	2026-07-04T21:49:54+00:00
nephew	postpone				human	imported from xlsx column I	2026-07-04T21:49:54+00:00
newly	postpone				human	imported from xlsx column I	2026-07-04T21:49:54+00:00
nickname	postpone				human	imported from xlsx column I	2026-07-04T21:49:54+00:00
niece	postpone				human	imported from xlsx column I	2026-07-04T21:49:54+00:00
nighttime	postpone				human	imported from xlsx column I	2026-07-04T21:49:54+00:00
nonsense	postpone				human	imported from xlsx column I	2026-07-04T21:49:54+00:00
nudge	postpone				human	imported from xlsx column I	2026-07-04T21:49:54+00:00
nugget	postpone				human	imported from xlsx column I	2026-07-04T21:49:54+00:00
o'clock	postpone				human	imported from xlsx column I	2026-07-04T21:49:54+00:00
oar	postpone				human	imported from xlsx column I	2026-07-04T21:49:54+00:00
obedience	postpone				human	imported from xlsx column I	2026-07-04T21:49:54+00:00
observant	postpone				human	imported from xlsx column I	2026-07-04T21:49:54+00:00
odor	postpone				human	imported from xlsx column I	2026-07-04T21:49:54+00:00
offering	postpone				human	imported from xlsx column I	2026-07-04T21:49:54+00:00
officially	postpone				human	imported from xlsx column I	2026-07-04T21:49:54+00:00
oink	postpone				human	imported from xlsx column I	2026-07-04T21:49:54+00:00
operas	postpone				human	imported from xlsx column I	2026-07-04T21:49:54+00:00
operator	postpone				human	imported from xlsx column I	2026-07-04T21:49:54+00:00
opportunistic	postpone				human	imported from xlsx column I	2026-07-04T21:49:54+00:00
optimistic	postpone				human	imported from xlsx column I	2026-07-04T21:49:54+00:00
ounce	postpone				human	imported from xlsx column I	2026-07-04T21:49:54+00:00
outrun	postpone				human	imported from xlsx column I	2026-07-04T21:49:54+00:00
outsider	postpone				human	imported from xlsx column I	2026-07-04T21:49:54+00:00
outsite	postpone				human	imported from xlsx column I	2026-07-04T21:49:54+00:00
outsmart	postpone				human	imported from xlsx column I	2026-07-04T21:49:54+00:00
outstretche	postpone				human	imported from xlsx column I	2026-07-04T21:49:54+00:00
overcame	postpone				human	imported from xlsx column I	2026-07-04T21:49:54+00:00
overhear	postpone				human	imported from xlsx column I	2026-07-04T21:49:54+00:00
overnight	postpone				human	imported from xlsx column I	2026-07-04T21:49:54+00:00
overwhelm	postpone				human	imported from xlsx column I	2026-07-04T21:49:54+00:00
packet	postpone				human	imported from xlsx column I	2026-07-04T21:49:54+00:00
pal	postpone				human	imported from xlsx column I	2026-07-04T21:49:54+00:00
par	postpone				human	imported from xlsx column I	2026-07-04T21:49:54+00:00
parachute	postpone				human	imported from xlsx column I	2026-07-04T21:49:54+00:00
paradise	postpone				human	imported from xlsx column I	2026-07-04T21:49:54+00:00
parlor	postpone				human	imported from xlsx column I	2026-07-04T21:49:54+00:00
passageway	postpone				human	imported from xlsx column I	2026-07-04T21:49:54+00:00
pathway	postpone				human	imported from xlsx column I	2026-07-04T21:49:54+00:00
patter	postpone				human	imported from xlsx column I	2026-07-04T21:49:54+00:00
peat	postpone				human	imported from xlsx column I	2026-07-04T21:49:54+00:00
perfection	postpone				human	imported from xlsx column I	2026-07-04T21:49:54+00:00
performer	postpone				human	imported from xlsx column I	2026-07-04T21:49:54+00:00
petrify	postpone				human	imported from xlsx column I	2026-07-04T21:49:54+00:00
pew	postpone				human	imported from xlsx column I	2026-07-04T21:49:54+00:00
pip	postpone				human	imported from xlsx column I	2026-07-04T21:49:54+00:00
pitter	postpone				human	imported from xlsx column I	2026-07-04T21:49:54+00:00
playdate	postpone				human	imported from xlsx column I	2026-07-04T21:49:54+00:00
playthe	postpone				human	imported from xlsx column I	2026-07-04T21:49:54+00:00
plea	postpone				human	imported from xlsx column I	2026-07-04T21:49:54+00:00
pleadingly	postpone				human	imported from xlsx column I	2026-07-04T21:49:54+00:00
pleeease	postpone				human	imported from xlsx column I	2026-07-04T21:49:54+00:00
plump	postpone				human	imported from xlsx column I	2026-07-04T21:49:54+00:00
plush	postpone				human	imported from xlsx column I	2026-07-04T21:49:54+00:00
politeness	postpone				human	imported from xlsx column I	2026-07-04T21:49:54+00:00
pollen	postpone				human	imported from xlsx column I	2026-07-04T21:49:54+00:00
pollute	postpone				human	imported from xlsx column I	2026-07-04T21:49:54+00:00
poof	postpone				human	imported from xlsx column I	2026-07-04T21:49:54+00:00
poolside	postpone				human	imported from xlsx column I	2026-07-04T21:49:54+00:00
portion	postpone				human	imported from xlsx column I	2026-07-04T21:49:54+00:00
postman	postpone				human	imported from xlsx column I	2026-07-04T21:49:54+00:00
powerless	postpone				human	imported from xlsx column I	2026-07-04T21:49:54+00:00
practicig	postpone				human	imported from xlsx column I	2026-07-04T21:49:54+00:00
pre	postpone				human	imported from xlsx column I	2026-07-04T21:49:54+00:00
precariously	postpone				human	imported from xlsx column I	2026-07-04T21:49:54+00:00
precise	postpone				human	imported from xlsx column I	2026-07-04T21:49:54+00:00
preference	postpone				human	imported from xlsx column I	2026-07-04T21:49:54+00:00
presto	postpone				human	imported from xlsx column I	2026-07-04T21:49:54+00:00
promotion	postpone				human	imported from xlsx column I	2026-07-04T21:49:54+00:00
puck	postpone				human	imported from xlsx column I	2026-07-04T21:49:54+00:00
puffy	postpone				human	imported from xlsx column I	2026-07-04T21:49:54+00:00
pump	postpone				human	imported from xlsx column I	2026-07-04T21:49:54+00:00
punch	postpone				human	imported from xlsx column I	2026-07-04T21:49:54+00:00
puzzlw	postpone				human	imported from xlsx column I	2026-07-04T21:49:54+00:00
pyjama	postpone				human	imported from xlsx column I	2026-07-04T21:49:54+00:00
quest	postpone				human	imported from xlsx column I	2026-07-04T21:49:54+00:00
quit3	postpone				human	imported from xlsx column I	2026-07-04T21:49:54+00:00
racket	postpone				human	imported from xlsx column I	2026-07-04T21:49:54+00:00
rage	postpone				human	imported from xlsx column I	2026-07-04T21:49:54+00:00
rainfall	postpone				human	imported from xlsx column I	2026-07-04T21:49:54+00:00
rainstorm	postpone				human	imported from xlsx column I	2026-07-04T21:49:54+00:00
rainwater	postpone				human	imported from xlsx column I	2026-07-04T21:49:54+00:00
ramp	postpone				human	imported from xlsx column I	2026-07-04T21:49:54+00:00
rash	postpone				human	imported from xlsx column I	2026-07-04T21:49:54+00:00
raspberry	postpone				human	imported from xlsx column I	2026-07-04T21:49:54+00:00
rattle	postpone				human	imported from xlsx column I	2026-07-04T21:49:54+00:00
readily	postpone				human	imported from xlsx column I	2026-07-04T21:49:54+00:00
realization	postpone				human	imported from xlsx column I	2026-07-04T21:49:54+00:00
reap	postpone				human	imported from xlsx column I	2026-07-04T21:49:54+00:00
rearrange	postpone				human	imported from xlsx column I	2026-07-04T21:49:54+00:00
reassurance	postpone				human	imported from xlsx column I	2026-07-04T21:49:54+00:00
recital	postpone				human	imported from xlsx column I	2026-07-04T21:49:54+00:00
recognise	postpone				human	imported from xlsx column I	2026-07-04T21:49:54+00:00
recount	postpone				human	imported from xlsx column I	2026-07-04T21:49:54+00:00
recovery	postpone				human	imported from xlsx column I	2026-07-04T21:49:54+00:00
reel	postpone				human	imported from xlsx column I	2026-07-04T21:49:54+00:00
refreshingly	postpone				human	imported from xlsx column I	2026-07-04T21:49:54+00:00
refusal	postpone				human	imported from xlsx column I	2026-07-04T21:49:54+00:00
rein	postpone				human	imported from xlsx column I	2026-07-04T21:49:54+00:00
relent	postpone				human	imported from xlsx column I	2026-07-04T21:49:54+00:00
remarkable	postpone				human	imported from xlsx column I	2026-07-04T21:49:54+00:00
repeatedly	postpone				human	imported from xlsx column I	2026-07-04T21:49:54+00:00
repeatly	postpone				human	imported from xlsx column I	2026-07-04T21:49:54+00:00
"replied:""oh"	postpone				human	imported from xlsx column I	2026-07-04T21:49:54+00:00
rescuer	postpone				human	imported from xlsx column I	2026-07-04T21:49:54+00:00
reset	postpone				human	imported from xlsx column I	2026-07-04T21:49:54+00:00
resign	postpone				human	imported from xlsx column I	2026-07-04T21:49:54+00:00
resourceful	postpone				human	imported from xlsx column I	2026-07-04T21:49:54+00:00
resourcefulness	postpone				human	imported from xlsx column I	2026-07-04T21:49:54+00:00
restart	postpone				human	imported from xlsx column I	2026-07-04T21:49:54+00:00
retye	postpone				human	imported from xlsx column I	2026-07-04T21:49:54+00:00
reverse-	postpone				human	imported from xlsx column I	2026-07-04T21:49:54+00:00
reversinng	postpone				human	imported from xlsx column I	2026-07-04T21:49:54+00:00
rhyme	postpone				human	imported from xlsx column I	2026-07-04T21:49:54+00:00
rib	postpone				human	imported from xlsx column I	2026-07-04T21:49:54+00:00
rider	postpone				human	imported from xlsx column I	2026-07-04T21:49:54+00:00
ridiculous	postpone				human	imported from xlsx column I	2026-07-04T21:49:54+00:00
rightful	postpone				human	imported from xlsx column I	2026-07-04T21:49:54+00:00
ripen	postpone				human	imported from xlsx column I	2026-07-04T21:49:54+00:00
ripple	postpone				human	imported from xlsx column I	2026-07-04T21:49:54+00:00
risky	postpone				human	imported from xlsx column I	2026-07-04T21:49:54+00:00
riverside	postpone				human	imported from xlsx column I	2026-07-04T21:49:54+00:00
robe	postpone				human	imported from xlsx column I	2026-07-04T21:49:54+00:00
rose	postpone				human	imported from xlsx column I	2026-07-04T21:49:54+00:00
rosemary	postpone				human	imported from xlsx column I	2026-07-04T21:49:54+00:00
roughly	postpone				human	imported from xlsx column I	2026-07-04T21:49:54+00:00
roundest	postpone				human	imported from xlsx column I	2026-07-04T21:49:54+00:00
rowboat	postpone				human	imported from xlsx column I	2026-07-04T21:49:54+00:00
rubbish	postpone				human	imported from xlsx column I	2026-07-04T21:49:54+00:00
rudely	postpone				human	imported from xlsx column I	2026-07-04T21:49:54+00:00
rummage	postpone				human	imported from xlsx column I	2026-07-04T21:49:54+00:00
rung	postpone				human	imported from xlsx column I	2026-07-04T21:49:54+00:00
runnne	postpone				human	imported from xlsx column I	2026-07-04T21:49:54+00:00
rust	postpone				human	imported from xlsx column I	2026-07-04T21:49:54+00:00
"said,""if"	postpone				human	imported from xlsx column I	2026-07-04T21:49:54+00:00
"said,""okay"	postpone				human	imported from xlsx column I	2026-07-04T21:49:54+00:00
"said,""this"	postpone				human	imported from xlsx column I	2026-07-04T21:49:54+00:00
"said:""mummy"	postpone				human	imported from xlsx column I	2026-07-04T21:49:54+00:00
salon	postpone				human	imported from xlsx column I	2026-07-04T21:49:54+00:00
sandal	postpone				human	imported from xlsx column I	2026-07-04T21:49:54+00:00
sap	postpone				human	imported from xlsx column I	2026-07-04T21:49:54+00:00
saunter	postpone				human	imported from xlsx column I	2026-07-04T21:49:54+00:00
scaredy	postpone				human	imported from xlsx column I	2026-07-04T21:49:54+00:00
scariness	postpone				human	imported from xlsx column I	2026-07-04T21:49:54+00:00
scourging	postpone				human	imported from xlsx column I	2026-07-04T21:49:54+00:00
scrape	postpone				human	imported from xlsx column I	2026-07-04T21:49:54+00:00
"screamed,""help"	postpone				human	imported from xlsx column I	2026-07-04T21:49:54+00:00
screech	postpone				human	imported from xlsx column I	2026-07-04T21:49:54+00:00
scrunch	postpone				human	imported from xlsx column I	2026-07-04T21:49:54+00:00
scuttle	postpone				human	imported from xlsx column I	2026-07-04T21:49:54+00:00
secretly	postpone				human	imported from xlsx column I	2026-07-04T21:49:54+00:00
securely	postpone				human	imported from xlsx column I	2026-07-04T21:49:54+00:00
seize	postpone				human	imported from xlsx column I	2026-07-04T21:49:54+00:00
selfie	postpone				human	imported from xlsx column I	2026-07-04T21:49:54+00:00
selfishness	postpone				human	imported from xlsx column I	2026-07-04T21:49:54+00:00
seller	postpone				human	imported from xlsx column I	2026-07-04T21:49:54+00:00
sermon	postpone				human	imported from xlsx column I	2026-07-04T21:49:54+00:00
server	postpone				human	imported from xlsx column I	2026-07-04T21:49:54+00:00
shaky	postpone				human	imported from xlsx column I	2026-07-04T21:49:54+00:00
sharer	postpone				human	imported from xlsx column I	2026-07-04T21:49:54+00:00
sheepishly	postpone				human	imported from xlsx column I	2026-07-04T21:49:54+00:00
shoebox	postpone				human	imported from xlsx column I	2026-07-04T21:49:54+00:00
shovels	postpone				human	imported from xlsx column I	2026-07-04T21:49:54+00:00
shriek	postpone				human	imported from xlsx column I	2026-07-04T21:49:54+00:00
shrinker	postpone				human	imported from xlsx column I	2026-07-04T21:49:54+00:00
shrunk	postpone				human	imported from xlsx column I	2026-07-04T21:49:54+00:00
shyness	postpone				human	imported from xlsx column I	2026-07-04T21:49:54+00:00
sickness	postpone				human	imported from xlsx column I	2026-07-04T21:49:54+00:00
sideline	postpone				human	imported from xlsx column I	2026-07-04T21:49:54+00:00
signature	postpone				human	imported from xlsx column I	2026-07-04T21:49:54+00:00
sillyness	postpone				human	imported from xlsx column I	2026-07-04T21:49:54+00:00
silverware	postpone				human	imported from xlsx column I	2026-07-04T21:49:54+00:00
simmer	postpone				human	imported from xlsx column I	2026-07-04T21:49:54+00:00
skate	postpone				human	imported from xlsx column I	2026-07-04T21:49:54+00:00
sketch	postpone				human	imported from xlsx column I	2026-07-04T21:49:54+00:00
skillfully	postpone				human	imported from xlsx column I	2026-07-04T21:49:54+00:00
slash	postpone				human	imported from xlsx column I	2026-07-04T21:49:54+00:00
sleepyhead	postpone				human	imported from xlsx column I	2026-07-04T21:49:54+00:00
slim	postpone				human	imported from xlsx column I	2026-07-04T21:49:54+00:00
sloppy	postpone				human	imported from xlsx column I	2026-07-04T21:49:54+00:00
slurp	postpone				human	imported from xlsx column I	2026-07-04T21:49:54+00:00
sly	postpone				human	imported from xlsx column I	2026-07-04T21:49:54+00:00
smelly-	postpone				human	imported from xlsx column I	2026-07-04T21:49:54+00:00
smock	postpone				human	imported from xlsx column I	2026-07-04T21:49:54+00:00
smooshy	postpone				human	imported from xlsx column I	2026-07-04T21:49:54+00:00
smoother	postpone				human	imported from xlsx column I	2026-07-04T21:49:54+00:00
smoothness	postpone				human	imported from xlsx column I	2026-07-04T21:49:54+00:00
smug	postpone				human	imported from xlsx column I	2026-07-04T21:49:54+00:00
snache	postpone				human	imported from xlsx column I	2026-07-04T21:49:54+00:00
sneakily	postpone				human	imported from xlsx column I	2026-07-04T21:49:54+00:00
snip	postpone				human	imported from xlsx column I	2026-07-04T21:49:54+00:00
snivel	postpone				human	imported from xlsx column I	2026-07-04T21:49:54+00:00
snowstorm	postpone				human	imported from xlsx column I	2026-07-04T21:49:54+00:00
snug	postpone				human	imported from xlsx column I	2026-07-04T21:49:54+00:00
solemnly	postpone				human	imported from xlsx column I	2026-07-04T21:49:54+00:00
solver	postpone				human	imported from xlsx column I	2026-07-04T21:49:54+00:00
someplace	postpone				human	imported from xlsx column I	2026-07-04T21:49:54+00:00
soooooo	postpone				human	imported from xlsx column I	2026-07-04T21:49:54+00:00
soot	postpone				human	imported from xlsx column I	2026-07-04T21:49:54+00:00
"sound,""thought"	postpone				human	imported from xlsx column I	2026-07-04T21:49:54+00:00
sound-	postpone				human	imported from xlsx column I	2026-07-04T21:49:54+00:00
spacesuit	postpone				human	imported from xlsx column I	2026-07-04T21:49:54+00:00
spar	postpone				human	imported from xlsx column I	2026-07-04T21:49:54+00:00
speck	postpone				human	imported from xlsx column I	2026-07-04T21:49:54+00:00
spectacle	postpone				human	imported from xlsx column I	2026-07-04T21:49:54+00:00
spew	postpone				human	imported from xlsx column I	2026-07-04T21:49:54+00:00
spikey	postpone				human	imported from xlsx column I	2026-07-04T21:49:54+00:00
spine	postpone				human	imported from xlsx column I	2026-07-04T21:49:54+00:00
spiral	postpone				human	imported from xlsx column I	2026-07-04T21:49:54+00:00
splatter	postpone				human	imported from xlsx column I	2026-07-04T21:49:54+00:00
splendid	postpone				human	imported from xlsx column I	2026-07-04T21:49:54+00:00
spot-	postpone				human	imported from xlsx column I	2026-07-04T21:49:54+00:00
sprayer	postpone				human	imported from xlsx column I	2026-07-04T21:49:54+00:00
springtime	postpone				human	imported from xlsx column I	2026-07-04T21:49:54+00:00
sprinke	postpone				human	imported from xlsx column I	2026-07-04T21:49:54+00:00
sprinkler	postpone				human	imported from xlsx column I	2026-07-04T21:49:54+00:00
sprint	postpone				human	imported from xlsx column I	2026-07-04T21:49:54+00:00
squat	postpone				human	imported from xlsx column I	2026-07-04T21:49:54+00:00
squiggle	postpone				human	imported from xlsx column I	2026-07-04T21:49:54+00:00
squirm	postpone				human	imported from xlsx column I	2026-07-04T21:49:54+00:00
staircase	postpone				human	imported from xlsx column I	2026-07-04T21:49:54+00:00
stallion	postpone				human	imported from xlsx column I	2026-07-04T21:49:54+00:00
starry	postpone				human	imported from xlsx column I	2026-07-04T21:49:54+00:00
starve	postpone				human	imported from xlsx column I	2026-07-04T21:49:54+00:00
stash	postpone				human	imported from xlsx column I	2026-07-04T21:49:54+00:00
steadily	postpone				human	imported from xlsx column I	2026-07-04T21:49:54+00:00
steamy	postpone				human	imported from xlsx column I	2026-07-04T21:49:54+00:00
stethoscope	postpone				human	imported from xlsx column I	2026-07-04T21:49:54+00:00
stinky	postpone				human	imported from xlsx column I	2026-07-04T21:49:54+00:00
stirrer	postpone				human	imported from xlsx column I	2026-07-04T21:49:54+00:00
stopper	postpone				human	imported from xlsx column I	2026-07-04T21:49:54+00:00
strangely	postpone				human	imported from xlsx column I	2026-07-04T21:49:54+00:00
streak	postpone				human	imported from xlsx column I	2026-07-04T21:49:54+00:00
stretchy	postpone				human	imported from xlsx column I	2026-07-04T21:49:54+00:00
strew	postpone				human	imported from xlsx column I	2026-07-04T21:49:54+00:00
strive	postpone				human	imported from xlsx column I	2026-07-04T21:49:54+00:00
stub	postpone				human	imported from xlsx column I	2026-07-04T21:49:54+00:00
stuffy	postpone				human	imported from xlsx column I	2026-07-04T21:49:54+00:00
stun	postpone				human	imported from xlsx column I	2026-07-04T21:49:54+00:00
styling	postpone				human	imported from xlsx column I	2026-07-04T21:49:54+00:00
stylish	postpone				human	imported from xlsx column I	2026-07-04T21:49:54+00:00
suave	postpone				human	imported from xlsx column I	2026-07-04T21:49:54+00:00
submerge	postpone				human	imported from xlsx column I	2026-07-04T21:49:54+00:00
subside	postpone				human	imported from xlsx column I	2026-07-04T21:49:54+00:00
subtract	postpone				human	imported from xlsx column I	2026-07-04T21:49:54+00:00
summertime	postpone				human	imported from xlsx column I	2026-07-04T21:49:54+00:00
sunbathe	postpone				human	imported from xlsx column I	2026-07-04T21:49:54+00:00
sunbeam	postpone				human	imported from xlsx column I	2026-07-04T21:49:54+00:00
sunburnt	postpone				human	imported from xlsx column I	2026-07-04T21:49:54+00:00
sunnier	postpone				human	imported from xlsx column I	2026-07-04T21:49:54+00:00
suprise	postpone				human	imported from xlsx column I	2026-07-04T21:49:54+00:00
surf	postpone				human	imported from xlsx column I	2026-07-04T21:49:54+00:00
surfer	postpone				human	imported from xlsx column I	2026-07-04T21:49:54+00:00
surge	postpone				human	imported from xlsx column I	2026-07-04T21:49:54+00:00
surprised-	postpone				human	imported from xlsx column I	2026-07-04T21:49:54+00:00
suspend	postpone				human	imported from xlsx column I	2026-07-04T21:49:54+00:00
suspiciously	postpone				human	imported from xlsx column I	2026-07-04T21:49:54+00:00
swarm	postpone				human	imported from xlsx column I	2026-07-04T21:49:54+00:00
sweeter	postpone				human	imported from xlsx column I	2026-07-04T21:49:54+00:00
swingset	postpone				human	imported from xlsx column I	2026-07-04T21:49:54+00:00
swordfighte	postpone				human	imported from xlsx column I	2026-07-04T21:49:54+00:00
sympathetically	postpone				human	imported from xlsx column I	2026-07-04T21:49:54+00:00
takin	postpone				human	imported from xlsx column I	2026-07-04T21:49:54+00:00
tapestry	postpone				human	imported from xlsx column I	2026-07-04T21:49:54+00:00
tart	postpone				human	imported from xlsx column I	2026-07-04T21:49:54+00:00
teary	postpone				human	imported from xlsx column I	2026-07-04T21:49:54+00:00
teasier	postpone				human	imported from xlsx column I	2026-07-04T21:49:54+00:00
tender	postpone				human	imported from xlsx column I	2026-07-04T21:49:54+00:00
terror	postpone				human	imported from xlsx column I	2026-07-04T21:49:54+00:00
tester	postpone				human	imported from xlsx column I	2026-07-04T21:49:54+00:00
thaw	postpone				human	imported from xlsx column I	2026-07-04T21:49:54+00:00
thimble	postpone				human	imported from xlsx column I	2026-07-04T21:49:54+00:00
things-	postpone				human	imported from xlsx column I	2026-07-04T21:49:54+00:00
thinkin	postpone				human	imported from xlsx column I	2026-07-04T21:49:54+00:00
thirst	postpone				human	imported from xlsx column I	2026-07-04T21:49:54+00:00
thistle	postpone				human	imported from xlsx column I	2026-07-04T21:49:54+00:00
thorn	postpone				human	imported from xlsx column I	2026-07-04T21:49:54+00:00
thoroughly	postpone				human	imported from xlsx column I	2026-07-04T21:49:54+00:00
thoughtfully	postpone				human	imported from xlsx column I	2026-07-04T21:49:54+00:00
thrive	postpone				human	imported from xlsx column I	2026-07-04T21:49:54+00:00
throne	postpone				human	imported from xlsx column I	2026-07-04T21:49:54+00:00
thump	postpone				human	imported from xlsx column I	2026-07-04T21:49:54+00:00
thunderbolt	postpone				human	imported from xlsx column I	2026-07-04T21:49:54+00:00
tighter	postpone				human	imported from xlsx column I	2026-07-04T21:49:54+00:00
tightness	postpone				human	imported from xlsx column I	2026-07-04T21:49:54+00:00
tile	postpone				human	imported from xlsx column I	2026-07-04T21:49:54+00:00
timely	postpone				human	imported from xlsx column I	2026-07-04T21:49:54+00:00
tin	postpone				human	imported from xlsx column I	2026-07-04T21:49:54+00:00
ting	postpone				human	imported from xlsx column I	2026-07-04T21:49:54+00:00
tingly	postpone				human	imported from xlsx column I	2026-07-04T21:49:54+00:00
tinkle	postpone				human	imported from xlsx column I	2026-07-04T21:49:54+00:00
tippy	postpone				human	imported from xlsx column I	2026-07-04T21:49:54+00:00
tiptoes	postpone				human	imported from xlsx column I	2026-07-04T21:49:54+00:00
toad	postpone				human	imported from xlsx column I	2026-07-04T21:49:54+00:00
toaster	postpone				human	imported from xlsx column I	2026-07-04T21:49:54+00:00
toddle	postpone				human	imported from xlsx column I	2026-07-04T21:49:54+00:00
tokens	postpone				human	imported from xlsx column I	2026-07-04T21:49:54+00:00
topping	postpone				human	imported from xlsx column I	2026-07-04T21:49:54+00:00
topple	postpone				human	imported from xlsx column I	2026-07-04T21:49:54+00:00
tore	postpone				human	imported from xlsx column I	2026-07-04T21:49:54+00:00
tow	postpone				human	imported from xlsx column I	2026-07-04T21:49:54+00:00
traverse	postpone				human	imported from xlsx column I	2026-07-04T21:49:54+00:00
treasue	postpone				human	imported from xlsx column I	2026-07-04T21:49:54+00:00
trek	postpone				human	imported from xlsx column I	2026-07-04T21:49:54+00:00
trigger	postpone				human	imported from xlsx column I	2026-07-04T21:49:54+00:00
triumph	postpone				human	imported from xlsx column I	2026-07-04T21:49:54+00:00
triumphant	postpone				human	imported from xlsx column I	2026-07-04T21:49:54+00:00
trolley	postpone				human	imported from xlsx column I	2026-07-04T21:49:54+00:00
troublesome	postpone				human	imported from xlsx column I	2026-07-04T21:49:54+00:00
trundle	postpone				human	imported from xlsx column I	2026-07-04T21:49:54+00:00
truthful	postpone				human	imported from xlsx column I	2026-07-04T21:49:54+00:00
truthfully	postpone				human	imported from xlsx column I	2026-07-04T21:49:54+00:00
tutu	postpone				human	imported from xlsx column I	2026-07-04T21:49:54+00:00
twirly	postpone				human	imported from xlsx column I	2026-07-04T21:49:54+00:00
ufo	postpone				human	imported from xlsx column I	2026-07-04T21:49:54+00:00
ultimate	postpone				human	imported from xlsx column I	2026-07-04T21:49:54+00:00
unattended	postpone				human	imported from xlsx column I	2026-07-04T21:49:54+00:00
unbelievably	postpone				human	imported from xlsx column I	2026-07-04T21:49:54+00:00
unclean	postpone				human	imported from xlsx column I	2026-07-04T21:49:54+00:00
undress	postpone				human	imported from xlsx column I	2026-07-04T21:49:54+00:00
undye	postpone				human	imported from xlsx column I	2026-07-04T21:49:54+00:00
unfreeze	postpone				human	imported from xlsx column I	2026-07-04T21:49:54+00:00
unhook	postpone				human	imported from xlsx column I	2026-07-04T21:49:54+00:00
unhooked	postpone				human	imported from xlsx column I	2026-07-04T21:49:54+00:00
unicorns	postpone				human	imported from xlsx column I	2026-07-04T21:49:54+00:00
unimportant	postpone				human	imported from xlsx column I	2026-07-04T21:49:54+00:00
unity	postpone				human	imported from xlsx column I	2026-07-04T21:49:54+00:00
unlucky	postpone				human	imported from xlsx column I	2026-07-04T21:49:54+00:00
unnoticed	postpone				human	imported from xlsx column I	2026-07-04T21:49:54+00:00
unpackinng	postpone				human	imported from xlsx column I	2026-07-04T21:49:54+00:00
unpleasantly	postpone				human	imported from xlsx column I	2026-07-04T21:49:54+00:00
unstuck	postpone				human	imported from xlsx column I	2026-07-04T21:49:54+00:00
unwind	postpone				human	imported from xlsx column I	2026-07-04T21:49:54+00:00
unzip	postpone				human	imported from xlsx column I	2026-07-04T21:49:54+00:00
upside	postpone				human	imported from xlsx column I	2026-07-04T21:49:54+00:00
upstream	postpone				human	imported from xlsx column I	2026-07-04T21:49:54+00:00
upwards	postpone				human	imported from xlsx column I	2026-07-04T21:49:54+00:00
urgently	postpone				human	imported from xlsx column I	2026-07-04T21:49:54+00:00
utmost	postpone				human	imported from xlsx column I	2026-07-04T21:49:54+00:00
vacuum	postpone				human	imported from xlsx column I	2026-07-04T21:49:54+00:00
vibrate	postpone				human	imported from xlsx column I	2026-07-04T21:49:54+00:00
vibration	postpone				human	imported from xlsx column I	2026-07-04T21:49:54+00:00
victor	postpone				human	imported from xlsx column I	2026-07-04T21:49:54+00:00
vigorously	postpone				human	imported from xlsx column I	2026-07-04T21:49:54+00:00
virtue	postpone				human	imported from xlsx column I	2026-07-04T21:49:54+00:00
vivid	postpone				human	imported from xlsx column I	2026-07-04T21:49:54+00:00
void	postpone				human	imported from xlsx column I	2026-07-04T21:49:54+00:00
voyage	postpone				human	imported from xlsx column I	2026-07-04T21:49:54+00:00
wade	postpone				human	imported from xlsx column I	2026-07-04T21:49:54+00:00
waggly	postpone				human	imported from xlsx column I	2026-07-04T21:49:54+00:00
waggy	postpone				human	imported from xlsx column I	2026-07-04T21:49:54+00:00
walkway	postpone				human	imported from xlsx column I	2026-07-04T21:49:54+00:00
wary	postpone				human	imported from xlsx column I	2026-07-04T21:49:54+00:00
wasteful	postpone				human	imported from xlsx column I	2026-07-04T21:49:54+00:00
waver	postpone				human	imported from xlsx column I	2026-07-04T21:49:54+00:00
weaken	postpone				human	imported from xlsx column I	2026-07-04T21:49:54+00:00
weave	postpone				human	imported from xlsx column I	2026-07-04T21:49:54+00:00
webs	postpone				human	imported from xlsx column I	2026-07-04T21:49:54+00:00
weed	postpone				human	imported from xlsx column I	2026-07-04T21:49:54+00:00
wetness	postpone				human	imported from xlsx column I	2026-07-04T21:49:54+00:00
wetsuit	postpone				human	imported from xlsx column I	2026-07-04T21:49:54+00:00
whack	postpone				human	imported from xlsx column I	2026-07-04T21:49:54+00:00
whimper	postpone				human	imported from xlsx column I	2026-07-04T21:49:54+00:00
whirl	postpone				human	imported from xlsx column I	2026-07-04T21:49:54+00:00
whirling	postpone				human	imported from xlsx column I	2026-07-04T21:49:54+00:00
whirr	postpone				human	imported from xlsx column I	2026-07-04T21:49:54+00:00
whiteboard	postpone				human	imported from xlsx column I	2026-07-04T21:49:54+00:00
whiteness	postpone				human	imported from xlsx column I	2026-07-04T21:49:54+00:00
whoosh	postpone				human	imported from xlsx column I	2026-07-04T21:49:54+00:00
width	postpone				human	imported from xlsx column I	2026-07-04T21:49:54+00:00
wildflower	postpone				human	imported from xlsx column I	2026-07-04T21:49:54+00:00
willingness	postpone				human	imported from xlsx column I	2026-07-04T21:49:54+00:00
windmill	postpone				human	imported from xlsx column I	2026-07-04T21:49:54+00:00
wingbeat	postpone				human	imported from xlsx column I	2026-07-04T21:49:54+00:00
wonderfully	postpone				human	imported from xlsx column I	2026-07-04T21:49:54+00:00
woo	postpone				human	imported from xlsx column I	2026-07-04T21:49:54+00:00
woody	postpone				human	imported from xlsx column I	2026-07-04T21:49:54+00:00
wordless	postpone				human	imported from xlsx column I	2026-07-04T21:49:54+00:00
worriedly	postpone				human	imported from xlsx column I	2026-07-04T21:49:54+00:00
worsen	postpone				human	imported from xlsx column I	2026-07-04T21:49:54+00:00
wrapper	postpone				human	imported from xlsx column I	2026-07-04T21:49:54+00:00
wreck	postpone				human	imported from xlsx column I	2026-07-04T21:49:54+00:00
wriggle	postpone				human	imported from xlsx column I	2026-07-04T21:49:54+00:00
y	postpone				human	imported from xlsx column I	2026-07-04T21:49:54+00:00
ya	postpone				human	imported from xlsx column I	2026-07-04T21:49:54+00:00
yea	postpone				human	imported from xlsx column I	2026-07-04T21:49:54+00:00
yearn	postpone				human	imported from xlsx column I	2026-07-04T21:49:54+00:00
yip	postpone				human	imported from xlsx column I	2026-07-04T21:49:54+00:00
yummies--	postpone				human	imported from xlsx column I	2026-07-04T21:49:54+00:00
squeeze	accept				human	corpus sense = general press/compress; premi fits	2026-07-05T05:44:26+00:00
cushion	accept				human	clean anchor, kuseno = cushion	2026-07-05T05:45:30+00:00
eraser	accept				human	gumo = everyday eraser	2026-07-05T05:45:59+00:00
higher	accept		alt	alta	human	comparative of high; corpus sense = altitude, not supra/upper	2026-07-05T05:47:08+00:00
leash	accept				human	ligilo = generic tether, covers leash	2026-07-05T05:47:49+00:00
juicy	accept				human	suka = juicy, exact	2026-07-05T05:48:45+00:00
otter	accept				human	lutro = otter, exact	2026-07-05T05:49:17+00:00
persistent	accept		persist	persista	human	corpus sense = persevering person, not daŭra/temporal	2026-07-05T05:50:45+00:00
spoil	hold				human	genuine polysemy: malboniĝi (food) vs trodorloti (indulge) vs difekti (ruin); needs sense split	2026-07-05T05:52:03+00:00
blueberry	accept		mirtel	mirtelo	human	everyday word; vakcinio genus too broad	2026-07-05T05:52:59+00:00
cage	accept				human	kaĝo = cage, exact	2026-07-05T05:53:17+00:00
crab	accept				human	krabo = crab, exact	2026-07-05T05:53:49+00:00
dull	accept		malbril	malbrila	human	corpus sense = lackluster/not-bright, not nebula/misty	2026-07-05T05:58:08+00:00
gasp	accept				human	corpus = emotional gasp; aĥi fits, not spiregi/breathless	2026-07-05T05:58:48+00:00
glue	accept		glu	gluo	human	corpus = noun (substance); gluo more faithful than verb glui	2026-07-05T05:59:17+00:00
shopkeeper	accept				human	butik+isto = shop-person = shopkeeper, exact	2026-07-05T05:59:48+00:00
spray	accept		ŝpruc	ŝpruci	human	prefer native root over calque spraji	2026-07-05T06:01:05+00:00
witch	accept				human	sorĉistino = witch, exact	2026-07-05T06:01:31+00:00
foolish	accept				human	stulta = foolish, common A1	2026-07-05T06:02:09+00:00
leak	accept				human	lik = leak, covers noun+verb	2026-07-05T06:03:17+00:00
loyal	accept				human	fidela = faithful/loyal, native; corpus = loyal friend	2026-07-05T06:03:56+00:00
marble	accept		glob	globeto	auto	corpus = toy marble (little ball), not vejni/verb or marmoro/stone	2026-07-05T06:04:53+00:00
safely	accept				auto	sekure = safely, exact round-trip	2026-07-05T06:05:07+00:00
whale	accept				auto	baleno = whale, exact	2026-07-05T06:05:17+00:00
deer	accept		cerv	cervo	auto	corpus = noun; cervo not adjective cerva	2026-07-05T06:05:27+00:00
fountain	accept		fontan	fontano	auto	corpus = built ornamental fountain (fontano), not fonto/spring-source	2026-07-05T06:05:39+00:00
kindness	accept		bonkor	bonkoreco	auto	bonkoreco = good-heartedness = kindness, more precise than general boneco	2026-07-05T06:09:16+00:00
parade	accept		defil	defilado	auto	corpus = noun procession; defilado not verb defili	2026-07-05T06:09:33+00:00
pear	accept				auto	piro = pear, exact	2026-07-05T06:09:47+00:00
purse	accept				auto	monujo = money-container = purse; corpus (coins inside)	2026-07-05T06:10:02+00:00
tummy	accept				auto	ventro = belly/tummy; child sense direct	2026-07-05T06:10:15+00:00
charming	accept		ĉarm	ĉarma	auto	ĉarma standard everyday word; linda rare/poetic	2026-07-05T06:10:28+00:00
weird	accept		strang	stranga	auto	stranga = everyday weird/strange; bizara too formal for A1	2026-07-05T06:10:40+00:00
cabin	accept				auto	kabano = cabin/hut, exact	2026-07-05T06:10:50+00:00
dove	accept				auto	kolombo = dove (bird); dominant sense, verb 'dove' minor noise	2026-07-05T06:11:05+00:00
trunk	hold				auto	3-way polysemy: arbotrunko (tree) / rostro (elephant) / kesto (chest); needs sense split	2026-07-05T06:11:21+00:00
vase	accept				auto	vazo = vase, exact	2026-07-05T06:11:30+00:00
wand	accept		sorĉbaston	sorĉbastono	auto	corpus = magic wand; sorĉbastono not vergo/rod-cane	2026-07-05T06:11:47+00:00
zoo	accept		bestoĝarden	bestoĝardeno	auto	native systematic compound besto+ĝardeno; zoo is informal clipping	2026-07-05T06:12:12+00:00
patch	accept		plac	placeto	auto	dominant corpus sense = patch of ground (placeto); fliki/mend is minor sewn sense	2026-07-05T06:12:37+00:00
raft	accept				auto	floso = raft, exact	2026-07-05T06:12:47+00:00
tremble	accept				auto	tremi = to tremble, exact	2026-07-05T06:13:00+00:00
tutor	accept		guvernist	guvernisto	auto	corpus = noun (the person); guvernisto not verb guverni	2026-07-05T06:13:12+00:00
wolf	accept				auto	lupo = wolf, exact	2026-07-05T06:13:17+00:00
alert	accept		vigl	vigla	auto	corpus = adjective watchful/attentive (vigla), not pepo/beep-sound	2026-07-05T06:16:30+00:00
knob	accept		tenil	tenilo	auto	dresser/twist knob = tenilo (grip/handle); anso = loop-handle, poor fit	2026-07-05T06:16:55+00:00
laundry	accept		lav	lavaĵo	auto	corpus = the washing/clothes (lavaĵo), not lavejo/laundry-room	2026-07-05T06:17:19+00:00
lightning	accept		fulm	fulmo	auto	corpus = noun; fulmo not adjective fulma	2026-07-05T06:17:30+00:00
necklace	accept				auto	koliero = necklace, exact	2026-07-05T06:17:40+00:00
oyster	accept				auto	ostro = oyster, exact	2026-07-05T06:17:49+00:00
proudly	accept				auto	fiere = proudly, exact	2026-07-05T06:18:03+00:00
twig	accept				auto	branĉeto = little branch = twig, exact	2026-07-05T06:18:12+00:00
barn	accept		garbej	garbejo	auto	farm barn = garbejo; budo = booth/kiosk, wrong register	2026-07-05T06:18:42+00:00
beam	hold				auto	two senses: trabo (balance beam, noun) vs radii (beam with joy, verb); radio/light-ray absent from corpus	2026-07-05T06:19:02+00:00
blink	accept		palpebrum	palpebrumi	auto	corpus = eye blink (palpebrumi), not pulsi/pulsate	2026-07-05T06:19:13+00:00
cube	accept				auto	kubo = cube, exact	2026-07-05T06:19:26+00:00
mole	accept		talp	talpo	auto	corpus = animal mole (talpo), not moleo/breakwater	2026-07-05T06:19:38+00:00
poke	accept				auto	puŝeti = nudge/little push = poke; fits prod sense	2026-07-05T06:19:56+00:00
shark	accept				auto	ŝarko = shark, exact	2026-07-05T06:20:07+00:00
stubborn	accept				auto	obstina = stubborn, standard exact word	2026-07-05T06:20:18+00:00
fake	accept				auto	falsa = fake/false, standard A1 adjective	2026-07-05T06:20:29+00:00
fierce	accept				auto	feroca = fierce, exact	2026-07-05T06:20:39+00:00
flashlight	accept				auto	poŝlampo = pocket-lamp = flashlight, exact	2026-07-05T06:20:49+00:00
hairy	accept				auto	vila = hairy/shaggy, standard clean word	2026-07-05T06:20:56+00:00
trap	accept		kaptil	kaptilo	auto	corpus = noun trap-device (kaptilo), not verb kapti/catch	2026-07-05T06:22:45+00:00
vine	accept		lian	liano	auto	corpus = climbing/jungle vine (liano, swung on by monkeys), not vito/grapevine	2026-07-05T06:23:08+00:00
cane	accept		baston	bastono	auto	corpus = walking cane (bastono), not kana/reed-adjective or kano/plant	2026-07-05T06:23:22+00:00
cocoa	accept				auto	kakao = cocoa, exact	2026-07-05T06:23:35+00:00
crane	hold				auto	bird/machine polysemy: gruo (flies, lake) vs argano (machine, workers); needs split	2026-07-05T06:23:59+00:00
graceful	accept				auto	gracia = graceful, exact	2026-07-05T06:24:13+00:00
harmless	accept				auto	nenoca = not-harming = harmless, precise exact match	2026-07-05T06:24:37+00:00
knight	accept				auto	kavaliro = knight, standard	2026-07-05T06:24:49+00:00
playful	accept		ludem	ludema	auto	playful puppy = ludema (inclined to play); blaga = jokey, wrong nuance	2026-07-05T06:25:04+00:00
polish	accept		polur	poluri	auto	general polish/make-shiny (poluri); ciri = shoe-wax specific	2026-07-05T06:25:19+00:00
swan	accept				auto	cigno = swan, exact	2026-07-05T06:25:31+00:00
triangle	accept				auto	triangulo = triangle, exact	2026-07-05T06:25:43+00:00
trophy	accept				auto	trofeo = trophy, exact	2026-07-05T06:25:56+00:00
hammer	accept		martel	martelo	auto	corpus = tool hammer (martelo), not ĉano/gun-hammer	2026-07-05T06:26:11+00:00
knot	accept		nod	nodo	auto	corpus = tied knot (nodo), not maŝo/mesh-stitch	2026-07-05T06:26:27+00:00
mask	accept		mask	masko	auto	corpus = noun; masko not verb maski	2026-07-05T06:26:38+00:00
spill	accept				auto	disverŝi = spill, fits corpus	2026-07-05T06:26:50+00:00
attic	accept		subtegment	subtegmento	auto	attic room = subtegmento (under-roof); atika = Athenian adjective, wrong	2026-07-05T06:27:09+00:00
flap	hold				auto	flap-wings verb has no clean candidate (klaki=clack sound wrong); minor noun klapo; needs anchor decision	2026-07-05T06:27:42+00:00
horn	accept				auto	korno = general horn (animal+instrument present in corpus); car-horn hupilo secondary	2026-07-05T06:28:03+00:00
shrimp	accept				auto	salikoko = shrimp, standard	2026-07-05T06:28:17+00:00
thread	accept		faden	fadeno	auto	corpus = noun sewing thread (fadeno), not verb calque tredi	2026-07-05T06:28:29+00:00
zebra	accept				auto	zebro = zebra, exact	2026-07-05T06:28:38+00:00
axe	accept				auto	hakilo = chopping-tool = axe, exact	2026-07-05T06:28:53+00:00
chamber	accept		ĉambr	ĉambro	auto	corpus = room/chamber (ĉambro); kamero = darkroom/technical	2026-07-05T06:29:09+00:00
folder	accept		paperuj	paperujo	auto	physical folder holding papers (paperujo); kajero = bound notebook, wrong	2026-07-05T06:29:23+00:00
mailbox	accept				auto	poŝtujo = mail-container = mailbox, transparent	2026-07-05T06:29:40+00:00
miserable	accept				auto	mizera = miserable, cognate exact	2026-07-05T06:29:53+00:00
sniff	accept				auto	enflari = sniff, fits corpus	2026-07-05T06:30:04+00:00
spaghetti	accept				auto	spageto = spaghetti, exact	2026-07-05T06:30:49+00:00
bossy	accept				auto	regema = rule-inclined = bossy, fits	2026-07-05T06:31:00+00:00
envelope	accept				auto	koverto = envelope, standard exact	2026-07-05T06:31:15+00:00
fragile	accept		romp	rompiĝema	auto	corpus = easily-broken (rompiĝema); kaduka = decrepit/worn, wrong nuance	2026-07-05T06:31:44+00:00
harsh	accept				auto	aspra = rough/harsh, general anchor	2026-07-05T06:31:59+00:00
hook	accept		hok	hoko	auto	corpus = noun; hoko not verb hoki	2026-07-05T06:32:14+00:00
jolly	accept		gaj	gaja	auto	jolly = merry/cheerful (gaja); gajega = very-merry augmentative, too strong	2026-07-05T06:32:31+00:00
modest	accept		modest	modesta	auto	modest home/unassuming (modesta); pudora = chaste, wrong sense	2026-07-05T06:32:45+00:00
pebble	accept				auto	ŝtoneto = little stone = pebble, exact	2026-07-05T06:32:58+00:00
pie	accept				auto	torto = pie/tart; fits sweet pie	2026-07-05T06:33:08+00:00
razor	accept				auto	razilo = shaving-tool = razor, exact	2026-07-05T06:33:20+00:00
disgust	accept				auto	naŭz root = disgust/disgusting (naŭza), exact	2026-07-05T06:33:37+00:00
envious	accept				auto	envia = envious, exact	2026-07-05T06:33:48+00:00
heal	accept		san	resaniĝi	auto	corpus = intransitive heal/recover (resaniĝi, root san); kuraci = medically treat, wrong sense	2026-07-05T06:34:12+00:00
tease	accept		mok	moketi	auto	corpus = mock/taunt (moketi); taŭzi = tousle hair, wrong sense	2026-07-05T06:34:28+00:00
thoughtful	accept		konsiderem	konsiderema	auto	dominant sense = considerate/kind (konsiderema); pensema = pensive, secondary	2026-07-05T06:34:45+00:00
beetle	accept				auto	skarabo = beetle, everyday word	2026-07-05T06:35:02+00:00
bump	accept		puŝ	puŝiĝi	auto	dominant = verb bump-into/collide (puŝiĝi); ĝibo = hump/lump noun, minority	2026-07-05T06:35:23+00:00
chimney	accept				auto	kamentubo = chimney, transparent	2026-07-05T06:35:42+00:00
filthy	accept		malpur	malpurega	auto	corpus = physically dirty (malpurega); fia = vile/shameful, wrong sense	2026-07-05T06:35:58+00:00
gloomy	accept		mallum	malluma	auto	corpus = dark/dim (gloomy door/room/sky = malluma); nuba = cloudy, only fits weather	2026-07-05T06:36:17+00:00
golden	accept				auto	ora = golden (from oro=gold), exact	2026-07-05T06:40:36+00:00
growl	accept		grumbl	grumbli	auto	native grumbli (growl/grumble) over calque graŭli; fits animal+tummy growl	2026-07-05T06:41:00+00:00
hoop	accept				auto	ringego = big ring = hoop, transparent	2026-07-05T06:41:18+00:00
mechanic	accept		mekanikist	mekanikisto	auto	car mechanic = mekanikisto; metiisto = general artisan, too broad	2026-07-05T06:41:31+00:00
mill	accept		muelej	muelejo	auto	corpus = mill building (muelejo); frezi = machining verb, wrong	2026-07-05T06:41:44+00:00
pastel	accept				auto	paŝtelo = pastel/crayon, exact	2026-07-05T06:41:58+00:00
pill	accept				auto	pilolo = pill, exact	2026-07-05T06:42:07+00:00
swamp	accept				auto	marĉo = swamp/marsh, standard	2026-07-05T06:42:16+00:00
vendor	accept		vendist	vendisto	auto	vendor by trade = vendisto (-ist role); vendanto = momentary participle	2026-07-05T06:42:29+00:00
compassionate	accept		kompatem	kompatema	auto	disposition (kompatema) fits 'compassionate person'; kompata = momentary pity	2026-07-05T06:42:46+00:00
creek	accept		river	rivereto	auto	noun creek = rivereto; proposed rivereta was adjective	2026-07-05T06:42:58+00:00
flutter	accept		flug	flugeti	auto	butterfly/bird flutter = flugeti (light flying); agito = commotion, wrong	2026-07-05T06:43:12+00:00
mixer	accept				auto	miksilo = mixing-tool = mixer, exact	2026-07-05T06:43:22+00:00
perfume	accept		parfum	parfumo	auto	corpus = noun; parfumo not verb parfumi	2026-07-05T06:43:34+00:00
pumpkin	accept				auto	kukurbo = pumpkin, standard	2026-07-05T06:43:44+00:00
veil	accept		vual	vualo	auto	corpus = garment veil (vualo); kaŝi = verb hide, wrong	2026-07-05T06:43:56+00:00
wheat	accept				auto	tritiko = wheat, exact	2026-07-05T06:44:06+00:00
yawn	accept		osced	oscedi	auto	oscedi = to yawn (exact); faŭki = gape like chasm, wrong	2026-07-05T06:44:22+00:00
pause	accept				auto	paŭzi = to pause, exact verb	2026-07-05T06:44:35+00:00
pedal	accept		pedal	pedalo	auto	corpus = noun; pedalo not adjective pedala	2026-07-05T06:44:49+00:00
petal	accept				auto	petalo = petal, exact	2026-07-05T06:44:58+00:00
rug	accept				auto	tapiŝo = carpet/rug, general Tier-1 word	2026-07-05T06:45:10+00:00
sausage	accept				auto	kolbaso = sausage, standard	2026-07-05T06:45:23+00:00
scooter	accept		trotil	trotilo	auto	trotilo = native kick-scooter word; skutilo is calque	2026-07-05T06:45:40+00:00
yacht	accept				auto	jakto = yacht, standard	2026-07-05T06:45:52+00:00
comb	accept		komb	kombilo	auto	dominant noun comb = kombilo (tool); kombi = verb	2026-07-05T06:46:07+00:00
jelly	accept				auto	ĵeleo = jelly, standard	2026-07-05T06:46:16+00:00
massage	accept		masaĝ	masaĝo	auto	corpus dominantly noun (a massage); masaĝo not verb	2026-07-05T06:46:31+00:00
nicely	accept				auto	plaĉe = pleasingly/nicely, general anchor	2026-07-05T06:46:48+00:00
refresh	accept		freŝ	refreŝiĝi	auto	corpus = feel refreshed (refreŝiĝi, root freŝ); aktualigi = update data, wrong	2026-07-05T06:47:10+00:00
scatter	accept		ĵet	disĵeti	auto	scatter/strew around = disĵeti; ŝuti = pour/dump granular	2026-07-05T06:47:31+00:00
stitch	accept		kudr	kudrero	auto	noun stitch = kudrero (single sewing unit); kudri = verb sew	2026-07-05T06:47:45+00:00
tray	accept		plet	pleto	auto	tray = pleto (primary sense); plado = dish/platter, broader	2026-07-05T06:47:57+00:00
trumpet	accept		trumpet	trumpeto	auto	corpus = noun instrument; trumpeto not verb trumpeti	2026-07-05T06:48:11+00:00
amazement	accept				auto	miro = amazement/wonder, exact	2026-07-05T06:48:21+00:00
bandage	accept		bandaĝ	bandaĝo	auto	corpus = noun bandage (bandaĝo); pansi = verb dress-wound	2026-07-05T06:48:35+00:00
calendar	accept		kalendar	kalendaro	auto	corpus = noun; kalendaro not adjective kalendara	2026-07-05T06:48:49+00:00
drawer	accept		tirkest	tirkesto	auto	furniture drawer = tirkesto (pull-box); tratanto = bank draft-drawer, wrong	2026-07-05T06:49:04+00:00
eagerly	accept				auto	avide = eagerly/avidly, standard	2026-07-05T06:49:25+00:00
helpless	accept				auto	senhelpa = without-help = helpless, exact	2026-07-05T06:49:37+00:00
lid	accept				auto	kovrilo = cover/lid, general Tier-1 word	2026-07-05T06:49:56+00:00
microscope	accept				auto	mikroskopo = microscope, exact	2026-07-05T06:50:05+00:00
rake	accept		rast	rastilo	auto	garden rake tool = rastilo; erpi = harrow, wrong	2026-07-05T06:50:17+00:00
reverse	accept		antaŭ	malantaŭeniri	auto	corpus = verb go-backwards (malantaŭeniri); inversa = inverted, wrong sense	2026-07-05T06:50:45+00:00
scoop	hold				auto	two senses: scoop-up-in-arms (levi/ekpreni) vs a-scoop-of icecream (kulerego); deĉerpi=ladle fits neither well; needs split	2026-07-05T06:51:16+00:00
softly	accept		laŭt	mallaŭte	auto	corpus = speak softly=quietly (mallaŭte); mole = soft-to-touch, wrong sense	2026-07-05T06:52:02+00:00
strawberry	accept				auto	frago = strawberry, exact	2026-07-05T06:52:11+00:00
sunset	accept				auto	sunsubiro = sun-going-down = sunset, transparent	2026-07-05T06:52:25+00:00
tug	accept		tir	ektiri	auto	tug = sharp jerky pull (ektiri); tiri = general continuous pull	2026-07-05T06:52:45+00:00
zipper	accept		fulmoferm	fulmofermilo	auto	fulmofermilo = native zipper (lightning-fastener); zipo is calque	2026-07-05T06:53:01+00:00
crib	accept		lul	lulilo	auto	baby crib/cradle = lulilo; fikopii = to crib/cheat, wrong	2026-07-05T06:54:17+00:00
dive	accept				auto	plonĝi = to dive/plunge, exact	2026-07-05T06:54:27+00:00
fascinated	accept		fascin	fascinita	auto	clean root fascin (proposed baked -it- participle into root)	2026-07-05T06:54:53+00:00
fireman	accept		fajrobrigadist	fajrobrigadisto	auto	firefighter = fajrobrigadisto; hejtisto = stoker, wrong	2026-07-05T06:55:14+00:00
forth	accept		antaŭ	antaŭen	auto	forth = forward/onward (antaŭen); for = away, wrong	2026-07-05T06:55:36+00:00
gaze	accept				auto	rigardegi = gaze/stare, fits	2026-07-05T06:55:52+00:00
gear	accept				auto	ilaro = equipment/gear; dominant corpus sense (fire gear, check gear)	2026-07-05T06:56:06+00:00
pastry	accept		kuk	kukaĵo	auto	pastry = kukaĵo (baked sweet); torto reserved for pie, avoid collision	2026-07-05T06:56:21+00:00
shiver	accept		frostotrem	frostotremi	auto	corpus = shiver with cold (frostotremi); tremi reserved for tremble	2026-07-05T06:56:37+00:00
spade	accept		fos	fosilo	auto	noun spade = fosilo (digging-tool); fosi = verb dig	2026-07-05T06:56:50+00:00
worm	accept				auto	vermo = worm, exact	2026-07-05T06:57:00+00:00
yoga	accept				auto	jogo = yoga, standard	2026-07-05T06:57:12+00:00
apron	accept		antaŭtuk	antaŭtuko	auto	cooking apron = antaŭtuko (front-cloth); manovrejo = airport tarmac, wrong	2026-07-05T06:57:28+00:00
beak	accept				auto	beko = beak, exact	2026-07-05T06:57:45+00:00
beneath	accept				auto	sub = beneath/under, exact	2026-07-05T06:58:03+00:00
breeze	accept		vent	venteto	auto	venteto (little wind) = everyday breeze; brizo = meteorological loanword	2026-07-05T06:58:15+00:00
counter	hold				auto	kitchen/shop counter surface; giĉeto=ticket-wicket wrong; no clean word (vendotablo=shop only); needs choice	2026-07-05T06:58:47+00:00
disturb	accept				auto	ĝeni = bother/disturb, standard exact	2026-07-05T06:58:58+00:00
dough	accept				auto	pasto = dough, standard	2026-07-05T06:59:10+00:00
gum	accept		maĉgum	maĉgumo	auto	chewing gum = maĉgumo; gumo reserved for eraser, gumi=verb	2026-07-05T06:59:26+00:00
herb	accept				auto	herbo = herb/grass, general Tier-1 word	2026-07-05T06:59:40+00:00
ink	accept		ink	inko	auto	corpus = noun; inko not verb inki	2026-07-05T06:59:54+00:00
missile	accept		misil	misilo	auto	corpus = noun; misilo not adjective misila	2026-07-05T07:00:05+00:00
panda	accept				auto	pando = panda, exact	2026-07-05T07:00:14+00:00
penguin	accept				auto	pingveno = penguin, standard	2026-07-05T07:00:24+00:00
quarrel	accept		kverel	kvereli	auto	childish quarrel = kvereli (primary sense); disputo = formal debate	2026-07-05T07:00:43+00:00
reef	accept		rif	rifo	auto	coral reef = rifo; refi = to reef a sail, wrong	2026-07-05T07:00:56+00:00
scare	accept				auto	timigi = make-afraid = scare, exact	2026-07-05T07:01:09+00:00
scratch	accept				auto	grati = to scratch, exact	2026-07-05T07:01:25+00:00
shrink	accept		ŝrump	ŝrumpi	auto	shrink/get-smaller = ŝrumpi (primary sense); etigi = general make-little	2026-07-05T07:01:41+00:00
tap	accept		frap	frapeti	auto	dominant tap = light touch/knock (frapeti); krano=faucet only 1 use; 'taped'=tape noise	2026-07-05T07:01:59+00:00
ash	accept				auto	cindro = fire-ash (dominant); frakseno/ash-tree minority	2026-07-05T07:02:33+00:00
bracelet	accept				auto	braceleto = bracelet, standard established word	2026-07-05T07:02:55+00:00
collar	accept		kolrimen	kolrimeno	auto	dog collar = kolrimeno (neck-strap); freto = ferrule/fret, wrong	2026-07-05T07:03:08+00:00
fearful	accept		tim	tima	auto	fearful state = tima (afraid); timigita = made-afraid participle	2026-07-05T07:03:28+00:00
gust	accept				auto	ekvento = sudden-wind = gust, transparent	2026-07-05T07:03:43+00:00
jail	accept				auto	prizono = jail/prison, standard	2026-07-05T07:03:54+00:00
paddle	accept		pagaj	pagajo	auto	pagajo = native boat paddle; padelo/padeli are calques	2026-07-05T07:04:13+00:00
palm	hold				auto	homonym split: palmo (palm tree) vs manplato/polmo (hand palm); both present, needs split	2026-07-05T07:04:38+00:00
pinch	accept				auto	pinĉi = to pinch, exact	2026-07-05T07:04:53+00:00
popcorn	accept				auto	krevmaizo = burst-corn = popcorn, transparent	2026-07-05T07:05:12+00:00
shampoo	accept		ŝampu	ŝampuo	auto	corpus = noun; ŝampuo not verb ŝampui	2026-07-05T07:05:24+00:00
stack	accept		stak	stako	auto	corpus = noun (a stack); stako not verb staki	2026-07-05T07:05:39+00:00
suitcase	accept		valiz	valizo	auto	travel suitcase = valizo (primary sense); kofro = chest/trunk, broader	2026-07-05T07:05:52+00:00
bravely	accept				auto	brave = bravely, exact	2026-07-05T07:06:01+00:00
chess	accept				auto	ŝako = chess (the game), standard	2026-07-05T07:06:17+00:00
clearing	accept				auto	maldensejo = clearing/glade in forest, transparent	2026-07-05T07:06:28+00:00
humble	accept				auto	humila = humble, exact	2026-07-05T07:06:42+00:00
microphone	accept				auto	mikrofono = microphone, exact	2026-07-05T07:06:55+00:00
oats	accept				auto	aveno = oats, exact	2026-07-05T07:07:04+00:00
opera	accept				auto	opero = opera, standard	2026-07-05T07:09:23+00:00
scrub	accept		frotlav	frotlavi	auto	corpus = verb scrub-clean (frotlavi); vepro = brushwood, wrong	2026-07-05T07:09:37+00:00
sofa	accept				auto	sofo = sofa, standard	2026-07-05T07:09:51+00:00
anchor	accept		ankr	ankro	auto	corpus = noun; ankro not verb ankri	2026-07-05T07:10:05+00:00
applaud	accept		aplaŭd	aplaŭdi	auto	clapping applause = aplaŭdi; aklami = verbal acclaim	2026-07-05T07:10:22+00:00
grape	accept		vinber	vinbero	auto	vinbero = everyday grape (wine-berry); uvo = rare Latinism	2026-07-05T07:10:34+00:00
infant	accept		infan	infaneto	auto	infant = infaneto (little child/baby); infano reserved for 'child'	2026-07-05T07:10:51+00:00
magnet	accept				auto	magneto = magnet, exact	2026-07-05T07:11:03+00:00
perch	hold				auto	perko=fish wrong; verb perch (bird sitting) has no clean root (sidi sur); noun=birdostarejo; needs decision	2026-07-05T07:11:32+00:00
pride	accept				auto	fiero = pride, exact	2026-07-05T07:11:44+00:00
restless	accept		trankvil	maltrankvila	auto	restless=can't-settle/uneasy (maltrankvila); malkvieta leans noisy	2026-07-05T07:12:02+00:00
rot	accept		putr	putriĝi	auto	corpus = intransitive rot (putriĝi); putri is transitive putrefy	2026-07-05T07:12:18+00:00
avocado	accept				auto	avokado = avocado, exact	2026-07-05T07:13:13+00:00
dare	accept		kuraĝ	kuraĝi	auto	dare-to = kuraĝi (have courage to), everyday A1; aŭdaci = formal audacity	2026-07-05T07:13:33+00:00
darkness	accept		lum	mallumo	auto	darkness = mallumo (absence of light); malhelo = dimness, weaker	2026-07-05T07:13:49+00:00
helmet	accept				auto	kasko = helmet, exact	2026-07-05T07:14:00+00:00
kneel	accept				auto	genui = to kneel (from genuo=knee), exact	2026-07-05T07:14:12+00:00
ornament	accept		ornam	ornamaĵo	auto	noun ornament = ornamaĵo; dekori = verb decorate	2026-07-05T07:14:24+00:00
soak	accept				auto	trempi = immerse/soak, fits	2026-07-05T07:14:35+00:00
thunder	accept		tondr	tondro	auto	corpus = noun; tondro not verb tondri	2026-07-05T07:14:52+00:00
tickle	accept				auto	tikli = to tickle, exact	2026-07-05T07:15:03+00:00
trail	accept		pad	pado	auto	dominant = woodland path/trail (pado); spuri=verb trace; trail-of-ink=spuro minority	2026-07-05T07:15:32+00:00
unpack	accept				auto	elpaki = out-pack = unpack, exact	2026-07-05T07:15:55+00:00
waist	accept		tali	talio	auto	body waist = talio; zono = belt/zone, wrong	2026-07-05T07:16:14+00:00
whip	accept		vip	vipo	auto	dominant noun = lash whip (vipo); vipi=verb; whipped-cream=kirli minority	2026-07-05T07:16:40+00:00
adorable	accept				auto	adorinda = adorable (worthy of adoration), direct	2026-07-05T07:17:06+00:00
bookcase	accept		librobretar	librobretaro	auto	bookcase = librobretaro (book-shelving); bretaro = generic shelving	2026-07-05T07:17:55+00:00
cart	accept		ĉar	ĉareto	auto	shopping/hand cart = ĉareto (little cart); ĉaro = large cart/chariot	2026-07-05T07:18:19+00:00
cereal	accept		cereal	cerealo	auto	breakfast cereal = cerealo; greno = raw grain/crop	2026-07-05T07:18:41+00:00
cheek	accept				auto	vango = cheek, exact	2026-07-05T07:19:14+00:00
chore	accept				auto	farotaĵo = thing-to-be-done = chore, transparent	2026-07-05T07:19:42+00:00
fort	accept		fortikaĵ	fortikaĵo	auto	fortikaĵo = native fort (from fortika=strong); fuorto = loanword variant	2026-07-05T07:20:11+00:00
grill	accept		kradrostil	kradrostilo	auto	cooking grill/BBQ = kradrostilo; krado = grating/grid	2026-07-05T07:20:36+00:00
hedge	accept				auto	heĝo = hedge, standard	2026-07-05T07:20:49+00:00
jellyfish	accept				auto	meduzo = jellyfish, exact	2026-07-05T07:21:02+00:00
porch	accept		verand	verando	auto	outdoor porch = verando; vestiblo = indoor vestibule	2026-07-05T07:21:42+00:00
rag	accept		ĉifon	ĉifono	auto	ĉifono = standard rag; rago = rare loanword	2026-07-05T07:21:58+00:00
rhinoceros	accept				auto	rinocero = rhinoceros, exact	2026-07-05T07:23:57+00:00
ribbon	accept		ruband	rubando	auto	ribbon = rubando (primary); galono = galloon/braid	2026-07-05T07:24:15+00:00
shrug	accept		ŝultrolev	ŝultrolevi	auto	shrug = ŝultrolevi (shoulder-raise); altigi = generic raise	2026-07-05T07:24:30+00:00
slap	accept		frap	frapi	auto	slap = frapi (strike/hit); klaki=clack sound wrong; corpus slaps on back/away not face(vangofrapo)	2026-07-05T07:24:51+00:00
slippery	accept		glit	glita	auto	slippery = glita (slide-prone, from gliti); glata = smooth, different sense	2026-07-05T07:25:06+00:00
unlock	accept				auto	malŝlosi = un-lock = unlock, transparent	2026-07-05T07:25:17+00:00
vest	accept				auto	veŝto = vest/waistcoat, standard	2026-07-05T07:25:31+00:00
warmth	accept				auto	varmo = warmth, exact	2026-07-05T07:25:46+00:00
weep	accept				auto	larmi = shed tears/weep; distinct from cry=plori	2026-07-05T07:26:07+00:00
yarn	accept		lanfaden	lanfadeno	auto	knitting yarn = lanfadeno (wool-thread); blagrakonto = tall-tale, wrong	2026-07-05T07:26:18+00:00
butterfly	accept				auto	papilio = butterfly, single root (pap+ili split is spurious)	2026-07-05T07:28:29+00:00
rainbow	accept		ĉielark	ĉielarko	auto	ĉielarko (sky-arch) = standard rainbow; pluvarko is calque	2026-07-05T07:28:44+00:00
nosy	accept		scivol	scivolema	auto	scivolema = standard curious/nosy; nazŝovema is ad-hoc English calque	2026-07-05T07:29:07+00:00
sticker	accept				auto	glumarko = glue-mark = sticker, valid compound	2026-07-05T07:29:22+00:00
firework	accept				auto	artfajraĵo = standard firework, valid compound	2026-07-05T07:29:35+00:00
grin	accept		rikan	rikani	auto	grin (broad happy smile) = rikani; grimaci = grimace, wrong	2026-07-05T07:29:55+00:00
snowman	accept				auto	neĝhomo = snow-person = snowman, valid compound	2026-07-05T07:30:11+00:00
sandcastle	accept				auto	sablokastelo = sablo+kastelo (sand-castle), valid; ignore glitchy sabl+ok+stel split	2026-07-05T07:30:30+00:00
cuddle	accept				auto	karespremi = caress-press = cuddle, valid compound	2026-07-05T07:30:47+00:00
dishwasher	accept				auto	vazlavilo = dish-wash-tool = dishwasher appliance, valid compound	2026-07-05T07:31:06+00:00
sunlight	accept				auto	sunlumo = sun-light, valid compound	2026-07-05T07:31:16+00:00
thumb	accept		dikfingr	dikfingro	auto	dikfingro (thick-finger) = everyday thumb; polekso = Latinism	2026-07-05T07:31:29+00:00
thermometer	accept				auto	termometro = thermometer, standard compound	2026-07-05T07:31:43+00:00
napkin	accept				auto	buŝtuko = mouth-cloth = napkin, valid compound	2026-07-05T07:31:58+00:00
lumber	accept				auto	segligno = saw-wood = lumber/timber, valid compound	2026-07-05T07:32:14+00:00
cobweb	accept				auto	aranereto = spider-net = cobweb, valid compound	2026-07-05T07:32:30+00:00
crumb	accept		paner	panero	auto	crumb fragment = panero (bread-particle); panmolaĵo = soft inside of loaf, wrong sense	2026-07-05T07:32:49+00:00
sailboat	accept				auto	velŝipo = sail-ship = sailboat, valid compound	2026-07-05T07:33:07+00:00
playtime	accept				auto	ludtempo = play-time, valid compound	2026-07-05T07:33:22+00:00
twisting	accept		tord	tordi	auto	twisting (verb, twist knob/bottle) = tordi; kurboplena = winding adjective, wrong	2026-07-05T07:33:38+00:00
doorway	accept				auto	pordaperturo = door-opening = doorway, valid compound	2026-07-05T07:33:52+00:00
texture	accept				auto	teksturo = texture, single root (teks+tur split spurious)	2026-07-05T07:34:06+00:00
tractor	accept				auto	traktoro = tractor, single root	2026-07-05T07:34:16+00:00
astronaut	accept				auto	astronaŭto = star-sailor = astronaut, valid compound	2026-07-05T07:34:27+00:00
tornado	accept				auto	turnventego = spinning-big-wind = tornado, valid transparent compound	2026-07-05T07:34:40+00:00
lettuce	accept				auto	laktuko = lettuce, single root	2026-07-05T07:34:50+00:00
snowball	accept				auto	neĝbulo = snow-ball, valid compound	2026-07-05T07:35:08+00:00
cooky	accept		keks	kekso	auto	cookie = kekso (biscuit/cookie); manual anchor for no_match	2026-07-05T07:36:46+00:00
shin	accept		bril	brili	auto	lemmatizer artifact: corpus = shine/shining (brili), not body-part shin	2026-07-05T07:37:07+00:00
swam	accept		naĝ	naĝi	auto	swam = past of swim (naĝi); lemmatizer artifact	2026-07-05T07:37:20+00:00
sparkly	accept		scintil	scintila	auto	sparkly = scintila (sparkling/twinkling jewels); manual anchor	2026-07-05T07:37:49+00:00
realise	accept		kompren	ekkompreni	auto	realise = ekkompreni (come to understand); British spelling, manual anchor	2026-07-05T07:38:06+00:00
twirl	accept		piruet	pirueti	auto	twirl (dance spin) = pirueti; manual anchor	2026-07-05T07:38:25+00:00
fridge	accept		friduj	fridujo	auto	fridge = fridujo (cold-container); manual anchor	2026-07-05T07:38:39+00:00
grumpy	accept		malbonhumor	malbonhumora	auto	grumpy = malbonhumora (bad-humored); manual anchor	2026-07-05T07:38:58+00:00
scissor	accept		tondil	tondilo	auto	scissors = tondilo (cutting-tool); manual anchor	2026-07-05T07:39:09+00:00
clapping	accept		aplaŭd	aplaŭdi	auto	clap hands = aplaŭdi (EO uses same verb as applaud); manual anchor	2026-07-05T07:39:50+00:00
muffin	accept		mufen	mufeno	auto	muffin = mufeno; manual anchor	2026-07-05T07:43:10+00:00
tuck	hold				auto	no clean anchor: tuck-into-bed (enlitigi/enfaldi) vs tucked-away-hidden (kaŝita); needs decision	2026-07-05T07:43:32+00:00
louder	accept		laŭt	laŭta	auto	louder = comparative of loud (laŭta); manual anchor	2026-07-05T07:43:49+00:00
lollipop	accept		lekbombon	lekbombono	auto	lollipop = lekbombono (lick-candy); manual anchor	2026-07-05T07:44:03+00:00
snuggle	accept		alprem	alpremiĝi	auto	snuggle up = alpremiĝi (press close); manual anchor, distinct from cuddle	2026-07-05T07:44:25+00:00
neighbourhood	accept		kvartal	kvartalo	auto	neighbourhood = kvartalo (district); manual anchor	2026-07-05T07:44:40+00:00
oat	accept		aven	aveno	auto	oat = aveno (same as oats); manual anchor	2026-07-05T07:44:56+00:00
birdcage	accept		birdokaĝ	birdokaĝo	auto	birdcage = birdokaĝo (bird-cage); manual anchor	2026-07-05T07:45:09+00:00
haircut	accept		hartond	hartondo	auto	haircut = hartondo (hair-cut); manual anchor	2026-07-05T07:45:24+00:00
makeup	accept		ŝmink	ŝminko	auto	makeup = ŝminko (cosmetics); manual anchor	2026-07-05T07:45:42+00:00
vroom	hold				auto	onomatopoeia (engine sound); no lexical anchor — scope question: keep sound-words like vroom/beep/honk?	2026-07-05T07:46:12+00:00
scurry	accept		kur	kureti	auto	scurry = kureti (little-run/scamper); manual anchor	2026-07-05T07:46:36+00:00
twisted	accept		tord	tordi	auto	twisted = past of twist (tordi); same as twisting	2026-07-05T07:46:48+00:00
overjoy	accept		ĝoj	ĝojega	auto	overjoyed = ĝojega (great joy); manual anchor	2026-07-05T07:47:03+00:00
birdie	accept		bird	birdeto	auto	birdie = birdeto (little bird); manual anchor	2026-07-05T07:47:19+00:00
mustache	accept		liphar	lipharoj	auto	mustache = lipharoj (lip-hairs); manual anchor	2026-07-05T07:47:39+00:00
vet	accept		veterinar	veterinaro	auto	vet = veterinaro (veterinarian); manual anchor	2026-07-05T07:47:54+00:00
bouncy	accept		salt	resaltema	auto	bouncy = resaltema (bounce-prone); manual anchor	2026-07-05T07:48:21+00:00
hanger	accept		pend	pendigilo	auto	hanger = pendigilo (hanging-tool); manual anchor	2026-07-05T07:48:35+00:00
prettiest	accept		bel	beleta	auto	prettiest = superlative of pretty (beleta); manual anchor	2026-07-05T07:48:52+00:00
comfy	accept		komfort	komforta	auto	comfy = komforta (comfortable); manual anchor	2026-07-05T07:49:07+00:00
lotion	accept		loci	locio	auto	lotion = locio; manual anchor	2026-07-05T07:49:21+00:00
brighter	accept		hel	hela	auto	brighter = comparative of bright (hela); manual anchor	2026-07-05T07:49:36+00:00
forgave	accept		pardon	pardoni	auto	forgave = past of forgive (pardoni); manual anchor	2026-07-05T07:49:50+00:00
knelt	accept		genu	genui	auto	knelt = past of kneel (genui)	2026-07-05T07:50:00+00:00
onwards	accept		plu	plu	auto	onwards (from that day onwards) = plu (henceforth/onward); manual anchor	2026-07-05T07:50:17+00:00
unpacked	accept		pak	elpaki	auto	unpacked = past of unpack (elpaki)	2026-07-05T07:50:33+00:00
swung	accept		balanc	balanciĝi	auto	swung = past of swing (balanciĝi, sway back and forth); manual anchor	2026-07-05T07:50:49+00:00
chuckle	accept		rid	subridi	auto	chuckle = subridi (quiet laugh); manual anchor	2026-07-05T07:51:06+00:00
claws	accept		ung	ungego	auto	claw = ungego (big-nail); manual anchor	2026-07-05T07:51:20+00:00
creamy	accept		krem	krema	auto	creamy = krema (from kremo=cream); manual anchor	2026-07-05T07:51:32+00:00
drank	accept		trink	trinki	auto	drank = past of drink (trinki)	2026-07-05T07:51:47+00:00
marshmallow	hold				auto	no established EO word for the confection (guimaŭvo=plant; marŝmelo=unsettled calque); needs decision	2026-07-05T07:52:09+00:00
snuck	accept		ŝtel	ŝteliri	auto	snuck = past of sneak (ŝteliri, move stealthily); manual anchor	2026-07-05T07:52:24+00:00
yucky	accept		naŭz	naŭza	auto	yucky = naŭza (disgusting/gross); manual anchor	2026-07-05T07:52:48+00:00
budge	accept		mov	moviĝi	auto	budge = moviĝi (move slightly); manual anchor	2026-07-05T07:53:01+00:00
itchy	accept		juk	juka	auto	itchy = juka (from juki=itch); manual anchor	2026-07-05T07:53:16+00:00
racer	accept		vetkurist	vetkuristo	auto	racer = vetkuristo (race-runner); manual anchor	2026-07-05T07:53:32+00:00
soapy	accept		sap	sapa	auto	soapy = sapa (from sapo=soap); manual anchor	2026-07-05T07:53:47+00:00
storekeeper	accept		butikist	butikisto	auto	storekeeper = butikisto (shopkeeper); manual anchor	2026-07-05T07:54:04+00:00
onward	accept		plu	plu	auto	onward = plu (henceforth); same as onwards	2026-07-05T07:54:18+00:00
practise	accept		ekzerc	ekzerci	auto	practise = ekzerci (drill/practise a skill); British spelling, manual anchor	2026-07-05T07:54:32+00:00
stomp	accept		stamf	stamfi	auto	stomp = stamfi (stamp feet); manual anchor	2026-07-05T07:54:48+00:00
sunglass	accept		sunokulvitr	sunokulvitroj	auto	sunglasses = sunokulvitroj (sun-eye-glasses); manual anchor	2026-07-05T07:55:04+00:00
unlocked	accept		ŝlos	malŝlosi	auto	unlocked = past of unlock (malŝlosi)	2026-07-05T07:55:17+00:00
x	reject				auto	single-letter artifact: 'x-ray' mis-split + letter X; not a lexical word	2026-07-05T07:55:37+00:00
belove	accept		am	amata	auto	beloved = amata (loved/cherished); manual anchor	2026-07-05T07:55:55+00:00
scamper	accept		kur	kureti	auto	scamper = kureti (scamper/little-run); same as scurry	2026-07-05T07:56:06+00:00
swoop	hold				auto	no clean anchor: pikflugi (obscure) / subenĵetiĝi (clunky) / plonĝi (overlaps dive); needs decision	2026-07-05T07:56:42+00:00
tiptoe	accept		piedpint	piedpinte	auto	tiptoe = piedpinte (on toe-tips); manual anchor	2026-07-05T07:56:59+00:00
curiously	accept		scivol	scivoleme	auto	curiously = scivoleme (curiously); manual anchor	2026-07-05T07:57:11+00:00
faraway	accept		for	fora	auto	faraway = fora (far-off/remote); manual anchor	2026-07-05T07:57:27+00:00
popper	hold				auto	unclear referent (yellow object you hug/pick up); can't determine party-popper vs snap-fastener vs story-object	2026-07-05T07:57:49+00:00
ranger	accept		parkgardist	parkgardisto	auto	park ranger = parkgardisto (park-guard); manual anchor	2026-07-05T07:58:04+00:00
sternly	accept		sever	severe	auto	sternly = severe (strictly/firmly); manual anchor	2026-07-05T07:58:17+00:00
treehouse	accept		arbodom	arbodomo	auto	treehouse = arbodomo (tree-house); manual anchor	2026-07-05T07:58:29+00:00
dripping	accept		gut	guti	auto	dripping = guti (drip, from guto=drop); manual anchor	2026-07-05T07:58:41+00:00
gobble	accept		vor	voregi	auto	gobble = voregi (devour greedily); manual anchor	2026-07-05T07:58:54+00:00
ha	hold				auto	laughter onomatopoeia (ha ha); same scope question as vroom — interjection/sound-word class	2026-07-05T07:59:16+00:00
newfound	accept		nov	nova	auto	newfound ≈ nova (new); manual anchor, A1 simplification	2026-07-05T07:59:36+00:00
pecked	accept		bek	beki	auto	pecked = beki (peck with beak); manual anchor	2026-07-05T07:59:52+00:00
tock	hold				auto	onomatopoeia fragment from tick-tock (EO tiktako); sound-word scope class	2026-07-05T08:00:10+00:00
zookeeper	accept		bestogardist	bestogardisto	auto	zookeeper = bestogardisto (animal-keeper); manual anchor	2026-07-05T08:00:29+00:00
bunnie	accept		kunikl	kunikleto	auto	bunny = kunikleto (little rabbit); manual anchor	2026-07-05T08:00:44+00:00
cactuse	accept		kakt	kakto	auto	cactus = kakto; manual anchor	2026-07-05T08:00:56+00:00
chug	hold				auto	train chug: no clean anchor (pufi=puff / veturi=travel both partial); onomatopoeic motion	2026-07-05T08:01:24+00:00
cobwebs	accept		arane	aranereto	auto	cobwebs = plural of cobweb (aranereto)	2026-07-05T08:01:35+00:00
doggie	accept		hund	hundeto	auto	doggie = hundeto (little dog); manual anchor	2026-07-05T08:01:49+00:00
fins	accept		naĝil	naĝilo	auto	fin = naĝilo (swim-organ); manual anchor	2026-07-05T08:02:05+00:00
naughtiness	accept		petol	petoleco	auto	naughtiness = petoleco (mischief, from petola=naughty); manual anchor	2026-07-05T08:02:31+00:00
preschool	accept		infanĝarden	infanĝardeno	auto	preschool = infanĝardeno (kindergarten); manual anchor	2026-07-05T08:02:46+00:00
sandpit	accept		sabluj	sablujo	auto	sandpit/sandbox = sablujo (sand-container); manual anchor	2026-07-05T08:03:00+00:00
scoot	accept		ŝov	ŝoviĝi	auto	scoot = ŝoviĝi (slide/shift oneself along); manual anchor	2026-07-05T08:03:18+00:00
seashell	accept		markonk	markonko	auto	seashell = markonko (sea-shell); manual anchor	2026-07-05T08:03:32+00:00
sneaky	accept		ruz	ruza	auto	sneaky = ruza (sly/cunning); manual anchor	2026-07-05T08:03:48+00:00
sniffle	accept		snuf	snufi	auto	sniffle = snufi (snuffle); manual anchor	2026-07-05T08:04:04+00:00
squish	accept		prem	dispremi	auto	squish = dispremi (squash flat); manual anchor	2026-07-05T08:04:21+00:00
townspeople	accept		urban	urbanoj	auto	townspeople = urbanoj (town-members); manual anchor	2026-07-05T08:04:36+00:00
unfamiliar	accept		kon	nekonata	auto	unfamiliar = nekonata (not-known); manual anchor	2026-07-05T08:04:52+00:00
untangle	accept		implik	malimpliki	auto	untangle = malimpliki (disentangle); manual anchor	2026-07-05T08:05:07+00:00
wetter	accept		sek	malseka	auto	wetter = comparative of wet (malseka); manual anchor	2026-07-05T08:05:20+00:00
alright	accept				auto	bone = ok/alright, fits	2026-07-05T08:26:02+00:00
blouse	accept				auto	bluzo = blouse, standard	2026-07-05T08:26:12+00:00
buckle	accept		buk	buko	auto	corpus = noun; buko not verb buki	2026-07-05T08:26:31+00:00
cauliflower	accept				auto	florbrasiko = flower-cabbage = cauliflower, standard	2026-07-05T08:26:43+00:00
chop	accept				auto	haki = to chop, exact	2026-07-05T08:26:57+00:00
hunter	accept		ĉasist	ĉasisto	auto	hunter by role = ĉasisto (-ist); ĉasanto = momentary participle	2026-07-05T08:27:12+00:00
itch	accept		juk	juko	auto	corpus leans noun (an itch); juko not verb juki	2026-07-05T08:27:26+00:00
reindeer	accept				auto	boaco = reindeer, everyday word	2026-07-05T08:27:39+00:00
sandbox	accept		sablokest	sablokesto	auto	play sandbox = sablokesto (sand-box); provejo = test-sandbox, wrong	2026-07-05T08:27:55+00:00
scarf	accept		koltuk	koltuko	auto	neck scarf = koltuko (neck-cloth); skarpo = sash/sling, broader	2026-07-05T08:28:11+00:00
skull	accept				auto	kranio = skull, standard	2026-07-05T08:28:21+00:00
venture	accept		aventur	aventuri	auto	venture into/far (go boldly) = aventuri; riski = risk, wrong sense	2026-07-05T08:28:47+00:00
boom	accept				auto	bumo = boom (loud bang, used as noun); manual note re sound-word scope	2026-07-05T08:29:15+00:00
broccoli	accept				auto	brokolo = broccoli, standard	2026-07-05T08:29:26+00:00
cracker	accept				auto	krakeno = cracker (biscuit), correct sense	2026-07-05T08:29:41+00:00
creep	accept		ŝtel	ŝteliri	auto	creep (move stealthily) = ŝteliri; rampi = crawl on ground, wrong	2026-07-05T08:30:05+00:00
kindly	accept				auto	afable = kindly, fits	2026-07-05T08:30:19+00:00
mop	accept		ŝvabr	ŝvabrilo	auto	dominant noun mop = ŝvabrilo (tool); ŝvabri = verb	2026-07-05T08:30:34+00:00
mule	accept				auto	mulo = mule, exact	2026-07-05T08:30:48+00:00
ripe	accept				auto	matura = ripe, exact	2026-07-05T08:31:00+00:00
shield	accept		ŝild	ŝildo	auto	physical shield = ŝildo; egido = aegis/auspices, wrong	2026-07-05T08:31:17+00:00
spark	accept		fajr	fajrero	auto	spark = fajrero (fire-particle, native); sparki/sparko are calques	2026-07-05T08:31:31+00:00
spit	accept				auto	kraĉi = to spit, correct sense	2026-07-05T08:31:46+00:00
steak	accept				auto	steko = steak, standard	2026-07-05T08:32:04+00:00
sword	accept				auto	glavo = sword, exact	2026-07-05T08:32:22+00:00
toast	accept		rostpan	rostpano	auto	food toast = rostpano (toasted bread); rosti=verb; drinking toast=tosto minority	2026-07-05T08:32:40+00:00
villager	accept				auto	vilaĝano = village-member = villager, transparent	2026-07-05T08:32:56+00:00
anytime	accept				auto	iutempe = anytime/sometime; adverb anchor	2026-07-05T08:33:24+00:00
barrel	accept		barel	barelo	auto	barrel/cask = barelo; tubo = tube/pipe, wrong	2026-07-05T08:33:42+00:00
bathe	accept				auto	bani = to bathe, exact	2026-07-05T08:33:57+00:00
chalk	accept		kret	kreto	auto	corpus = noun; kreto not adjective kreta	2026-07-05T08:34:18+00:00
drain	accept		defluej	defluejo	auto	noun drain = defluejo (drainage outlet); dreni = verb	2026-07-05T08:34:41+00:00
drift	accept		driv	drivi	auto	drift = drivi (float/be carried passively); vagi = wander actively, wrong	2026-07-05T08:35:01+00:00
fireplace	accept				auto	kameno = fireplace/hearth, standard	2026-07-05T08:35:19+00:00
respectful	accept				auto	respekta = respectful, direct	2026-07-05T08:35:36+00:00
scold	accept		riproĉ	riproĉi	auto	scold = riproĉi (rebuke); admoni = gentle admonish, weaker	2026-07-05T08:35:53+00:00
sip	accept		trink	trinketi	auto	sip = trinketi (little drink); gluto = gulp/swallow, too big	2026-07-05T08:36:14+00:00
sneak	accept		ŝtel	ŝteliri	auto	sneak = ŝteliri (steal-go); consistent with snuck/creep; rampi=crawl wrong	2026-07-05T08:36:29+00:00
sprinkle	accept				auto	ŝuteti = sprinkle (scatter small amounts), fits	2026-07-05T08:36:45+00:00
sunrise	accept		sunleviĝ	sunleviĝo	auto	sunrise = sunleviĝo (sun-rising); parallel with sunset=sunsubiro	2026-07-05T08:37:07+00:00
tide	accept				auto	tajdo = tide, exact	2026-07-05T08:37:18+00:00
vanish	accept		aper	malaperi	auto	vanish = malaperi (disappear); nuliĝi = become-null, weaker	2026-07-05T08:37:35+00:00
wardrobe	accept		vestoŝrank	vestoŝranko	auto	wardrobe = vestoŝranko (clothes-cabinet); ŝranko = generic cabinet	2026-07-05T08:37:50+00:00
backpack	accept				auto	dorssako = back-bag = backpack, transparent	2026-07-05T08:38:05+00:00
fog	accept				auto	nebulo = fog/mist, standard	2026-07-05T08:38:21+00:00
outfit	accept		vestar	vestaro	auto	clothing outfit = vestaro (clothes-set); ekipi = verb equip	2026-07-05T08:38:36+00:00
patiently	accept				auto	pacience = patiently, exact	2026-07-05T08:38:50+00:00
prune	accept		sekprun	sekpruno	auto	fruit prune = sekpruno (dried plum); stuci = gardening verb, wrong	2026-07-05T08:39:06+00:00
rip	accept				auto	ŝiri = to rip/tear, exact	2026-07-05T08:39:23+00:00
seagull	accept				auto	mevo = seagull, standard	2026-07-05T08:39:37+00:00
seal	accept				auto	foko = seal animal (flipper/tail); not sigelaĵo/stamp	2026-07-05T08:39:51+00:00
steam	accept		vapor	vaporo	auto	corpus = noun; vaporo not adjective vapora	2026-07-05T08:40:09+00:00
twist	accept				auto	tordi = to twist; consistent with twisting/twisted	2026-07-05T08:40:26+00:00
airplane	accept				auto	aviadilo = airplane, standard	2026-07-05T08:40:47+00:00
cabinet	accept				auto	ŝranko = cabinet/cupboard, generic; distinct from wardrobe	2026-07-05T08:41:01+00:00
cautiously	accept		singardem	singardeme	auto	cautiously = singardeme (warily/guardedly); zorge = carefully, weaker	2026-07-05T08:41:18+00:00
cupcake	accept				auto	kuketo = little cake = cupcake, fits	2026-07-05T08:41:33+00:00
giraffe	accept				auto	ĝirafo = giraffe, exact	2026-07-05T08:41:45+00:00
hallway	accept				auto	koridoro = corridor/hallway, fits	2026-07-05T08:42:00+00:00
hose	accept				auto	hoso = hose (garden), standard	2026-07-05T08:42:14+00:00
notebook	accept		kajer	kajero	auto	writing/drawing notebook = kajero; agendo = diary-planner, wrong	2026-07-05T08:42:31+00:00
oak	accept		kverk	kverko	auto	corpus = noun oak tree; kverko not adjective kverka	2026-07-05T08:42:50+00:00
oxygen	accept				auto	oksigeno = oxygen, exact	2026-07-05T08:43:04+00:00
pajama	accept				auto	piĵamo = pajama, standard	2026-07-05T08:43:15+00:00
pearl	accept				auto	perlo = pearl, exact	2026-07-05T08:43:30+00:00
ranch	accept				auto	bieno = farm/estate/ranch, native; over calque ranĉo	2026-07-05T08:43:44+00:00
reminder	accept		memorigil	memorigilo	auto	reminder (a thing that reminds) = memorigilo; memorigo = act of reminding	2026-07-05T08:43:59+00:00
sadness	accept				auto	malĝojo = un-joy = sadness, exact	2026-07-05T08:44:15+00:00
barely	accept		apenaŭ	apenaŭ	auto	barely = apenaŭ (hardly); nude = nakedly, wrong	2026-07-05T08:44:32+00:00
canvas	accept				auto	kanvaso = canvas, standard	2026-07-05T08:44:48+00:00
carriage	accept		kaleŝ	kaleŝo	auto	horse carriage = kaleŝo; afusto = gun-carriage, wrong	2026-07-05T08:45:02+00:00
celery	accept				auto	apio = celery, standard	2026-07-05T08:45:17+00:00
cop	accept		policist	policisto	auto	cop = policisto (police officer); sbiro = derogatory henchman, wrong tone	2026-07-05T08:45:36+00:00
flavor	accept		gust	gusto	auto	flavor (taste) = gusto; aromo = aroma/smell, wrong sense	2026-07-05T08:45:50+00:00
freezer	accept				auto	frostujo = frost-container = freezer, transparent	2026-07-05T08:46:04+00:00
intrigue	accept		scivol	scivoligi	auto	intrigued (aroused curiosity) = scivoligi; intrigi = scheme/plot, wrong sense	2026-07-05T08:46:21+00:00
jeep	accept				auto	ĵipo = jeep, standard	2026-07-05T08:46:34+00:00
panic	accept				auto	paniki = to panic, exact	2026-07-05T08:46:47+00:00
pupil	accept		lernant	lernanto	auto	dominant = student pupil (lernanto); pupilo = eye-pupil, minority	2026-07-05T08:47:03+00:00
sew	accept				auto	kudri = to sew, exact	2026-07-05T08:47:17+00:00
shovel	accept		ŝovelil	ŝovelilo	auto	shovel = ŝovelilo; fosilo reserved for spade, avoid collision	2026-07-05T08:47:41+00:00
sore	accept				auto	dolora = painful/sore (adjective), correct	2026-07-05T08:47:54+00:00
starfish	accept		marstel	marstelo	auto	starfish = marstelo (sea-star); asterio = Latinism	2026-07-05T08:48:13+00:00
sway	accept		balanc	balanciĝi	auto	physical sway = balanciĝi (rock/sway); influi = influence, wrong sense	2026-07-05T08:48:31+00:00
thrill	accept		rav	ravi	auto	thrilled (delighted/excited) = ravi (enrapture); vibri = vibrate, wrong sense	2026-07-05T08:48:59+00:00
underneath	accept				auto	sub = underneath/under, same as beneath	2026-07-05T08:49:14+00:00
ambulance	accept				auto	ambulanco = ambulance, standard	2026-07-05T08:49:27+00:00
bedtime	accept				auto	enlitiĝtempo = bedtime, transparent compound	2026-07-05T08:49:43+00:00
bully	accept		tiran	tirano	auto	noun bully (intimidating person) = tirano; ĉikani = verb nit-pick	2026-07-05T08:50:10+00:00
campfire	accept				auto	tendarfajro = camp-fire, transparent	2026-07-05T08:50:27+00:00
cricket	accept				auto	grilo = cricket insect; not sport kriketo	2026-07-05T08:50:41+00:00
eagle	accept				auto	aglo = eagle, exact	2026-07-05T08:50:59+00:00
fade	accept		pal	paliĝi	auto	fade = paliĝi (fade/dim, native); fadi is calque	2026-07-05T08:51:25+00:00
marker	accept		markil	markilo	auto	marker pen = markilo (marking-tool); marko = a mark/brand	2026-07-05T08:51:43+00:00
melon	accept				auto	melono = melon, exact	2026-07-05T08:51:58+00:00
ray	accept		radi	radio	auto	ray of light = radio; rajo = the fish, wrong	2026-07-05T08:52:16+00:00
restore	accept		restarig	restarigi	auto	restore (fix/bring back to state) = restarigi; redoni = give back an object	2026-07-05T08:52:35+00:00
shed	accept				auto	budo = hut/shed; covers a tool/garden shed	2026-07-05T08:52:54+00:00
sting	accept				auto	piki = to sting/prick; bee sting fits	2026-07-05T08:53:07+00:00
stroke	accept		kares	karesi	auto	stroke (pet gently) = karesi; bato = a blow/hit, wrong sense	2026-07-05T08:53:31+00:00
acorn	accept				auto	glano = acorn, standard	2026-07-05T08:55:34+00:00
bathtub	accept				auto	banujo = bath-container = bathtub, transparent	2026-07-05T08:55:50+00:00
batter	accept		farunbat	farunbataĵo	auto	cake batter = farunbataĵo (beaten-flour mix); batanto = a person who bats, wrong	2026-07-05T08:56:11+00:00
cardboard	accept		karton	kartono	auto	corpus = noun; kartono not adjective kartona	2026-07-05T08:56:27+00:00
coral	accept		koral	koralo	auto	corpus = noun; koralo not adjective korala	2026-07-05T08:56:48+00:00
curl	accept		kaŭr	kaŭriĝi	auto	curl up (nestle into ball) = kaŭriĝi; bukli = curl hair, wrong	2026-07-05T08:57:12+00:00
dip	accept		tremp	trempeti	auto	dip into water = trempeti (dip lightly); ekfali = slump/fall, wrong	2026-07-05T08:57:32+00:00
helper	accept				auto	helpanto = helper, fits	2026-07-05T08:57:45+00:00
lawn	accept				auto	gazono = lawn, standard	2026-07-05T08:58:02+00:00
mailman	accept				auto	poŝtisto = mailman/postman, exact	2026-07-05T08:58:18+00:00
medal	accept				auto	medalo = medal, exact	2026-07-05T08:58:33+00:00
muddy	accept				auto	kota = muddy (from koto=mud), exact	2026-07-05T08:58:48+00:00
purr	accept		ronron	ronroni	auto	cat purr = ronroni (primary sense); bleketi = squeak/whine	2026-07-05T08:59:07+00:00
quack	accept				auto	kvaki = to quack, fits	2026-07-05T08:59:24+00:00
rumble	accept				auto	bruegadi = rumble (continuous loud noise), fits	2026-07-05T08:59:44+00:00
sidewalk	accept				auto	trotuaro = sidewalk/pavement, standard	2026-07-05T09:00:00+00:00
squeal	accept		kri	krieti	auto	corpus = verb squealed; krieti (shrill little cry) not noun krieto	2026-07-05T09:00:18+00:00
warrior	accept				auto	batalisto = warrior/fighter, fits	2026-07-05T09:00:43+00:00
armchair	accept				auto	fotelo = armchair, standard	2026-07-05T09:01:05+00:00
burst	accept		krev	krevi	auto	burst (pop open) = krevi; knali = bang/sound	2026-07-05T09:01:29+00:00
circus	accept				auto	cirko = circus, exact	2026-07-05T09:01:49+00:00
exhaust	accept				auto	elĉerpi = drain/use-up; exhausted=elĉerpita (drained of energy)	2026-07-05T09:02:13+00:00
explorer	accept		esplorist	esploristo	auto	explorer (adventurer) = esploristo; foliumilo = web browser, wrong	2026-07-05T09:02:31+00:00
fabric	accept				auto	ŝtofo = cloth/fabric; not fabriko=factory	2026-07-05T09:02:49+00:00
fisherman	accept				auto	fiŝisto = fisherman, standard	2026-07-05T09:03:14+00:00
glitter	accept		scintil	scintili	auto	glitter = scintili (sparkle/twinkle); brilegi = blaze; consistent with sparkly	2026-07-05T09:03:33+00:00
gracefully	accept				auto	gracie = gracefully; consistent with graceful=gracia	2026-07-05T09:03:57+00:00
honking	accept		hup	hupi	auto	honking (car horn) = hupi; kvakado = quacking, wrong	2026-07-05T09:04:15+00:00
horizon	accept				auto	horizonto = horizon, exact	2026-07-05T09:04:33+00:00
jug	accept		kruĉ	kruĉo	auto	jug/pitcher = kruĉo (pouring vessel); poto = pot	2026-07-05T09:04:50+00:00
oasis	accept				auto	oazo = oasis, exact	2026-07-05T09:05:09+00:00
ostrich	accept				auto	struto = ostrich, exact	2026-07-05T09:05:30+00:00
pasta	accept				auto	pastaĵo = pasta, standard	2026-07-05T09:05:55+00:00
potion	accept				auto	pocio = potion, standard	2026-07-05T09:06:09+00:00
precious	accept				auto	kara = dear/precious/valuable, fits	2026-07-05T09:06:28+00:00
sibling	accept		gefrat	gefrato	auto	sibling (gender-neutral) = gefrato; frato = brother (male)	2026-07-05T09:06:50+00:00
spaceship	accept				auto	kosmoŝipo = space-ship, transparent	2026-07-05T09:07:08+00:00
spear	accept				auto	lanco = spear/lance, standard	2026-07-05T09:07:23+00:00
stem	accept		tig	tigo	auto	plant stem = tigo (stalk); bazo = base/foundation, wrong	2026-07-05T09:07:41+00:00
tricky	accept		facil	malfacila	auto	tricky (hard to do) = malfacila; artifika = contrived, wrong	2026-07-05T09:08:00+00:00
wallet	accept		biletuj	biletujo	auto	wallet = biletujo (bill-holder); sako = bag; distinct from purse=monujo	2026-07-05T09:08:23+00:00
wiggle	accept				auto	tordetiĝi = wiggle (little wriggle), fits	2026-07-05T09:08:42+00:00
bat	accept		vespert	vesperto	auto	animal bat = vesperto; batilo = sports bat, wrong	2026-07-05T09:09:02+00:00
billboard	accept				auto	reklampanelo = ad-panel = billboard, transparent	2026-07-05T09:09:18+00:00
compassion	accept				auto	kompato = compassion; consistent with compassionate	2026-07-05T09:09:31+00:00
dresser	accept				auto	komodo = chest of drawers/dresser, standard	2026-07-05T09:09:47+00:00
firefly	accept		lampir	lampiro	auto	firefly = lampiro; fulgoro = lanternfly, wrong species	2026-07-05T09:10:06+00:00
grandchild	accept				auto	genepo = grandchild (gender-neutral), correct	2026-07-05T09:10:25+00:00
hider	accept		kaŝ	kaŝiĝanto	auto	hider (game role) = kaŝiĝanto (one hiding); kaŝisto = professional -ist, off	2026-07-05T09:10:57+00:00
hopeful	accept				auto	esperema = hopeful (hope-inclined), fits	2026-07-05T09:11:16+00:00
luggage	accept				auto	bagaĝo = luggage, standard	2026-07-05T09:11:29+00:00
patience	accept				auto	pacienco = patience; consistent with patiently	2026-07-05T09:11:52+00:00
peer	accept		rigard	enrigardi	auto	verb peer (look into intently) = enrigardi; pajro = a nobleman peer, wrong	2026-07-05T09:12:19+00:00
quiz	accept				auto	kvizo = quiz, standard	2026-07-05T09:12:44+00:00
reassure	accept				auto	rekuraĝigi = re-encourage/reassure, fits	2026-07-05T09:13:00+00:00
rustle	accept		susur	susuri	auto	rustle (soft leaves sound) = susuri; rasli = rattle, harder	2026-07-05T09:13:21+00:00
slimy	accept				auto	ŝlima = slimy (from ŝlimo=slime), fits	2026-07-05T09:13:43+00:00
snatch	accept				auto	ekpreni = suddenly grab = snatch, fits	2026-07-05T09:14:08+00:00
someday	accept				auto	iutage = someday, fits	2026-07-05T09:14:24+00:00
spice	accept		spic	spico	auto	corpus = noun; spico not verb spici	2026-07-05T09:14:46+00:00
toddler	accept				auto	paŝetulo = little-step-person = toddler, transparent	2026-07-05T09:15:09+00:00
vow	accept				auto	voti = to vow (solemn pledge), fits	2026-07-05T09:15:38+00:00
wisdom	accept				auto	saĝo = wisdom, standard	2026-07-05T09:15:59+00:00
wobble	accept		ŝancel	ŝanceliĝi	auto	wobble = ŝanceliĝi (totter/sway, native); vobli is calque	2026-07-05T09:16:18+00:00
yield	accept				auto	cedi = yield/give in, fits	2026-07-05T09:16:35+00:00
accomplish	accept				auto	atingi = achieve/accomplish, fits	2026-07-05T09:16:56+00:00
beard	accept				auto	barbo = beard, exact	2026-07-05T09:17:13+00:00
bravery	accept		brav	braveco	auto	bravery = braveco (brave-ness); bravo also = exclamation	2026-07-05T09:17:35+00:00
dolly	accept		pup	pupeto	auto	dolly = pupeto (little doll); dolio non-standard	2026-07-05T09:17:55+00:00
echo	accept				auto	eĥi = to echo, standard	2026-07-05T09:18:07+00:00
feast	accept		festen	festeno	auto	feast/banquet = festeno; regalo = a treat, narrower	2026-07-05T09:18:26+00:00
fetch	accept		port	alporti	auto	fetch (go get & bring object) = alporti; venigi = summon a person	2026-07-05T09:18:47+00:00
firefighter	accept				auto	fajrobrigadisto = firefighter; consistent with fireman	2026-07-05T09:19:09+00:00
greedy	accept		avid	avida	auto	greedy (grasping/wanting more) = avida; avara = miserly/stingy, narrower	2026-07-05T09:19:35+00:00
hiss	accept		sibl	sibli	auto	hiss (cat/snake) = sibli; ŝuŝi = shush	2026-07-05T09:19:52+00:00
kingdom	accept		reĝland	reĝlando	auto	kingdom (king's land) = reĝlando; regno = realm/state, general	2026-07-05T09:20:10+00:00
mattress	accept				auto	matraco = mattress, exact	2026-07-05T09:20:25+00:00
paintbrush	accept				auto	peniko = paintbrush, standard	2026-07-05T09:20:45+00:00
raccoon	accept		lavurs	lavurso	auto	raccoon = lavurso (washing-bear); prociono = Latinism	2026-07-05T09:21:08+00:00
reluctantly	accept				auto	malvole = unwillingly/reluctantly, exact	2026-07-05T09:21:30+00:00
riddle	accept				auto	enigmo = riddle/puzzle, correct sense	2026-07-05T09:21:49+00:00
seeker	accept				auto	serĉanto = seeker (one searching), fits game role	2026-07-05T09:22:17+00:00
swirl	accept				auto	kirliĝi = swirl/whirl, fits	2026-07-05T09:22:43+00:00
tick	accept		tiktak	tiktaki	auto	clock tick = tiktaki (tick-tock); iksodo = parasite tick, wrong	2026-07-05T09:23:06+00:00
tub	accept				auto	kuvo = tub/bath, fits	2026-07-05T09:23:29+00:00
accomplishment	accept		ating	atingo	auto	accomplishment = atingo (achievement); consistent with accomplish; faro = a deed	2026-07-05T09:23:56+00:00
bead	accept				auto	bido = bead, standard	2026-07-05T09:24:11+00:00
belly	accept				auto	ventro = belly; consistent with tummy	2026-07-05T09:24:23+00:00
chipmunk	accept				auto	eŭtamio = chipmunk (no everyday native word for this NA animal)	2026-07-05T09:24:49+00:00
cough	accept				auto	tusi = to cough, exact	2026-07-05T09:25:04+00:00
darling	accept		karul	karulo	auto	darling (term of endearment, a person) = karulo; karega = very-dear adjective	2026-07-05T09:25:21+00:00
dot	accept				auto	punkto = dot/point, standard	2026-07-05T09:25:35+00:00
dragonfly	accept				auto	libelo = dragonfly, standard	2026-07-05T09:25:47+00:00
glee	accept				auto	ĝojo = joy/glee, fits	2026-07-05T09:26:03+00:00
glimmer	accept		lum	lumetadi	auto	glimmer (verb) = lumetadi (shimmer); lumeto = a faint light noun	2026-07-05T09:26:21+00:00
jailer	accept		prizongardist	prizongardisto	auto	jailer = prizongardisto (prison-guard); provoso = obscure provost	2026-07-05T09:26:40+00:00
keeper	accept		gardist	gardisto	auto	keeper (role) = gardisto; gardanto = momentary participle	2026-07-05T09:27:00+00:00
magician	accept				auto	magiisto = magician, standard	2026-07-05T09:27:14+00:00
marching	accept		marŝ	marŝi	auto	marching (verb, walk in step) = marŝi; defilado = a parade procession	2026-07-05T09:27:34+00:00
mermaid	accept		marvirin	marvirino	auto	mermaid = marvirino (sea-woman); sireno also = alarm-siren, ambiguous	2026-07-05T09:28:02+00:00
pluck	accept				auto	pluki = to pluck/pick, exact	2026-07-05T09:29:13+00:00
spooky	accept				auto	timigeta = spooky (a bit scary), fits	2026-07-05T09:29:25+00:00
stew	accept		stufaĵ	stufaĵo	auto	stew = stufaĵo (stewed dish); raguo = ragout, narrower	2026-07-05T09:29:41+00:00
stripe	accept		stri	strio	auto	corpus = noun; strio not verb strii	2026-07-05T09:29:56+00:00
telescope	accept		teleskop	teleskopo	auto	telescope = teleskopo (specific); vidilo = generic viewing device	2026-07-05T09:30:12+00:00
unsure	accept				auto	necerta = not-certain = unsure, exact	2026-07-05T09:30:28+00:00
warmly	accept				auto	varme = warmly; consistent with warmth	2026-07-05T09:30:42+00:00
wink	accept		okulsign	okulsigni	auto	wink (one-eye signal) = okulsigni; palpebrumi reserved for blink	2026-07-05T09:31:02+00:00
admiration	accept				auto	admiro = admiration, standard	2026-07-05T09:31:20+00:00
afar	accept				auto	fore = afar/far away; consistent with faraway	2026-07-05T09:31:36+00:00
backwards	accept		antaŭ	malantaŭen	auto	backwards (direction) = malantaŭen; reen = back/returning; consistent with reverse	2026-07-05T09:31:54+00:00
basement	accept				auto	kelo = basement/cellar, standard	2026-07-05T09:32:07+00:00
beehive	accept				auto	abelujo = bee-container = beehive, transparent	2026-07-05T09:32:29+00:00
broom	accept		balail	balailo	auto	sweeping broom = balailo; citizo = broom-shrub plant, wrong	2026-07-05T09:32:51+00:00
burrow	accept		kav	kavo	auto	noun burrow (animal den/hollow) = kavo; kavigi = verb hollow-out	2026-07-05T09:33:21+00:00
cliff	accept				auto	klifo = cliff, standard	2026-07-05T09:33:34+00:00
cluck	accept				auto	kluki = to cluck, exact	2026-07-05T09:33:47+00:00
cottage	accept				auto	dometo = little house = cottage, transparent	2026-07-05T09:34:02+00:00
crunchy	accept				auto	kraketa = crunchy/crackly, fits	2026-07-05T09:34:18+00:00
diving	accept		plonĝ	plonĝado	auto	diving = plonĝado; consistent with dive=plonĝi	2026-07-05T09:34:44+00:00
dusty	accept				auto	polva = dusty (from polvo=dust), exact	2026-07-05T09:34:58+00:00
frost	accept		glazur	glazuro	auto	dominant = cake frosting/icing (glazuro); gelo=weather frost, minority; lemmatizer collapsed frosting→frost	2026-07-05T09:35:21+00:00
hen	accept		kokin	kokino	auto	hen (live female chicken) = kokino; kokaĵo = chicken meat, wrong	2026-07-05T09:35:39+00:00
honk	accept		hup	hupi	auto	honk = hupi; consistent with honking; korni=horn overridden	2026-07-05T09:35:59+00:00
mane	accept				auto	kolharoj = neck-hairs = mane, transparent	2026-07-05T09:36:15+00:00
munch	accept				auto	maĉi = chew/munch, fits	2026-07-05T09:36:29+00:00
plead	accept		peteg	petegi	auto	plead (beg/implore) = petegi; pledi = legal advocacy, wrong sense	2026-07-05T09:36:50+00:00
politely	accept				auto	ĝentile = politely, exact	2026-07-05T09:37:05+00:00
pout	accept		paŭt	paŭti	auto	pout = paŭti (direct); budi obscure/ambiguous with budo=booth	2026-07-05T09:37:24+00:00
puff	accept		puf	pufi	auto	puff (blow/breathe/burst) = pufi; pufo = padding/wad, wrong	2026-07-05T09:37:50+00:00
quilt	accept		peplom	peplomo	auto	noun quilt = peplomo; stebi = verb quilt/stitch	2026-07-05T09:38:10+00:00
ruler	accept				auto	liniilo = measuring ruler (dominant); reganto/leader minority	2026-07-05T09:38:27+00:00
scar	accept		timig	timigi	auto	lemmatizer artifact: corpus = scaring (timigi), not cikatro/wound-scar	2026-07-05T09:38:54+00:00
screwdriver	accept				auto	ŝraŭbilo = screw-tool = screwdriver, transparent	2026-07-05T09:39:10+00:00
spoonful	accept		plenkuler	plenkulero	auto	spoonful = plenkulero (full-spoon); ĉerpeto = a small scoop	2026-07-05T09:39:27+00:00
stroll	accept		promen	promeni	auto	stroll = promeni (leisurely walk); pasumi = dawdle/lounge	2026-07-05T09:39:47+00:00
trampoline	accept				auto	trampolino = trampoline, standard	2026-07-05T09:40:04+00:00
waffle	accept				auto	vaflo = waffle (food), correct sense	2026-07-05T09:40:29+00:00
windy	accept				auto	venta = windy (from vento=wind), exact	2026-07-05T09:40:51+00:00
alligator	accept				auto	aligatoro = alligator, standard	2026-07-05T09:41:11+00:00
brick	accept		brik	briko	auto	corpus = noun; briko not adjective brika	2026-07-05T09:41:29+00:00
cashier	accept		kasist	kasisto	auto	cashier (person) = kasisto; kaso = the till/cash-box	2026-07-05T09:46:04+00:00
conquer	accept				auto	venki = conquer/overcome, fits	2026-07-05T09:46:19+00:00
creativity	accept				auto	kreemo = creativity, fits	2026-07-05T09:46:34+00:00
devastate	accept		aflikt	aflikti	auto	devastated (emotionally crushed) = aflikti/afliktita; ruinigi = physically ruin, wrong	2026-07-05T09:47:01+00:00
driveway	accept				auto	enveturejo = drive-in-place = driveway, transparent	2026-07-05T09:47:16+00:00
farewell	accept		adiaŭ	adiaŭo	auto	farewell (formal) = adiaŭo; ĝiso = casual bye	2026-07-05T09:47:34+00:00
grassy	accept				auto	herba = grassy (from herbo=grass), fits	2026-07-05T09:47:48+00:00
hamster	accept				auto	hamstro = hamster, standard	2026-07-05T09:48:03+00:00
handy	accept				auto	lerta = skillful/handy, fits handy man	2026-07-05T09:48:20+00:00
harvest	accept				auto	rikolti = to harvest, fits	2026-07-05T09:48:35+00:00
hesitant	accept		hezit	hezitema	auto	hesitant (reluctant to act) = hezitema; balbuta = stammering speech, wrong	2026-07-05T09:48:53+00:00
hood	accept		kapot	kapoto	auto	car hood = kapoto (bonnet); apaĉo = hoodlum, wrong	2026-07-05T09:49:13+00:00
instantly	accept		tuj	tuj	auto	instantly = tuj (immediately, A1); senprokraste = without-delay, wordier	2026-07-05T09:49:34+00:00
joyfully	accept				auto	ĝoje = joyfully, exact	2026-07-05T09:49:48+00:00
lap	accept		sin	sino	auto	body lap (sit/hold in lap) = sino; leki = lick/lap-drink, minority	2026-07-05T09:50:07+00:00
masterpiece	accept				auto	ĉefverko = chief-work = masterpiece, standard	2026-07-05T09:50:22+00:00
mist	accept		nebul	nebuleto	auto	mist = nebuleto (lighter); nebulo reserved for fog	2026-07-05T09:50:43+00:00
nervously	accept		nervoz	nervoze	auto	nervously = nervoze (from nervoza); nerve = of-nerve, odd	2026-07-05T09:51:00+00:00
nibble	accept		mord	mordeti	auto	nibble (little bites) = mordeti; rodi = gnaw, harder	2026-07-05T09:51:19+00:00
peel	accept				auto	ŝelo (root ŝel) = peel/skin; covers banana peel + peel off	2026-07-05T09:51:44+00:00
prank	accept		petolaĵ	petolaĵo	auto	prank = petolaĵo (mischief); consistent with petol-family; bubaĵo = boyish prank	2026-07-05T09:52:01+00:00
rainy	accept				auto	pluva = rainy (from pluvo=rain), exact	2026-07-05T09:52:17+00:00
recorder	accept		registril	registrilo	auto	recorder (pocket device) = registrilo; aktisto = actuary/clerk, wrong; could be bekfluto=flute	2026-07-05T09:52:39+00:00
satisfaction	accept		kontent	kontento	auto	satisfaction (contentment) = kontento; kompenso = compensation, wrong	2026-07-05T09:52:59+00:00
scent	accept		odor	odoro	auto	noun scent = odoro; flari = verb to smell	2026-07-05T09:53:17+00:00
scrap	accept				auto	peceto = a scrap/morsel (noun); 'scraped' verb instances are lemmatizer conflation	2026-07-05T09:53:44+00:00
silently	accept				auto	silente = silently, exact	2026-07-05T10:00:43+00:00
snowflake	accept				auto	neĝero = snow-particle = snowflake, transparent	2026-07-05T10:01:09+00:00
sponge	accept				auto	spongo = sponge, exact	2026-07-05T10:01:34+00:00
spy	accept		spion	spioni	auto	spy (watch secretly / a spy) = spioni/spiono; ekvidi = catch sight of, minority	2026-07-05T10:01:57+00:00
straw	accept		pajl	pajlo	auto	corpus = noun; pajlo not adjective pajla	2026-07-05T10:02:16+00:00
tangle	accept		implik	impliki	auto	tangle = impliki (entangle); consistent with untangle; kaoso = chaos, wrong	2026-07-05T10:02:35+00:00
teaspoon	accept				auto	tekulero = tea-spoon = teaspoon, transparent	2026-07-05T10:02:56+00:00
terrify	accept				auto	teruri = to terrify, exact	2026-07-05T10:03:16+00:00
tumble	accept		fal	rulfali	auto	tumble (roll and fall) = rulfali; elrenversi = overturn, wrong	2026-07-05T10:03:36+00:00
turnip	accept		rap	rapo	auto	turnip = rapo (primary); napo = rapeseed/swede	2026-07-05T10:03:53+00:00
uncover	accept				auto	malkovri = un-cover = uncover, transparent	2026-07-05T10:04:09+00:00
untie	accept				auto	malligi = un-tie (from ligi=tie), fits	2026-07-05T10:04:26+00:00
weeping	accept		larm	larmi	auto	weeping = larmi; consistent with weep=larmi (distinct from cry=plori)	2026-07-05T10:04:47+00:00
widen	accept				auto	larĝigi = widen (root larĝ), fits	2026-07-05T10:05:06+00:00
yelp	accept				auto	jelpi = to yelp, exact	2026-07-05T10:05:40+00:00
adjust	accept		ĝust	alĝustigi	auto	adjust (set right) = alĝustigi; pondi = weigh/ponder, wrong	2026-07-05T10:06:03+00:00
aisle	accept				auto	irpasejo = walkway = aisle, transparent	2026-07-05T10:06:22+00:00
anticipation	accept				auto	anticipo = anticipation, standard	2026-07-05T10:06:37+00:00
appreciation	accept				auto	ŝato = appreciation/valuing, fits	2026-07-05T10:07:04+00:00
badge	accept		insign	insigno	auto	badge/insignia = insigno; ordeno = order/medal	2026-07-05T10:07:22+00:00
bathrobe	accept		banmantel	banmantelo	auto	bathrobe = banmantelo (bath-cloak); ĥalato = dressing gown loanword	2026-07-05T10:07:47+00:00
blender	accept				auto	likvigilo = liquefier = blender; distinct from mixer=miksilo	2026-07-05T10:08:06+00:00
bolt	accept		fulm	fulmo	auto	corpus = lightning bolt = fulmo; bolti/bolto = fasten/screw, wrong	2026-07-05T10:08:25+00:00
bound	accept		impet	impeti	auto	bounded (leap/spring) = impeti; baro = barrier, wrong	2026-07-05T10:08:55+00:00
brighten	accept		hel	heligi	auto	brighten up = heligi (make bright); poluri = polish, wrong	2026-07-05T10:09:15+00:00
buyer	accept				auto	aĉetanto = buyer, fits	2026-07-05T10:09:31+00:00
calmly	accept		trankvil	trankvile	auto	calmly = trankvile (peacefully); flegme = phlegmatic/indifferent, cold	2026-07-05T10:09:58+00:00
cape	accept		mantel	mantelo	auto	garment cape/cloak = mantelo; kaba/kabo = geographic cape, wrong	2026-07-05T10:10:17+00:00
croak	accept		kvak	kvaki	auto	frog croak = kvaki; graki = crow caw	2026-07-05T10:10:48+00:00
den	accept				auto	nesto = nest/den/lair, fits fox den	2026-07-05T10:11:05+00:00
donkey	accept		azen	azeno	auto	corpus = noun; azeno not adjective azena	2026-07-05T10:11:21+00:00
doze	accept				auto	dormeti = doze/nap (little sleep), fits	2026-07-05T10:11:37+00:00
drip	accept				auto	guti = to drip; consistent with dripping	2026-07-05T10:11:58+00:00
ease	accept				auto	facileco = ease (from facila=easy), fits	2026-07-05T10:13:50+00:00
elder	accept		pliaĝul	pliaĝulo	auto	noun elder (respected old person) = pliaĝulo; pliaĝa = older adjective	2026-07-05T10:14:10+00:00
firmly	accept				auto	firme = firmly, exact	2026-07-05T10:14:24+00:00
flea	accept				auto	pulo = flea, exact	2026-07-05T10:14:37+00:00
glisten	accept				auto	brili = shine/glisten, fits	2026-07-05T10:14:53+00:00
gorgeous	accept				auto	belega = very-beautiful = gorgeous, fits	2026-07-05T10:15:06+00:00
gratitude	accept				auto	danko = gratitude/thanks, fits	2026-07-05T10:15:25+00:00
graze	accept		paŝt	paŝtiĝi	auto	graze (animals eating grass) = paŝtiĝi; tuŝeti = touch lightly, minority	2026-07-05T10:15:44+00:00
groom	accept		novedz	novedzo	auto	wedding groom = novedzo (new-husband); grumo = stableman/bellhop, wrong	2026-07-05T10:16:04+00:00
gulp	accept				auto	gluto = gulp/swallow, fits	2026-07-05T10:16:22+00:00
handful	accept		manplen	manpleno	auto	handful = manpleno (hand-full); iometo = a little bit, weaker	2026-07-05T10:16:40+00:00
handsome	accept				auto	bela = handsome/good-looking, fits	2026-07-05T10:16:56+00:00
healing	accept		san	resaniga	auto	healing = resaniga (root san); consistent with heal=resaniĝi	2026-07-05T10:17:20+00:00
hum	accept				auto	zumi = buzz/hum (machine/bee, dominant); kanteti=hum-tune minority	2026-07-05T10:17:56+00:00
instinct	accept				auto	instinkto = instinct, standard	2026-07-05T10:18:11+00:00
junk	accept				auto	rubo = junk/rubbish; not ĵonko=Chinese boat	2026-07-05T10:18:30+00:00
lava	accept		laf	lafo	auto	corpus = noun; lafo not adjective lafa	2026-07-05T10:18:47+00:00
marvel	accept				auto	miri = marvel/be amazed; consistent with amazement	2026-07-05T10:19:02+00:00
mint	accept		ment	mento	auto	mint plant/candy = mento; monfarejo = coin mint factory, wrong	2026-07-05T10:19:20+00:00
motion	accept				auto	movo = motion/movement, fits	2026-07-05T10:19:35+00:00
nasty	accept		malagrabl	malagrabla	auto	nasty (unpleasant) = malagrabla; fia = vile/shameful, too moral	2026-07-05T10:19:55+00:00
neatly	accept				auto	ordeme = neatly/tidily, fits	2026-07-05T10:20:09+00:00
oatmeal	accept		avenkaĉ	avenkaĉo	auto	oatmeal (porridge) = avenkaĉo (oat-porridge); grio = generic grits	2026-07-05T10:20:28+00:00
peacefully	accept				auto	pace = peacefully (from paco=peace), fits	2026-07-05T10:20:45+00:00
peck	accept				auto	beki = to peck; consistent with pecked	2026-07-05T10:20:58+00:00
peculiar	accept				auto	stranga = strange/peculiar; consistent with weird	2026-07-05T10:21:14+00:00
peddle	accept		pedal	pedali	auto	corpus = pedaled a bike (misspelling); pedali not ŝakri=peddle-sell	2026-07-05T10:21:32+00:00
pistol	accept				auto	pistolo = pistol, standard	2026-07-05T10:21:45+00:00
pitcher	accept				auto	kruĉo = pitcher/jug; consistent with jug; ĵetisto=baseball pitcher minority	2026-07-05T10:22:03+00:00
pitchfork	accept				auto	forkego = big-fork = pitchfork, transparent	2026-07-05T10:22:19+00:00
prickly	accept				auto	pika = prickly (from piki=prick), fits cactus	2026-07-05T10:22:36+00:00
radish	accept				auto	rafano = radish, standard	2026-07-05T10:22:55+00:00
rail	accept				auto	relo = rail/track, exact	2026-07-05T10:23:09+00:00
raindrop	accept				auto	pluvero = rain-particle = raindrop, transparent	2026-07-05T10:23:24+00:00
reunite	accept				auto	rekunigi = re-together = reunite, transparent	2026-07-05T10:23:39+00:00
roast	accept				auto	rosti = to roast, fits	2026-07-05T10:24:02+00:00
salty	accept				auto	sala = salty (from salo=salt), exact	2026-07-05T10:24:17+00:00
shave	accept				auto	razi = to shave; consistent with razor	2026-07-05T10:24:29+00:00
shimmer	accept		lum	lumetadi	auto	shimmer = lumetadi; consistent with glimmer	2026-07-05T10:24:49+00:00
smiley	accept		rid	rideta	auto	smiley (face) = rideta (smiling, from rideto); mieneto = generic expression	2026-07-05T10:25:11+00:00
squint	accept		ferm	duonfermi	auto	squint (narrow/half-close eyes) = duonfermi; strabi = cross-eyed, wrong	2026-07-05T10:25:42+00:00
squirt	accept		ŝpruc	elŝpruci	auto	squirt = elŝpruci (root ŝpruc); consistent with spray	2026-07-05T10:26:01+00:00
streamer	accept				auto	paperstrio = paper-strip = streamer, transparent	2026-07-05T10:26:18+00:00
syrup	accept				auto	siropo = syrup, standard	2026-07-05T10:26:34+00:00
tingle	accept		vibr	vibreti	auto	tingle (sensation) = vibreti; soneti = ring softly, wrong	2026-07-05T10:26:54+00:00
twisty	accept				auto	serpenta = serpentine/twisty/winding, fits	2026-07-05T10:27:10+00:00
workman	accept				auto	laboristo = worker/workman, fits	2026-07-05T10:27:29+00:00
bug	accept		insekt	insekto	human	audit fix: miso=software fault; child sense=insect	2026-07-05T10:44:21+00:00
castle	accept		kastel	kastelo	human	audit fix: aroki=chess move; building=kastelo	2026-07-05T10:44:21+00:00
rocket	accept		raket	raketo	human	audit fix: eruko=arugula plant; space rocket=raketo	2026-07-05T10:44:21+00:00
screw	accept		ŝraŭb	ŝraŭbo	human	audit fix: alo=wing; screw=ŝraŭbo	2026-07-05T10:44:21+00:00
wizard	accept		sorĉ	sorĉisto	human	audit fix: agordilo=software wizard; magician=sorĉisto	2026-07-05T10:44:21+00:00
log	accept		ŝtip	ŝtipo	human	audit fix: logo=bait/lure; wood log=ŝtipo	2026-07-05T10:44:21+00:00
tuna	accept		tinus	tinuso	human	audit fix: tino=tub; fish=tinuso	2026-07-05T10:44:21+00:00
kangaroo	accept		kangaru	kanguruo	human	audit fix: didelfo=opossum; kanguruo	2026-07-05T10:44:21+00:00
skeleton	accept		skelet	skeleto	human	audit fix: framo=frame; bones=skeleto	2026-07-05T10:44:21+00:00
temple	accept		templ	templo	human	audit fix: tempio=forehead; building=templo	2026-07-05T10:44:21+00:00
nap	accept		dorm	dormeto	human	audit fix: lanugo=fabric fluff; sleep=dormeto	2026-07-05T10:44:22+00:00
paw	accept		pied	piedeto	human	audit fix: kruro=leg; animal foot=piedeto	2026-07-05T10:44:22+00:00
jet	accept		jet	jeto	human	audit fix: duzo=fluid nozzle; jet plane=jeto	2026-07-05T10:44:22+00:00
nest	accept		nest	nesto	human	audit fix: ingi=insert(tech); bird nest=nesto	2026-07-05T10:44:22+00:00
spin	accept		turn	turniĝi	human	audit fix: ŝpini=spin thread; spin around=turniĝi	2026-07-05T10:44:22+00:00
snack	accept		manĝ	manĝeto	human	audit fix: lunĉo=lunch; snack=manĝeto	2026-07-05T10:44:22+00:00
blanket	accept		kovr	kovrilo	human	audit fix: tapiŝi=carpet verb; blanket=kovrilo	2026-07-05T10:44:22+00:00
treasure	accept		trezor	trezoro	human	audit fix: trezori=verb; noun=trezoro	2026-07-05T10:44:22+00:00
squash	accept		kukurb	kukurbo	human	audit fix: skvaŝo=sport/drink; vegetable=kukurbo	2026-07-05T10:44:22+00:00
bulb	accept		lamp	lampo	human	audit fix: bulbo=plant bulb; light bulb=lampo	2026-07-05T10:44:22+00:00
mug	accept		tas	taso	human	audit fix: poteto=little pot; drinking mug=taso	2026-07-05T10:44:22+00:00
spike	accept		pik	pikilo	human	audit fix: spiko=grain ear; pointed spike=pikilo	2026-07-05T10:44:22+00:00
lime	accept		lime	limeo	human	audit fix: kalko=mineral; fruit=limeo	2026-07-05T10:44:22+00:00
strip	accept		stri	strio	human	audit fix: bendo=band/tape; strip=strio	2026-07-05T10:44:23+00:00
navy	accept		blu	malhelblua	human	audit fix: ŝiparo=fleet; navy blue color=malhelblua	2026-07-05T10:44:23+00:00
hut	accept		kaban	kabano	human	audit fix: budo=booth/stall; hut=kabano	2026-07-05T10:44:23+00:00
stir	accept		kirl	kirli	human	audit fix: movi=move; stir=kirli	2026-07-05T10:44:23+00:00
couch	accept		sof	sofo	human	audit fix: lito=bed; couch=sofo	2026-07-05T10:44:23+00:00
awe	accept		mir	mirego	human	audit fix: teruro=terror; awe=mirego	2026-07-05T10:44:23+00:00
chubby	accept		dik	diketa	human	audit fix: ventregulo=fatso; cute-child=diketa	2026-07-05T10:44:23+00:00
whisker	accept		vibris	vibriso	human	audit fix: vangharo=sideburn; cat whisker=vibriso	2026-07-05T10:44:23+00:00
nod	accept		jes	kapjesi	human	audit fix: balanci=balance; nod head=kapjesi	2026-07-05T10:44:23+00:00
sandy	accept		sabl	sabla	human	audit fix: malkompakta=loose; sandy=sabla	2026-07-05T10:44:23+00:00
distant	accept		for	fora	human	audit fix: for=away(adv); distant(adj)=fora	2026-07-05T10:44:23+00:00
floppy	accept		mol	mola	human	audit fix: diskedo=floppy disk; floppy adj=mola	2026-07-05T10:44:23+00:00
fox	accept		vulp	vulpo	human	audit fix: POS: vulpa=adj; noun=vulpo	2026-07-05T10:44:24+00:00
duck	accept		anas	anaso	human	audit fix: POS: anasa=adj; noun=anaso	2026-07-05T10:44:24+00:00
pigeon	accept		kolomb	kolombo	human	audit fix: POS: kolomba=adj; noun=kolombo	2026-07-05T10:44:24+00:00
beaver	accept		kastor	kastoro	human	audit fix: POS: kastora=adj; noun=kastoro	2026-07-05T10:44:24+00:00
maple	accept		acer	acero	human	audit fix: POS: acera=adj; noun=acero	2026-07-05T10:44:24+00:00
laser	accept		laser	lasero	human	audit fix: POS: lasera=adj; noun=lasero	2026-07-05T10:44:24+00:00
crystal	accept		kristal	kristalo	human	audit fix: POS: kristala=adj; noun=kristalo	2026-07-05T10:44:24+00:00
crown	accept		kron	krono	human	audit fix: POS: kroni=verb; noun=krono	2026-07-05T10:44:24+00:00
bull	accept		bov	virbovo	human	audit fix: bullo=nonword; bull=virbovo	2026-07-05T10:44:24+00:00
zoom	accept		fulm	fulmi	human	audit fix: zoma=nonword; zoom around=fulmi	2026-07-05T10:44:24+00:00
brownie	reject				human	audit fix: proper name (teddy bear named Brownie)	2026-07-05T10:44:25+00:00
buggy	reject				human	audit fix: proper name (bug named Buggy)	2026-07-05T10:44:25+00:00
acceptor	reject				human	audit fix: invented character title (the Acceptor)	2026-07-05T10:44:25+00:00
lily	reject				human	audit fix: character name (Lily)	2026-07-05T10:44:25+00:00
trunk#tree	accept	sense: tree trunk	trunk	trunko	human	hold-split from 'trunk'	2026-07-05T10:55:10+00:00
trunk#elephant	accept	sense: elephant's trunk	rostr	rostro	human	hold-split from 'trunk'	2026-07-05T10:55:10+00:00
trunk#chest	accept	sense: storage trunk/chest for toys	kofr	kofro	human	hold-split from 'trunk'	2026-07-05T10:55:10+00:00
beam#bar	accept	sense: balance beam in playground	trab	trabo	human	hold-split from 'beam'	2026-07-05T10:55:10+00:00
beam#smile	accept	sense: beamed with pride/joy	radi	radii	human	hold-split from 'beam'	2026-07-05T10:55:10+00:00
palm#hand	accept	sense: palm of the hand	manplat	manplato	human	hold-split from 'palm'	2026-07-05T10:55:11+00:00
palm#tree	accept	sense: palm tree	palm	palmo	human	hold-split from 'palm'	2026-07-05T10:55:11+00:00
perch#sit	accept	sense: bird perched on a branch (verb)	sid	sidi	human	hold-split from 'perch'	2026-07-05T10:55:11+00:00
perch#roost	accept	sense: a perch/roost to sit on (noun)	sidstang	sidstango	human	hold-split from 'perch'	2026-07-05T10:55:11+00:00
tuck#bed	accept	sense: tucked into bed	lit	enlitigi	human	hold-split from 'tuck'	2026-07-05T10:55:11+00:00
tuck#hide	accept	sense: tucked away / hidden	kaŝ	kaŝi	human	hold-split from 'tuck'	2026-07-05T10:55:11+00:00
flap#wings	accept	sense: flapped its wings (verb)	flirt	flirti	human	hold-split from 'flap'	2026-07-05T10:55:11+00:00
flap#opening	accept	sense: opened the flap (noun, tent/opening)	klap	klapo	human	hold-split from 'flap'	2026-07-05T10:55:11+00:00
scoop#lift	accept	sense: scooped up / ladled (verb)	ĉerp	ĉerpi	human	hold-split from 'scoop'	2026-07-05T10:55:11+00:00
scoop#portion	accept	sense: a scoop of ice cream/sand (noun)	bul	buleto	human	hold-split from 'scoop'	2026-07-05T10:55:11+00:00
spoil#rot	accept	sense: food spoils / goes bad	putr	putri	human	hold-split from 'spoil'	2026-07-05T10:55:11+00:00
spoil#pamper	accept	sense: spoil/pamper a child or pet	dorlot	dorloti	human	hold-split from 'spoil'	2026-07-05T10:55:11+00:00
trunk	reject				human	split into senses: trunk#tree, trunk#elephant, trunk#chest	2026-07-05T10:55:11+00:00
beam	reject				human	split into senses: beam#bar, beam#smile	2026-07-05T10:55:12+00:00
palm	reject				human	split into senses: palm#hand, palm#tree	2026-07-05T10:55:12+00:00
perch	reject				human	split into senses: perch#sit, perch#roost	2026-07-05T10:55:12+00:00
tuck	reject				human	split into senses: tuck#bed, tuck#hide	2026-07-05T10:55:12+00:00
flap	reject				human	split into senses: flap#wings, flap#opening	2026-07-05T10:55:12+00:00
scoop	reject				human	split into senses: scoop#lift, scoop#portion	2026-07-05T10:55:12+00:00
spoil	reject				human	split into senses: spoil#rot, spoil#pamper	2026-07-05T10:55:12+00:00
crane	accept		gru	gruo	human	hold resolved: EO 'gruo' = both bird & machine crane (mirrors EN polysemy)	2026-07-05T10:55:12+00:00
counter	accept	kitchen+shop surface	tabl	labortablo	human	hold resolved: counter = work/serving surface	2026-07-05T10:55:12+00:00
swoop	accept		plonĝ	plonĝi	human	hold resolved: swoop down = plonĝi (dive)	2026-07-05T10:55:12+00:00
marshmallow	accept	loanword; no standard native EO term	marŝmal	marŝmalo	human	hold resolved: borrowing	2026-07-05T10:55:13+00:00
vroom	reject				human	onomatopoeia; deferred to future interjection/sound-word layer	2026-07-05T10:56:56+00:00
ha	reject				human	interjection (laughter); deferred to interjection layer	2026-07-05T10:56:56+00:00
tock	reject				human	bound onomatopoeia (only 'tick-tock'); deferred to interjection layer	2026-07-05T10:56:56+00:00
chug	reject				human	onomatopoeia (train sound); deferred to interjection layer	2026-07-05T10:56:56+00:00
popper	reject				human	ill-defined object; corpus never establishes the concept	2026-07-05T10:56:56+00:00
fin	accept				auto	postpone-sweep: clean tail anchor	2026-07-05T11:08:10+00:00
angrily	accept				auto	postpone-sweep: clean tail anchor	2026-07-05T11:08:10+00:00
astonish	accept				auto	postpone-sweep: clean tail anchor	2026-07-05T11:08:10+00:00
bakery	accept				auto	postpone-sweep: clean tail anchor	2026-07-05T11:08:10+00:00
belonging	accept				auto	postpone-sweep: clean tail anchor	2026-07-05T11:08:10+00:00
bleed	accept				auto	postpone-sweep: clean tail anchor	2026-07-05T11:08:11+00:00
bog	accept				auto	postpone-sweep: clean tail anchor	2026-07-05T11:08:11+00:00
bookmark	accept				auto	postpone-sweep: clean tail anchor	2026-07-05T11:08:11+00:00
bubbly	accept				auto	postpone-sweep: clean tail anchor	2026-07-05T11:08:11+00:00
bud	accept				auto	postpone-sweep: clean tail anchor	2026-07-05T11:08:11+00:00
builder	accept				auto	postpone-sweep: clean tail anchor	2026-07-05T11:08:11+00:00
bushy	accept				auto	postpone-sweep: clean tail anchor	2026-07-05T11:08:11+00:00
caution	accept				auto	postpone-sweep: clean tail anchor	2026-07-05T11:08:11+00:00
chatter	accept				auto	postpone-sweep: clean tail anchor	2026-07-05T11:08:12+00:00
cheetah	accept				auto	postpone-sweep: clean tail anchor	2026-07-05T11:08:12+00:00
chilly	accept				auto	postpone-sweep: clean tail anchor	2026-07-05T11:08:12+00:00
clover	accept				auto	postpone-sweep: clean tail anchor	2026-07-05T11:08:12+00:00
clutch	accept				auto	postpone-sweep: clean tail anchor	2026-07-05T11:08:12+00:00
compass	accept				auto	postpone-sweep: clean tail anchor	2026-07-05T11:08:12+00:00
compliment	accept				auto	postpone-sweep: clean tail anchor	2026-07-05T11:08:12+00:00
confusion	accept				auto	postpone-sweep: clean tail anchor	2026-07-05T11:08:12+00:00
cord	accept				auto	postpone-sweep: clean tail anchor	2026-07-05T11:08:13+00:00
cowboy	accept				auto	postpone-sweep: clean tail anchor	2026-07-05T11:08:13+00:00
crunch	accept				auto	postpone-sweep: clean tail anchor	2026-07-05T11:08:13+00:00
disappointment	accept				auto	postpone-sweep: clean tail anchor	2026-07-05T11:08:13+00:00
embarrassment	accept				auto	postpone-sweep: clean tail anchor	2026-07-05T11:08:13+00:00
energetic	accept				auto	postpone-sweep: clean tail anchor	2026-07-05T11:08:14+00:00
flop	accept				auto	postpone-sweep: clean tail anchor	2026-07-05T11:08:14+00:00
foal	accept				auto	postpone-sweep: clean tail anchor	2026-07-05T11:08:14+00:00
fondly	accept				auto	postpone-sweep: clean tail anchor	2026-07-05T11:08:14+00:00
foreshadow	accept				auto	postpone-sweep: clean tail anchor	2026-07-05T11:08:14+00:00
gesture	accept				auto	postpone-sweep: clean tail anchor	2026-07-05T11:08:14+00:00
grumble	accept				auto	postpone-sweep: clean tail anchor	2026-07-05T11:08:14+00:00
guardian	accept				auto	postpone-sweep: clean tail anchor	2026-07-05T11:08:14+00:00
handkerchief	accept				auto	postpone-sweep: clean tail anchor	2026-07-05T11:08:14+00:00
hatch	accept				auto	postpone-sweep: clean tail anchor	2026-07-05T11:08:15+00:00
hedgehog	accept				auto	postpone-sweep: clean tail anchor	2026-07-05T11:08:15+00:00
hind	accept				auto	postpone-sweep: clean tail anchor	2026-07-05T11:08:15+00:00
hip	accept				auto	postpone-sweep: clean tail anchor	2026-07-05T11:08:15+00:00
icicle	accept				auto	postpone-sweep: clean tail anchor	2026-07-05T11:08:15+00:00
juggle	accept				auto	postpone-sweep: clean tail anchor	2026-07-05T11:08:15+00:00
kit	accept				auto	postpone-sweep: clean tail anchor	2026-07-05T11:08:15+00:00
leap	accept				auto	postpone-sweep: clean tail anchor	2026-07-05T11:08:15+00:00
maid	accept				auto	postpone-sweep: clean tail anchor	2026-07-05T11:08:15+00:00
miracle	accept				auto	postpone-sweep: clean tail anchor	2026-07-05T11:08:16+00:00
mischievous	accept				auto	postpone-sweep: clean tail anchor	2026-07-05T11:08:16+00:00
overcome	accept				auto	postpone-sweep: clean tail anchor	2026-07-05T11:08:16+00:00
overhead	accept				auto	postpone-sweep: clean tail anchor	2026-07-05T11:08:16+00:00
peak	accept				auto	postpone-sweep: clean tail anchor	2026-07-05T11:08:16+00:00
peep	accept				auto	postpone-sweep: clean tail anchor	2026-07-05T11:08:16+00:00
playroom	accept				auto	postpone-sweep: clean tail anchor	2026-07-05T11:08:16+00:00
plug	accept				auto	postpone-sweep: clean tail anchor	2026-07-05T11:08:16+00:00
pod	accept				auto	postpone-sweep: clean tail anchor	2026-07-05T11:08:16+00:00
polar	accept				auto	postpone-sweep: clean tail anchor	2026-07-05T11:08:16+00:00
raincoat	accept				auto	postpone-sweep: clean tail anchor	2026-07-05T11:08:17+00:00
rejoice	accept				auto	postpone-sweep: clean tail anchor	2026-07-05T11:08:17+00:00
roam	accept				auto	postpone-sweep: clean tail anchor	2026-07-05T11:08:17+00:00
robber	accept				auto	postpone-sweep: clean tail anchor	2026-07-05T11:08:17+00:00
rooster	accept				auto	postpone-sweep: clean tail anchor	2026-07-05T11:08:17+00:00
ruffle	accept				auto	postpone-sweep: clean tail anchor	2026-07-05T11:08:17+00:00
scramble	accept				auto	postpone-sweep: clean tail anchor	2026-07-05T11:08:17+00:00
scribble	accept				auto	postpone-sweep: clean tail anchor	2026-07-05T11:08:17+00:00
smash	accept				auto	postpone-sweep: clean tail anchor	2026-07-05T11:08:17+00:00
sob	accept				auto	postpone-sweep: clean tail anchor	2026-07-05T11:08:17+00:00
soften	accept				auto	postpone-sweep: clean tail anchor	2026-07-05T11:08:18+00:00
sprout	accept				auto	postpone-sweep: clean tail anchor	2026-07-05T11:08:18+00:00
squawk	accept				auto	postpone-sweep: clean tail anchor	2026-07-05T11:08:18+00:00
stalk	accept				auto	postpone-sweep: clean tail anchor	2026-07-05T11:08:18+00:00
stern	accept				auto	postpone-sweep: clean tail anchor	2026-07-05T11:08:18+00:00
stormy	accept				auto	postpone-sweep: clean tail anchor	2026-07-05T11:08:18+00:00
strum	accept				auto	postpone-sweep: clean tail anchor	2026-07-05T11:08:18+00:00
swimsuit	accept				auto	postpone-sweep: clean tail anchor	2026-07-05T11:08:18+00:00
tablecloth	accept				auto	postpone-sweep: clean tail anchor	2026-07-05T11:08:18+00:00
tempt	accept				auto	postpone-sweep: clean tail anchor	2026-07-05T11:08:18+00:00
timer	accept				auto	postpone-sweep: clean tail anchor	2026-07-05T11:08:19+00:00
toss	accept				auto	postpone-sweep: clean tail anchor	2026-07-05T11:08:19+00:00
trot	accept				auto	postpone-sweep: clean tail anchor	2026-07-05T11:08:19+00:00
twitch	accept				auto	postpone-sweep: clean tail anchor	2026-07-05T11:08:19+00:00
underwater	accept				auto	postpone-sweep: clean tail anchor	2026-07-05T11:08:19+00:00
unkind	accept				auto	postpone-sweep: clean tail anchor	2026-07-05T11:08:19+00:00
unload	accept				auto	postpone-sweep: clean tail anchor	2026-07-05T11:08:19+00:00
unripe	accept				auto	postpone-sweep: clean tail anchor	2026-07-05T11:08:19+00:00
vanilla	accept				auto	postpone-sweep: clean tail anchor	2026-07-05T11:08:19+00:00
vessel	accept				auto	postpone-sweep: clean tail anchor	2026-07-05T11:08:19+00:00
vibrant	accept				auto	postpone-sweep: clean tail anchor	2026-07-05T11:08:20+00:00
wad	accept				auto	postpone-sweep: clean tail anchor	2026-07-05T11:08:20+00:00
wax	accept				auto	postpone-sweep: clean tail anchor	2026-07-05T11:08:20+00:00
whiz	accept				auto	postpone-sweep: clean tail anchor	2026-07-05T11:08:20+00:00
wrist	accept				auto	postpone-sweep: clean tail anchor	2026-07-05T11:08:20+00:00
abc	accept				auto	postpone-sweep: clean tail anchor	2026-07-05T11:08:20+00:00
abracadabra	accept				auto	postpone-sweep: clean tail anchor	2026-07-05T11:08:20+00:00
ache	accept				auto	postpone-sweep: clean tail anchor	2026-07-05T11:08:20+00:00
alongside	accept				auto	postpone-sweep: clean tail anchor	2026-07-05T11:08:21+00:00
aloud	accept				auto	postpone-sweep: clean tail anchor	2026-07-05T11:08:21+00:00
aroma	accept				auto	postpone-sweep: clean tail anchor	2026-07-05T11:08:21+00:00
attendant	accept				auto	postpone-sweep: clean tail anchor	2026-07-05T11:08:21+00:00
balanced	accept				auto	postpone-sweep: clean tail anchor	2026-07-05T11:08:21+00:00
bamboo	accept				auto	postpone-sweep: clean tail anchor	2026-07-05T11:08:21+00:00
bellow	accept				auto	postpone-sweep: clean tail anchor	2026-07-05T11:08:21+00:00
blade	accept				auto	postpone-sweep: clean tail anchor	2026-07-05T11:08:21+00:00
blast	accept				auto	postpone-sweep: clean tail anchor	2026-07-05T11:08:21+00:00
bookshelf	accept				auto	postpone-sweep: clean tail anchor	2026-07-05T11:08:21+00:00
boost	accept				auto	postpone-sweep: clean tail anchor	2026-07-05T11:08:22+00:00
booth	accept				auto	postpone-sweep: clean tail anchor	2026-07-05T11:08:22+00:00
bridle	accept				auto	postpone-sweep: clean tail anchor	2026-07-05T11:08:22+00:00
brilliantly	accept				auto	postpone-sweep: clean tail anchor	2026-07-05T11:08:22+00:00
burger	accept				auto	postpone-sweep: clean tail anchor	2026-07-05T11:08:22+00:00
buzzer	accept				auto	postpone-sweep: clean tail anchor	2026-07-05T11:08:22+00:00
calf	accept				auto	postpone-sweep: clean tail anchor	2026-07-05T11:08:22+00:00
catcher	accept				auto	postpone-sweep: clean tail anchor	2026-07-05T11:08:22+00:00
checkout	accept				auto	postpone-sweep: clean tail anchor	2026-07-05T11:08:22+00:00
cherish	accept				auto	postpone-sweep: clean tail anchor	2026-07-05T11:08:22+00:00
chick	accept				auto	postpone-sweep: clean tail anchor	2026-07-05T11:08:22+00:00
chime	accept				auto	postpone-sweep: clean tail anchor	2026-07-05T11:08:23+00:00
chunk	accept				auto	postpone-sweep: clean tail anchor	2026-07-05T11:08:23+00:00
classmate	accept				auto	postpone-sweep: clean tail anchor	2026-07-05T11:08:23+00:00
cloudy	accept				auto	postpone-sweep: clean tail anchor	2026-07-05T11:08:23+00:00
cock	accept				auto	postpone-sweep: clean tail anchor	2026-07-05T11:08:23+00:00
coconut	accept				auto	postpone-sweep: clean tail anchor	2026-07-05T11:08:23+00:00
companion	accept				auto	postpone-sweep: clean tail anchor	2026-07-05T11:08:23+00:00
congratulate	accept				auto	postpone-sweep: clean tail anchor	2026-07-05T11:08:23+00:00
cooperate	accept				auto	postpone-sweep: clean tail anchor	2026-07-05T11:08:23+00:00
craft	accept				auto	postpone-sweep: clean tail anchor	2026-07-05T11:08:23+00:00
creak	accept				auto	postpone-sweep: clean tail anchor	2026-07-05T11:08:23+00:00
crouch	accept				auto	postpone-sweep: clean tail anchor	2026-07-05T11:08:24+00:00
cuddly	accept				auto	postpone-sweep: clean tail anchor	2026-07-05T11:08:24+00:00
dart	accept				auto	postpone-sweep: clean tail anchor	2026-07-05T11:08:24+00:00
dash	accept				auto	postpone-sweep: clean tail anchor	2026-07-05T11:08:24+00:00
dial	accept				auto	postpone-sweep: clean tail anchor	2026-07-05T11:08:24+00:00
dock	accept				auto	postpone-sweep: clean tail anchor	2026-07-05T11:08:24+00:00
encouraging	accept				auto	postpone-sweep: clean tail anchor	2026-07-05T11:08:24+00:00
english	accept				auto	postpone-sweep: clean tail anchor	2026-07-05T11:08:24+00:00
faint	accept				auto	postpone-sweep: clean tail anchor	2026-07-05T11:08:24+00:00
flicker	accept				auto	postpone-sweep: clean tail anchor	2026-07-05T11:08:24+00:00
frosty	accept				auto	postpone-sweep: clean tail anchor	2026-07-05T11:08:24+00:00
gallop	accept				auto	postpone-sweep: clean tail anchor	2026-07-05T11:08:24+00:00
gardener	accept				auto	postpone-sweep: clean tail anchor	2026-07-05T11:08:25+00:00
glance	accept				auto	postpone-sweep: clean tail anchor	2026-07-05T11:08:25+00:00
glare	accept				auto	postpone-sweep: clean tail anchor	2026-07-05T11:08:25+00:00
goodness	accept				auto	postpone-sweep: clean tail anchor	2026-07-05T11:08:25+00:00
grasp	accept				auto	postpone-sweep: clean tail anchor	2026-07-05T11:08:25+00:00
grip	accept				auto	postpone-sweep: clean tail anchor	2026-07-05T11:08:25+00:00
harmony	accept				auto	postpone-sweep: clean tail anchor	2026-07-05T11:08:25+00:00
homeless	accept				auto	postpone-sweep: clean tail anchor	2026-07-05T11:08:25+00:00
hoof	accept				auto	postpone-sweep: clean tail anchor	2026-07-05T11:08:26+00:00
hoot	accept				auto	postpone-sweep: clean tail anchor	2026-07-05T11:08:26+00:00
illuminate	accept				auto	postpone-sweep: clean tail anchor	2026-07-05T11:08:26+00:00
insert	accept				auto	postpone-sweep: clean tail anchor	2026-07-05T11:08:26+00:00
joyful	accept				auto	postpone-sweep: clean tail anchor	2026-07-05T11:08:26+00:00
keen	accept				auto	postpone-sweep: clean tail anchor	2026-07-05T11:08:26+00:00
leafy	accept				auto	postpone-sweep: clean tail anchor	2026-07-05T11:08:26+00:00
lever	accept				auto	postpone-sweep: clean tail anchor	2026-07-05T11:08:26+00:00
lioness	accept				auto	postpone-sweep: clean tail anchor	2026-07-05T11:08:26+00:00
lobby	accept				auto	postpone-sweep: clean tail anchor	2026-07-05T11:08:26+00:00
loneliness	accept				auto	postpone-sweep: clean tail anchor	2026-07-05T11:08:26+00:00
maker	accept				auto	postpone-sweep: clean tail anchor	2026-07-05T11:08:27+00:00
muster	accept				auto	postpone-sweep: clean tail anchor	2026-07-05T11:08:27+00:00
nuzzle	accept				auto	postpone-sweep: clean tail anchor	2026-07-05T11:08:27+00:00
obediently	accept				auto	postpone-sweep: clean tail anchor	2026-07-05T11:08:27+00:00
obstacle	accept				auto	postpone-sweep: clean tail anchor	2026-07-05T11:08:27+00:00
parcel	accept				auto	postpone-sweep: clean tail anchor	2026-07-05T11:08:27+00:00
persistence	accept				auto	postpone-sweep: clean tail anchor	2026-07-05T11:08:27+00:00
pony	accept				auto	postpone-sweep: clean tail anchor	2026-07-05T11:08:27+00:00
porridge	accept				auto	postpone-sweep: clean tail anchor	2026-07-05T11:08:27+00:00
pouch	accept				auto	postpone-sweep: clean tail anchor	2026-07-05T11:08:27+00:00
prey	accept				auto	postpone-sweep: clean tail anchor	2026-07-05T11:08:27+00:00
protector	accept				auto	postpone-sweep: clean tail anchor	2026-07-05T11:08:28+00:00
pry	accept				auto	postpone-sweep: clean tail anchor	2026-07-05T11:08:28+00:00
reappear	accept				auto	postpone-sweep: clean tail anchor	2026-07-05T11:08:28+00:00
reflection	accept				auto	postpone-sweep: clean tail anchor	2026-07-05T11:08:28+00:00
relic	accept				auto	postpone-sweep: clean tail anchor	2026-07-05T11:08:28+00:00
resume	accept				auto	postpone-sweep: clean tail anchor	2026-07-05T11:08:28+00:00
riverbank	accept				auto	postpone-sweep: clean tail anchor	2026-07-05T11:08:28+00:00
rosy	accept				auto	postpone-sweep: clean tail anchor	2026-07-05T11:08:28+00:00
rumor	accept				auto	postpone-sweep: clean tail anchor	2026-07-05T11:08:28+00:00
saddle	accept				auto	postpone-sweep: clean tail anchor	2026-07-05T11:08:28+00:00
scowl	accept				auto	postpone-sweep: clean tail anchor	2026-07-05T11:08:28+00:00
seahorse	accept				auto	postpone-sweep: clean tail anchor	2026-07-05T11:08:29+00:00
seesaw	accept				auto	postpone-sweep: clean tail anchor	2026-07-05T11:08:29+00:00
sensation	accept				auto	postpone-sweep: clean tail anchor	2026-07-05T11:08:29+00:00
shh	accept				auto	postpone-sweep: clean tail anchor	2026-07-05T11:08:29+00:00
shortly	accept				auto	postpone-sweep: clean tail anchor	2026-07-05T11:08:29+00:00
shuffle	accept				auto	postpone-sweep: clean tail anchor	2026-07-05T11:08:29+00:00
slam	accept				auto	postpone-sweep: clean tail anchor	2026-07-05T11:08:29+00:00
sparrow	accept				auto	postpone-sweep: clean tail anchor	2026-07-05T11:08:29+00:00
spat	accept				auto	postpone-sweep: clean tail anchor	2026-07-05T11:08:29+00:00
squeak	accept				auto	postpone-sweep: clean tail anchor	2026-07-05T11:08:29+00:00
stain	accept				auto	postpone-sweep: clean tail anchor	2026-07-05T11:08:30+00:00
stall	accept				auto	postpone-sweep: clean tail anchor	2026-07-05T11:08:30+00:00
steer	accept				auto	postpone-sweep: clean tail anchor	2026-07-05T11:08:30+00:00
stubbornness	accept				auto	postpone-sweep: clean tail anchor	2026-07-05T11:08:30+00:00
sturdy	accept				auto	postpone-sweep: clean tail anchor	2026-07-05T11:08:30+00:00
surfboard	accept				auto	postpone-sweep: clean tail anchor	2026-07-05T11:08:30+00:00
swell	accept				auto	postpone-sweep: clean tail anchor	2026-07-05T11:08:30+00:00
teapot	accept				auto	postpone-sweep: clean tail anchor	2026-07-05T11:08:30+00:00
temptation	accept				auto	postpone-sweep: clean tail anchor	2026-07-05T11:08:30+00:00
tissue	accept				auto	postpone-sweep: clean tail anchor	2026-07-05T11:08:30+00:00
tournament	accept				auto	postpone-sweep: clean tail anchor	2026-07-05T11:08:31+00:00
trusty	accept				auto	postpone-sweep: clean tail anchor	2026-07-05T11:08:31+00:00
undo	accept				auto	postpone-sweep: clean tail anchor	2026-07-05T11:08:31+00:00
unicorn	accept				auto	postpone-sweep: clean tail anchor	2026-07-05T11:08:31+00:00
unison	accept				auto	postpone-sweep: clean tail anchor	2026-07-05T11:08:31+00:00
unwell	accept				auto	postpone-sweep: clean tail anchor	2026-07-05T11:08:31+00:00
useless	accept				auto	postpone-sweep: clean tail anchor	2026-07-05T11:08:31+00:00
waddle	accept				auto	postpone-sweep: clean tail anchor	2026-07-05T11:08:31+00:00
whoa	accept				auto	postpone-sweep: clean tail anchor	2026-07-05T11:08:31+00:00
wobbly	accept				auto	postpone-sweep: clean tail anchor	2026-07-05T11:08:32+00:00
workshop	accept				auto	postpone-sweep: clean tail anchor	2026-07-05T11:08:32+00:00
wrinkle	accept				auto	postpone-sweep: clean tail anchor	2026-07-05T11:08:32+00:00
accurately	accept				auto	postpone-sweep: clean tail anchor	2026-07-05T11:08:32+00:00
acrobat	accept				auto	postpone-sweep: clean tail anchor	2026-07-05T11:08:32+00:00
alas	accept				auto	postpone-sweep: clean tail anchor	2026-07-05T11:08:32+00:00
alien	accept				auto	postpone-sweep: clean tail anchor	2026-07-05T11:08:32+00:00
amuse	accept				auto	postpone-sweep: clean tail anchor	2026-07-05T11:08:32+00:00
anxiously	accept				auto	postpone-sweep: clean tail anchor	2026-07-05T11:08:32+00:00
appetite	accept				auto	postpone-sweep: clean tail anchor	2026-07-05T11:08:33+00:00
arch	accept				auto	postpone-sweep: clean tail anchor	2026-07-05T11:08:33+00:00
artwork	accept				auto	postpone-sweep: clean tail anchor	2026-07-05T11:08:33+00:00
astound	accept				auto	postpone-sweep: clean tail anchor	2026-07-05T11:08:33+00:00
awkward	accept				auto	postpone-sweep: clean tail anchor	2026-07-05T11:08:33+00:00
baa	accept				auto	postpone-sweep: clean tail anchor	2026-07-05T11:08:33+00:00
baffle	accept				auto	postpone-sweep: clean tail anchor	2026-07-05T11:08:33+00:00
ballerina	accept				auto	postpone-sweep: clean tail anchor	2026-07-05T11:08:33+00:00
basin	accept				auto	postpone-sweep: clean tail anchor	2026-07-05T11:08:33+00:00
beautifully	accept				auto	postpone-sweep: clean tail anchor	2026-07-05T11:08:33+00:00
bid	accept				auto	postpone-sweep: clean tail anchor	2026-07-05T11:08:33+00:00
binocular	accept				auto	postpone-sweep: clean tail anchor	2026-07-05T11:08:34+00:00
blend	accept				auto	postpone-sweep: clean tail anchor	2026-07-05T11:08:34+00:00
bless	accept				auto	postpone-sweep: clean tail anchor	2026-07-05T11:08:34+00:00
blonde	accept				auto	postpone-sweep: clean tail anchor	2026-07-05T11:08:34+00:00
blossom	accept				auto	postpone-sweep: clean tail anchor	2026-07-05T11:08:34+00:00
blur	accept				auto	postpone-sweep: clean tail anchor	2026-07-05T11:08:34+00:00
blush	accept				auto	postpone-sweep: clean tail anchor	2026-07-05T11:08:34+00:00
boar	accept				auto	postpone-sweep: clean tail anchor	2026-07-05T11:08:34+00:00
boarding	accept				auto	postpone-sweep: clean tail anchor	2026-07-05T11:08:34+00:00
boundary	accept				auto	postpone-sweep: clean tail anchor	2026-07-05T11:08:34+00:00
breadcrumb	accept				auto	postpone-sweep: clean tail anchor	2026-07-05T11:08:34+00:00
bristle	accept				auto	postpone-sweep: clean tail anchor	2026-07-05T11:08:35+00:00
bruise	accept				auto	postpone-sweep: clean tail anchor	2026-07-05T11:08:35+00:00
bundle	accept				auto	postpone-sweep: clean tail anchor	2026-07-05T11:08:35+00:00
buttery	accept				auto	postpone-sweep: clean tail anchor	2026-07-05T11:08:35+00:00
canyon	accept				auto	postpone-sweep: clean tail anchor	2026-07-05T11:08:35+00:00
carelessly	accept				auto	postpone-sweep: clean tail anchor	2026-07-05T11:08:35+00:00
carve	accept				auto	postpone-sweep: clean tail anchor	2026-07-05T11:08:35+00:00
cautious	accept				auto	postpone-sweep: clean tail anchor	2026-07-05T11:08:35+00:00
chainsaw	accept				auto	postpone-sweep: clean tail anchor	2026-07-05T11:08:35+00:00
chaos	accept				auto	postpone-sweep: clean tail anchor	2026-07-05T11:08:36+00:00
cheerfully	accept				auto	postpone-sweep: clean tail anchor	2026-07-05T11:08:36+00:00
chill	accept				auto	postpone-sweep: clean tail anchor	2026-07-05T11:08:36+00:00
christmas	accept				auto	postpone-sweep: clean tail anchor	2026-07-05T11:08:36+00:00
cinema	accept				auto	postpone-sweep: clean tail anchor	2026-07-05T11:08:36+00:00
claw	accept				auto	postpone-sweep: clean tail anchor	2026-07-05T11:08:36+00:00
clipper	accept				auto	postpone-sweep: clean tail anchor	2026-07-05T11:08:36+00:00
cob	accept				auto	postpone-sweep: clean tail anchor	2026-07-05T11:08:36+00:00
cobra	accept				auto	postpone-sweep: clean tail anchor	2026-07-05T11:08:36+00:00
cooperation	accept				auto	postpone-sweep: clean tail anchor	2026-07-05T11:08:36+00:00
courageous	accept				auto	postpone-sweep: clean tail anchor	2026-07-05T11:08:36+00:00
courtier	accept				auto	postpone-sweep: clean tail anchor	2026-07-05T11:08:37+00:00
crackle	accept				auto	postpone-sweep: clean tail anchor	2026-07-05T11:08:37+00:00
crocodile	accept				auto	postpone-sweep: clean tail anchor	2026-07-05T11:08:37+00:00
crumble	accept				auto	postpone-sweep: clean tail anchor	2026-07-05T11:08:37+00:00
daffodil	accept				auto	postpone-sweep: clean tail anchor	2026-07-05T11:08:37+00:00
dandelion	accept				auto	postpone-sweep: clean tail anchor	2026-07-05T11:08:37+00:00
daydream	accept				auto	postpone-sweep: clean tail anchor	2026-07-05T11:08:37+00:00
desperately	accept				auto	postpone-sweep: clean tail anchor	2026-07-05T11:08:37+00:00
disbelief	accept				auto	postpone-sweep: clean tail anchor	2026-07-05T11:08:37+00:00
discourage	accept				auto	postpone-sweep: clean tail anchor	2026-07-05T11:08:37+00:00
disobey	accept				auto	postpone-sweep: clean tail anchor	2026-07-05T11:08:37+00:00
drown	accept				auto	postpone-sweep: clean tail anchor	2026-07-05T11:08:38+00:00
dryer	accept				auto	postpone-sweep: clean tail anchor	2026-07-05T11:08:38+00:00
earring	accept				auto	postpone-sweep: clean tail anchor	2026-07-05T11:08:38+00:00
errand	accept				auto	postpone-sweep: clean tail anchor	2026-07-05T11:08:38+00:00
fascination	accept				auto	postpone-sweep: clean tail anchor	2026-07-05T11:08:38+00:00
fate	accept				auto	postpone-sweep: clean tail anchor	2026-07-05T11:08:38+00:00
flip	accept				auto	postpone-sweep: clean tail anchor	2026-07-05T11:08:38+00:00
fluff	accept				auto	postpone-sweep: clean tail anchor	2026-07-05T11:08:38+00:00
foam	accept				auto	postpone-sweep: clean tail anchor	2026-07-05T11:08:38+00:00
fond	accept				auto	postpone-sweep: clean tail anchor	2026-07-05T11:08:39+00:00
forehead	accept				auto	postpone-sweep: clean tail anchor	2026-07-05T11:08:39+00:00
forgiveness	accept				auto	postpone-sweep: clean tail anchor	2026-07-05T11:08:39+00:00
fragrance	accept				auto	postpone-sweep: clean tail anchor	2026-07-05T11:08:39+00:00
fright	accept				auto	postpone-sweep: clean tail anchor	2026-07-05T11:08:39+00:00
frisbee	accept				auto	postpone-sweep: clean tail anchor	2026-07-05T11:08:39+00:00
frustration	accept				auto	postpone-sweep: clean tail anchor	2026-07-05T11:08:39+00:00
fulfill	accept				auto	postpone-sweep: clean tail anchor	2026-07-05T11:08:39+00:00
gadget	accept				auto	postpone-sweep: clean tail anchor	2026-07-05T11:08:39+00:00
generosity	accept				auto	postpone-sweep: clean tail anchor	2026-07-05T11:08:40+00:00
gigantic	accept				auto	postpone-sweep: clean tail anchor	2026-07-05T11:08:40+00:00
gleam	accept				auto	postpone-sweep: clean tail anchor	2026-07-05T11:08:40+00:00
glide	accept				auto	postpone-sweep: clean tail anchor	2026-07-05T11:08:40+00:00
glossy	accept				auto	postpone-sweep: clean tail anchor	2026-07-05T11:08:40+00:00
golfer	accept				auto	postpone-sweep: clean tail anchor	2026-07-05T11:08:40+00:00
grease	accept				auto	postpone-sweep: clean tail anchor	2026-07-05T11:08:40+00:00
groan	accept				auto	postpone-sweep: clean tail anchor	2026-07-05T11:08:40+00:00
gross	accept				auto	postpone-sweep: clean tail anchor	2026-07-05T11:08:40+00:00
gut	accept				auto	postpone-sweep: clean tail anchor	2026-07-05T11:08:40+00:00
hairdresser	accept				auto	postpone-sweep: clean tail anchor	2026-07-05T11:08:40+00:00
heartbeat	accept				auto	postpone-sweep: clean tail anchor	2026-07-05T11:08:41+00:00
hearty	accept				auto	postpone-sweep: clean tail anchor	2026-07-05T11:08:41+00:00
heavenly	accept				auto	postpone-sweep: clean tail anchor	2026-07-05T11:08:41+00:00
hesitation	accept				auto	postpone-sweep: clean tail anchor	2026-07-05T11:08:41+00:00
honesty	accept				auto	postpone-sweep: clean tail anchor	2026-07-05T11:08:41+00:00
hover	accept				auto	postpone-sweep: clean tail anchor	2026-07-05T11:08:41+00:00
hurriedly	accept				auto	postpone-sweep: clean tail anchor	2026-07-05T11:08:41+00:00
impatiently	accept				auto	postpone-sweep: clean tail anchor	2026-07-05T11:08:41+00:00
inseparable	accept				auto	postpone-sweep: clean tail anchor	2026-07-05T11:08:41+00:00
insistent	accept				auto	postpone-sweep: clean tail anchor	2026-07-05T11:08:41+00:00
jingle	accept				auto	postpone-sweep: clean tail anchor	2026-07-05T11:08:42+00:00
lace	accept				auto	postpone-sweep: clean tail anchor	2026-07-05T11:08:42+00:00
lamb	accept				auto	postpone-sweep: clean tail anchor	2026-07-05T11:08:42+00:00
learner	accept				auto	postpone-sweep: clean tail anchor	2026-07-05T11:08:42+00:00
librarian	accept				auto	postpone-sweep: clean tail anchor	2026-07-05T11:08:42+00:00
lightly	accept				auto	postpone-sweep: clean tail anchor	2026-07-05T11:08:42+00:00
lookout	accept				auto	postpone-sweep: clean tail anchor	2026-07-05T11:08:42+00:00
lovingly	accept				auto	postpone-sweep: clean tail anchor	2026-07-05T11:08:42+00:00
lullaby	accept				auto	postpone-sweep: clean tail anchor	2026-07-05T11:08:42+00:00
mango	accept				auto	postpone-sweep: clean tail anchor	2026-07-05T11:08:42+00:00
marking	accept				auto	postpone-sweep: clean tail anchor	2026-07-05T11:08:42+00:00
mast	accept				auto	postpone-sweep: clean tail anchor	2026-07-05T11:08:43+00:00
merry	accept				auto	postpone-sweep: clean tail anchor	2026-07-05T11:08:43+00:00
misbehave	accept				auto	postpone-sweep: clean tail anchor	2026-07-05T11:08:43+00:00
moonlight	accept				auto	postpone-sweep: clean tail anchor	2026-07-05T11:08:43+00:00
mural	accept				auto	postpone-sweep: clean tail anchor	2026-07-05T11:08:43+00:00
murky	accept				auto	postpone-sweep: clean tail anchor	2026-07-05T11:08:43+00:00
musty	accept				auto	postpone-sweep: clean tail anchor	2026-07-05T11:08:43+00:00
nestle	accept				auto	postpone-sweep: clean tail anchor	2026-07-05T11:08:43+00:00
nook	accept				auto	postpone-sweep: clean tail anchor	2026-07-05T11:08:43+00:00
oblige	accept				auto	postpone-sweep: clean tail anchor	2026-07-05T11:08:43+00:00
pad	accept				auto	postpone-sweep: clean tail anchor	2026-07-05T11:08:43+00:00
pail	accept				auto	postpone-sweep: clean tail anchor	2026-07-05T11:08:44+00:00
pant	accept				auto	postpone-sweep: clean tail anchor	2026-07-05T11:08:44+00:00
peacefulness	accept				auto	postpone-sweep: clean tail anchor	2026-07-05T11:08:44+00:00
peacock	accept				auto	postpone-sweep: clean tail anchor	2026-07-05T11:08:44+00:00
persuasive	accept				auto	postpone-sweep: clean tail anchor	2026-07-05T11:08:44+00:00
pickle	accept				auto	postpone-sweep: clean tail anchor	2026-07-05T11:08:44+00:00
pity	accept				auto	postpone-sweep: clean tail anchor	2026-07-05T11:08:44+00:00
plaster	accept				auto	postpone-sweep: clean tail anchor	2026-07-05T11:08:44+00:00
ponder	accept				auto	postpone-sweep: clean tail anchor	2026-07-05T11:08:44+00:00
pounce	accept				auto	postpone-sweep: clean tail anchor	2026-07-05T11:08:44+00:00
prance	accept				auto	postpone-sweep: clean tail anchor	2026-07-05T11:08:44+00:00
prick	accept				auto	postpone-sweep: clean tail anchor	2026-07-05T11:08:44+00:00
quicken	accept				auto	postpone-sweep: clean tail anchor	2026-07-05T11:08:45+00:00
quiver	accept				auto	postpone-sweep: clean tail anchor	2026-07-05T11:08:45+00:00
rack	accept				auto	postpone-sweep: clean tail anchor	2026-07-05T11:08:45+00:00
reassuringly	accept				auto	postpone-sweep: clean tail anchor	2026-07-05T11:08:45+00:00
rebuild	accept				auto	postpone-sweep: clean tail anchor	2026-07-05T11:08:45+00:00
receptionist	accept				auto	postpone-sweep: clean tail anchor	2026-07-05T11:08:45+00:00
recess	accept				auto	postpone-sweep: clean tail anchor	2026-07-05T11:08:45+00:00
reckless	accept				auto	postpone-sweep: clean tail anchor	2026-07-05T11:08:45+00:00
reflective	accept				auto	postpone-sweep: clean tail anchor	2026-07-05T11:08:45+00:00
repairman	accept				auto	postpone-sweep: clean tail anchor	2026-07-05T11:08:45+00:00
responsibly	accept				auto	postpone-sweep: clean tail anchor	2026-07-05T11:08:46+00:00
retrieve	accept				auto	postpone-sweep: clean tail anchor	2026-07-05T11:08:46+00:00
rinse	accept				auto	postpone-sweep: clean tail anchor	2026-07-05T11:08:46+00:00
ritual	accept				auto	postpone-sweep: clean tail anchor	2026-07-05T11:08:46+00:00
rotten	accept				auto	postpone-sweep: clean tail anchor	2026-07-05T11:08:46+00:00
savor	accept				auto	postpone-sweep: clean tail anchor	2026-07-05T11:08:46+00:00
scenery	accept				auto	postpone-sweep: clean tail anchor	2026-07-05T11:08:46+00:00
scratchy	accept				auto	postpone-sweep: clean tail anchor	2026-07-05T11:08:46+00:00
sensor	accept				auto	postpone-sweep: clean tail anchor	2026-07-05T11:08:46+00:00
shady	accept				auto	postpone-sweep: clean tail anchor	2026-07-05T11:08:46+00:00
shortcut	accept				auto	postpone-sweep: clean tail anchor	2026-07-05T11:08:46+00:00
sill	accept				auto	postpone-sweep: clean tail anchor	2026-07-05T11:08:47+00:00
siren	accept				auto	postpone-sweep: clean tail anchor	2026-07-05T11:08:47+00:00
sleeve	accept				auto	postpone-sweep: clean tail anchor	2026-07-05T11:08:47+00:00
smear	accept				auto	postpone-sweep: clean tail anchor	2026-07-05T11:08:47+00:00
smoothly	accept				auto	postpone-sweep: clean tail anchor	2026-07-05T11:08:47+00:00
snore	accept				auto	postpone-sweep: clean tail anchor	2026-07-05T11:08:47+00:00
snort	accept				auto	postpone-sweep: clean tail anchor	2026-07-05T11:08:47+00:00
softness	accept				auto	postpone-sweep: clean tail anchor	2026-07-05T11:08:47+00:00
soothe	accept				auto	postpone-sweep: clean tail anchor	2026-07-05T11:08:47+00:00
souvenir	accept				auto	postpone-sweep: clean tail anchor	2026-07-05T11:08:47+00:00
spank	accept				auto	postpone-sweep: clean tail anchor	2026-07-05T11:08:47+00:00
speechless	accept				auto	postpone-sweep: clean tail anchor	2026-07-05T11:08:48+00:00
squabble	accept				auto	postpone-sweep: clean tail anchor	2026-07-05T11:08:48+00:00
stool	accept				auto	postpone-sweep: clean tail anchor	2026-07-05T11:08:48+00:00
strap	accept				auto	postpone-sweep: clean tail anchor	2026-07-05T11:08:48+00:00
strut	accept				auto	postpone-sweep: clean tail anchor	2026-07-05T11:08:48+00:00
stutter	accept				auto	postpone-sweep: clean tail anchor	2026-07-05T11:08:48+00:00
suspicious	accept				auto	postpone-sweep: clean tail anchor	2026-07-05T11:08:48+00:00
swallow	accept				auto	postpone-sweep: clean tail anchor	2026-07-05T11:08:48+00:00
swap	accept				auto	postpone-sweep: clean tail anchor	2026-07-05T11:08:48+00:00
sweat	accept				auto	postpone-sweep: clean tail anchor	2026-07-05T11:08:48+00:00
sweaty	accept				auto	postpone-sweep: clean tail anchor	2026-07-05T11:08:49+00:00
swimmer	accept				auto	postpone-sweep: clean tail anchor	2026-07-05T11:08:49+00:00
swollen	accept				auto	postpone-sweep: clean tail anchor	2026-07-05T11:08:49+00:00
tar	accept				auto	postpone-sweep: clean tail anchor	2026-07-05T11:08:49+00:00
tense	accept				auto	postpone-sweep: clean tail anchor	2026-07-05T11:08:49+00:00
tentacle	accept				auto	postpone-sweep: clean tail anchor	2026-07-05T11:08:49+00:00
terribly	accept				auto	postpone-sweep: clean tail anchor	2026-07-05T11:08:49+00:00
thankfully	accept				auto	postpone-sweep: clean tail anchor	2026-07-05T11:08:49+00:00
thoughtfulness	accept				auto	postpone-sweep: clean tail anchor	2026-07-05T11:08:49+00:00
tighten	accept				auto	postpone-sweep: clean tail anchor	2026-07-05T11:08:49+00:00
tilt	accept				auto	postpone-sweep: clean tail anchor	2026-07-05T11:08:50+00:00
timid	accept				auto	postpone-sweep: clean tail anchor	2026-07-05T11:08:50+00:00
tirelessly	accept				auto	postpone-sweep: clean tail anchor	2026-07-05T11:08:50+00:00
toolbox	accept				auto	postpone-sweep: clean tail anchor	2026-07-05T11:08:50+00:00
trading	accept				auto	postpone-sweep: clean tail anchor	2026-07-05T11:08:50+00:00
trim	accept				auto	postpone-sweep: clean tail anchor	2026-07-05T11:08:50+00:00
trustworthy	accept				auto	postpone-sweep: clean tail anchor	2026-07-05T11:08:50+00:00
ungrateful	accept				auto	postpone-sweep: clean tail anchor	2026-07-05T11:08:50+00:00
unroll	accept				auto	postpone-sweep: clean tail anchor	2026-07-05T11:08:50+00:00
unwanted	accept				auto	postpone-sweep: clean tail anchor	2026-07-05T11:08:50+00:00
unwrap	accept				auto	postpone-sweep: clean tail anchor	2026-07-05T11:08:51+00:00
victorious	accept				auto	postpone-sweep: clean tail anchor	2026-07-05T11:08:51+00:00
waggle	accept				auto	postpone-sweep: clean tail anchor	2026-07-05T11:08:51+00:00
watchful	accept				auto	postpone-sweep: clean tail anchor	2026-07-05T11:08:51+00:00
waterfall	accept				auto	postpone-sweep: clean tail anchor	2026-07-05T11:08:51+00:00
webcam	accept				auto	postpone-sweep: clean tail anchor	2026-07-05T11:08:51+00:00
weightless	accept				auto	postpone-sweep: clean tail anchor	2026-07-05T11:08:51+00:00
whilst	accept				auto	postpone-sweep: clean tail anchor	2026-07-05T11:08:51+00:00
whine	accept				auto	postpone-sweep: clean tail anchor	2026-07-05T11:08:51+00:00
whir	accept				auto	postpone-sweep: clean tail anchor	2026-07-05T11:08:51+00:00
whirlpool	accept				auto	postpone-sweep: clean tail anchor	2026-07-05T11:08:51+00:00
whisk	accept				auto	postpone-sweep: clean tail anchor	2026-07-05T11:08:52+00:00
whispering	accept				auto	postpone-sweep: clean tail anchor	2026-07-05T11:08:52+00:00
wisely	accept				auto	postpone-sweep: clean tail anchor	2026-07-05T11:08:52+00:00
woodpecker	accept				auto	postpone-sweep: clean tail anchor	2026-07-05T11:08:52+00:00
abide	accept				auto	postpone-sweep: clean tail anchor	2026-07-05T11:08:52+00:00
aboard	accept				auto	postpone-sweep: clean tail anchor	2026-07-05T11:08:52+00:00
achy	accept				auto	postpone-sweep: clean tail anchor	2026-07-05T11:08:52+00:00
admiringly	accept				auto	postpone-sweep: clean tail anchor	2026-07-05T11:08:52+00:00
adventuresome	accept				auto	postpone-sweep: clean tail anchor	2026-07-05T11:08:52+00:00
afloat	accept				auto	postpone-sweep: clean tail anchor	2026-07-05T11:08:52+00:00
ajar	accept				auto	postpone-sweep: clean tail anchor	2026-07-05T11:08:53+00:00
allowance	accept				auto	postpone-sweep: clean tail anchor	2026-07-05T11:08:53+00:00
alphabet	accept				auto	postpone-sweep: clean tail anchor	2026-07-05T11:08:53+00:00
amazingly	accept				auto	postpone-sweep: clean tail anchor	2026-07-05T11:08:53+00:00
amiss	accept				auto	postpone-sweep: clean tail anchor	2026-07-05T11:08:53+00:00
ancestor	accept				auto	postpone-sweep: clean tail anchor	2026-07-05T11:08:53+00:00
antic	accept				auto	postpone-sweep: clean tail anchor	2026-07-05T11:08:53+00:00
apology	accept				auto	postpone-sweep: clean tail anchor	2026-07-05T11:08:53+00:00
applause	accept				auto	postpone-sweep: clean tail anchor	2026-07-05T11:08:53+00:00
appreciative	accept				auto	postpone-sweep: clean tail anchor	2026-07-05T11:08:54+00:00
aquarium	accept				auto	postpone-sweep: clean tail anchor	2026-07-05T11:08:54+00:00
archer	accept				auto	postpone-sweep: clean tail anchor	2026-07-05T11:08:54+00:00
archery	accept				auto	postpone-sweep: clean tail anchor	2026-07-05T11:08:54+00:00
arctic	accept				auto	postpone-sweep: clean tail anchor	2026-07-05T11:08:54+00:00
assemble	accept				auto	postpone-sweep: clean tail anchor	2026-07-05T11:08:54+00:00
assure	accept				auto	postpone-sweep: clean tail anchor	2026-07-05T11:08:54+00:00
automobile	accept				auto	postpone-sweep: clean tail anchor	2026-07-05T11:08:54+00:00
autumn	accept				auto	postpone-sweep: clean tail anchor	2026-07-05T11:08:54+00:00
await	accept				auto	postpone-sweep: clean tail anchor	2026-07-05T11:08:55+00:00
babysitter	accept				auto	postpone-sweep: clean tail anchor	2026-07-05T11:08:55+00:00
bail	accept				auto	postpone-sweep: clean tail anchor	2026-07-05T11:08:55+00:00
bait	accept				auto	postpone-sweep: clean tail anchor	2026-07-05T11:08:55+00:00
barnyard	accept				auto	postpone-sweep: clean tail anchor	2026-07-05T11:08:55+00:00
bearable	accept				auto	postpone-sweep: clean tail anchor	2026-07-05T11:08:55+00:00
behold	accept				auto	postpone-sweep: clean tail anchor	2026-07-05T11:08:55+00:00
beneficial	accept				auto	postpone-sweep: clean tail anchor	2026-07-05T11:08:55+00:00
bicker	accept				auto	postpone-sweep: clean tail anchor	2026-07-05T11:08:55+00:00
biscuit	accept				auto	postpone-sweep: clean tail anchor	2026-07-05T11:08:55+00:00
blackbird	accept				auto	postpone-sweep: clean tail anchor	2026-07-05T11:08:56+00:00
blessing	accept				auto	postpone-sweep: clean tail anchor	2026-07-05T11:08:56+00:00
boastful	accept				auto	postpone-sweep: clean tail anchor	2026-07-05T11:08:56+00:00
bold	accept				auto	postpone-sweep: clean tail anchor	2026-07-05T11:08:56+00:00
boredom	accept				auto	postpone-sweep: clean tail anchor	2026-07-05T11:08:56+00:00
bouquet	accept				auto	postpone-sweep: clean tail anchor	2026-07-05T11:08:56+00:00
brag	accept				auto	postpone-sweep: clean tail anchor	2026-07-05T11:08:56+00:00
brass	accept				auto	postpone-sweep: clean tail anchor	2026-07-05T11:08:56+00:00
bray	accept				auto	postpone-sweep: clean tail anchor	2026-07-05T11:08:56+00:00
breakthrough	accept				auto	postpone-sweep: clean tail anchor	2026-07-05T11:08:56+00:00
brew	accept				auto	postpone-sweep: clean tail anchor	2026-07-05T11:08:56+00:00
brigade	accept				auto	postpone-sweep: clean tail anchor	2026-07-05T11:08:57+00:00
broomstick	accept				auto	postpone-sweep: clean tail anchor	2026-07-05T11:08:57+00:00
brownish	accept				auto	postpone-sweep: clean tail anchor	2026-07-05T11:08:57+00:00
browse	accept				auto	postpone-sweep: clean tail anchor	2026-07-05T11:08:57+00:00
buck	accept				auto	postpone-sweep: clean tail anchor	2026-07-05T11:08:57+00:00
burp	accept				auto	postpone-sweep: clean tail anchor	2026-07-05T11:08:57+00:00
cackle	accept				auto	postpone-sweep: clean tail anchor	2026-07-05T11:08:57+00:00
calmness	accept				auto	postpone-sweep: clean tail anchor	2026-07-05T11:08:57+00:00
camper	accept				auto	postpone-sweep: clean tail anchor	2026-07-05T11:08:57+00:00
canoe	accept				auto	postpone-sweep: clean tail anchor	2026-07-05T11:08:57+00:00
caramel	accept				auto	postpone-sweep: clean tail anchor	2026-07-05T11:08:57+00:00
caretaker	accept				auto	postpone-sweep: clean tail anchor	2026-07-05T11:08:58+00:00
char	accept				auto	postpone-sweep: clean tail anchor	2026-07-05T11:08:58+00:00
chin	accept				auto	postpone-sweep: clean tail anchor	2026-07-05T11:08:58+00:00
choke	accept				auto	postpone-sweep: clean tail anchor	2026-07-05T11:08:58+00:00
chord	accept				auto	postpone-sweep: clean tail anchor	2026-07-05T11:08:58+00:00
chorus	accept				auto	postpone-sweep: clean tail anchor	2026-07-05T11:08:58+00:00
churn	accept				auto	postpone-sweep: clean tail anchor	2026-07-05T11:08:58+00:00
clam	accept				auto	postpone-sweep: clean tail anchor	2026-07-05T11:08:58+00:00
clamber	accept				auto	postpone-sweep: clean tail anchor	2026-07-05T11:08:58+00:00
cleverly	accept				auto	postpone-sweep: clean tail anchor	2026-07-05T11:08:58+00:00
clink	accept				auto	postpone-sweep: clean tail anchor	2026-07-05T11:08:59+00:00
clip	accept				auto	postpone-sweep: clean tail anchor	2026-07-05T11:08:59+00:00
clothesline	accept				auto	postpone-sweep: clean tail anchor	2026-07-05T11:08:59+00:00
cloudless	accept				auto	postpone-sweep: clean tail anchor	2026-07-05T11:08:59+00:00
clumsily	accept				auto	postpone-sweep: clean tail anchor	2026-07-05T11:08:59+00:00
cocoon	accept				auto	postpone-sweep: clean tail anchor	2026-07-05T11:08:59+00:00
coil	accept				auto	postpone-sweep: clean tail anchor	2026-07-05T11:08:59+00:00
collaboration	accept				auto	postpone-sweep: clean tail anchor	2026-07-05T11:08:59+00:00
collage	accept				auto	postpone-sweep: clean tail anchor	2026-07-05T11:08:59+00:00
colony	accept				auto	postpone-sweep: clean tail anchor	2026-07-05T11:08:59+00:00
commotion	accept				auto	postpone-sweep: clean tail anchor	2026-07-05T11:09:00+00:00
compartment	accept				auto	postpone-sweep: clean tail anchor	2026-07-05T11:09:00+00:00
compromise	accept				auto	postpone-sweep: clean tail anchor	2026-07-05T11:09:00+00:00
conductor	accept				auto	postpone-sweep: clean tail anchor	2026-07-05T11:09:00+00:00
congratulation	accept				auto	postpone-sweep: clean tail anchor	2026-07-05T11:09:00+00:00
considerate	accept				auto	postpone-sweep: clean tail anchor	2026-07-05T11:09:00+00:00
console	accept				auto	postpone-sweep: clean tail anchor	2026-07-05T11:09:00+00:00
contagious	accept				auto	postpone-sweep: clean tail anchor	2026-07-05T11:09:00+00:00
coop	accept				auto	postpone-sweep: clean tail anchor	2026-07-05T11:09:00+00:00
corridor	accept				auto	postpone-sweep: clean tail anchor	2026-07-05T11:09:01+00:00
courageously	accept				auto	postpone-sweep: clean tail anchor	2026-07-05T11:09:01+00:00
courteous	accept				auto	postpone-sweep: clean tail anchor	2026-07-05T11:09:01+00:00
courtyard	accept				auto	postpone-sweep: clean tail anchor	2026-07-05T11:09:01+00:00
cruelly	accept				auto	postpone-sweep: clean tail anchor	2026-07-05T11:09:01+00:00
crumple	accept				auto	postpone-sweep: clean tail anchor	2026-07-05T11:09:01+00:00
crush	accept				auto	postpone-sweep: clean tail anchor	2026-07-05T11:09:01+00:00
cub	accept				auto	postpone-sweep: clean tail anchor	2026-07-05T11:09:01+00:00
cucumber	accept				auto	postpone-sweep: clean tail anchor	2026-07-05T11:09:01+00:00
culprit	accept				auto	postpone-sweep: clean tail anchor	2026-07-05T11:09:01+00:00
cutter	accept				auto	postpone-sweep: clean tail anchor	2026-07-05T11:09:01+00:00
damp	accept				auto	postpone-sweep: clean tail anchor	2026-07-05T11:09:02+00:00
dangle	accept				auto	postpone-sweep: clean tail anchor	2026-07-05T11:09:02+00:00
deed	accept				auto	postpone-sweep: clean tail anchor	2026-07-05T11:09:02+00:00
delicately	accept				auto	postpone-sweep: clean tail anchor	2026-07-05T11:09:02+00:00
delightful	accept				auto	postpone-sweep: clean tail anchor	2026-07-05T11:09:02+00:00
descend	accept				auto	postpone-sweep: clean tail anchor	2026-07-05T11:09:02+00:00
destruction	accept				auto	postpone-sweep: clean tail anchor	2026-07-05T11:09:02+00:00
detour	accept				auto	postpone-sweep: clean tail anchor	2026-07-05T11:09:02+00:00
disagreement	accept				auto	postpone-sweep: clean tail anchor	2026-07-05T11:09:02+00:00
discomfort	accept				auto	postpone-sweep: clean tail anchor	2026-07-05T11:09:03+00:00
disguise	accept				auto	postpone-sweep: clean tail anchor	2026-07-05T11:09:03+00:00
disintegrate	accept				auto	postpone-sweep: clean tail anchor	2026-07-05T11:09:03+00:00
disobedient	accept				auto	postpone-sweep: clean tail anchor	2026-07-05T11:09:03+00:00
disrespectful	accept				auto	postpone-sweep: clean tail anchor	2026-07-05T11:09:03+00:00
disrupt	accept				auto	postpone-sweep: clean tail anchor	2026-07-05T11:09:03+00:00
distract	accept				auto	postpone-sweep: clean tail anchor	2026-07-05T11:09:03+00:00
distressed	accept				auto	postpone-sweep: clean tail anchor	2026-07-05T11:09:04+00:00
ditch	accept				auto	postpone-sweep: clean tail anchor	2026-07-05T11:09:04+00:00
dizziness	accept				auto	postpone-sweep: clean tail anchor	2026-07-05T11:09:04+00:00
doe	accept				auto	postpone-sweep: clean tail anchor	2026-07-05T11:09:04+00:00
doom	accept				auto	postpone-sweep: clean tail anchor	2026-07-05T11:09:04+00:00
doormat	accept				auto	postpone-sweep: clean tail anchor	2026-07-05T11:09:04+00:00
doughnut	accept				auto	postpone-sweep: clean tail anchor	2026-07-05T11:09:04+00:00
downstream	accept				auto	postpone-sweep: clean tail anchor	2026-07-05T11:09:04+00:00
dreamland	accept				auto	postpone-sweep: clean tail anchor	2026-07-05T11:09:04+00:00
drench	accept				auto	postpone-sweep: clean tail anchor	2026-07-05T11:09:04+00:00
drill	accept				auto	postpone-sweep: clean tail anchor	2026-07-05T11:09:05+00:00
droop	accept				auto	postpone-sweep: clean tail anchor	2026-07-05T11:09:05+00:00
drummer	accept				auto	postpone-sweep: clean tail anchor	2026-07-05T11:09:05+00:00
e	accept				auto	postpone-sweep: clean tail anchor	2026-07-05T11:09:05+00:00
easel	accept				auto	postpone-sweep: clean tail anchor	2026-07-05T11:09:05+00:00
ecstatic	accept				auto	postpone-sweep: clean tail anchor	2026-07-05T11:09:05+00:00
eerie	accept				auto	postpone-sweep: clean tail anchor	2026-07-05T11:09:05+00:00
eh	accept				auto	postpone-sweep: clean tail anchor	2026-07-05T11:09:05+00:00
elbow	accept				auto	postpone-sweep: clean tail anchor	2026-07-05T11:09:05+00:00
elegant	accept				auto	postpone-sweep: clean tail anchor	2026-07-05T11:09:05+00:00
embarrass	accept				auto	postpone-sweep: clean tail anchor	2026-07-05T11:09:06+00:00
embrace	accept				auto	postpone-sweep: clean tail anchor	2026-07-05T11:09:06+00:00
empower	accept				auto	postpone-sweep: clean tail anchor	2026-07-05T11:09:06+00:00
enchant	accept				auto	postpone-sweep: clean tail anchor	2026-07-05T11:09:06+00:00
enclosure	accept				auto	postpone-sweep: clean tail anchor	2026-07-05T11:09:06+00:00
encouragement	accept				auto	postpone-sweep: clean tail anchor	2026-07-05T11:09:06+00:00
endless	accept				auto	postpone-sweep: clean tail anchor	2026-07-05T11:09:06+00:00
endlessly	accept				auto	postpone-sweep: clean tail anchor	2026-07-05T11:09:06+00:00
enthusiastically	accept				auto	postpone-sweep: clean tail anchor	2026-07-05T11:09:06+00:00
etc	accept				auto	postpone-sweep: clean tail anchor	2026-07-05T11:09:06+00:00
exception	accept				auto	postpone-sweep: clean tail anchor	2026-07-05T11:09:06+00:00
excessive	accept				auto	postpone-sweep: clean tail anchor	2026-07-05T11:09:07+00:00
excite	accept				auto	postpone-sweep: clean tail anchor	2026-07-05T11:09:07+00:00
extravagance	accept				auto	postpone-sweep: clean tail anchor	2026-07-05T11:09:07+00:00
eyebrow	accept				auto	postpone-sweep: clean tail anchor	2026-07-05T11:09:07+00:00
fawn	accept				auto	postpone-sweep: clean tail anchor	2026-07-05T11:09:07+00:00
fearless	accept				auto	postpone-sweep: clean tail anchor	2026-07-05T11:09:07+00:00
festive	accept				auto	postpone-sweep: clean tail anchor	2026-07-05T11:09:07+00:00
fidget	accept				auto	postpone-sweep: clean tail anchor	2026-07-05T11:09:07+00:00
fighter	accept				auto	postpone-sweep: clean tail anchor	2026-07-05T11:09:07+00:00
filling	accept				auto	postpone-sweep: clean tail anchor	2026-07-05T11:09:07+00:00
finder	accept				auto	postpone-sweep: clean tail anchor	2026-07-05T11:09:07+00:00
firewood	accept				auto	postpone-sweep: clean tail anchor	2026-07-05T11:09:08+00:00
flee	accept				auto	postpone-sweep: clean tail anchor	2026-07-05T11:09:08+00:00
fleeting	accept				auto	postpone-sweep: clean tail anchor	2026-07-05T11:09:08+00:00
flex	accept				auto	postpone-sweep: clean tail anchor	2026-07-05T11:09:08+00:00
flier	accept				auto	postpone-sweep: clean tail anchor	2026-07-05T11:09:08+00:00
flit	accept				auto	postpone-sweep: clean tail anchor	2026-07-05T11:09:08+00:00
flowerpot	accept				auto	postpone-sweep: clean tail anchor	2026-07-05T11:09:08+00:00
fondness	accept				auto	postpone-sweep: clean tail anchor	2026-07-05T11:09:08+00:00
fool	accept				auto	postpone-sweep: clean tail anchor	2026-07-05T11:09:08+00:00
foolishness	accept				auto	postpone-sweep: clean tail anchor	2026-07-05T11:09:08+00:00
forgetful	accept				auto	postpone-sweep: clean tail anchor	2026-07-05T11:09:08+00:00
fortress	accept				auto	postpone-sweep: clean tail anchor	2026-07-05T11:09:08+00:00
fortunate	accept				auto	postpone-sweep: clean tail anchor	2026-07-05T11:09:09+00:00
freely	accept				auto	postpone-sweep: clean tail anchor	2026-07-05T11:09:09+00:00
freshly	accept				auto	postpone-sweep: clean tail anchor	2026-07-05T11:09:09+00:00
fumble	accept				auto	postpone-sweep: clean tail anchor	2026-07-05T11:09:09+00:00
funeral	accept				auto	postpone-sweep: clean tail anchor	2026-07-05T11:09:09+00:00
galore	accept				auto	postpone-sweep: clean tail anchor	2026-07-05T11:09:09+00:00
genius	accept				auto	postpone-sweep: clean tail anchor	2026-07-05T11:09:09+00:00
glacier	accept				auto	postpone-sweep: clean tail anchor	2026-07-05T11:09:09+00:00
gliding	accept				auto	postpone-sweep: clean tail anchor	2026-07-05T11:09:09+00:00
glimpse	accept				auto	postpone-sweep: clean tail anchor	2026-07-05T11:09:09+00:00
gloom	accept				auto	postpone-sweep: clean tail anchor	2026-07-05T11:09:09+00:00
gown	accept				auto	postpone-sweep: clean tail anchor	2026-07-05T11:09:10+00:00
gratefully	accept				auto	postpone-sweep: clean tail anchor	2026-07-05T11:09:10+00:00
gruff	accept				auto	postpone-sweep: clean tail anchor	2026-07-05T11:09:10+00:00
guffaw	accept				auto	postpone-sweep: clean tail anchor	2026-07-05T11:09:10+00:00
guilt	accept				auto	postpone-sweep: clean tail anchor	2026-07-05T11:09:10+00:00
guiltily	accept				auto	postpone-sweep: clean tail anchor	2026-07-05T11:09:10+00:00
gunshot	accept				auto	postpone-sweep: clean tail anchor	2026-07-05T11:09:10+00:00
halfway	accept				auto	postpone-sweep: clean tail anchor	2026-07-05T11:09:10+00:00
hamburger	accept				auto	postpone-sweep: clean tail anchor	2026-07-05T11:09:10+00:00
harness	accept				auto	postpone-sweep: clean tail anchor	2026-07-05T11:09:11+00:00
heap	accept				auto	postpone-sweep: clean tail anchor	2026-07-05T11:09:11+00:00
heater	accept				auto	postpone-sweep: clean tail anchor	2026-07-05T11:09:11+00:00
hesitantly	accept				auto	postpone-sweep: clean tail anchor	2026-07-05T11:09:11+00:00
hippos	accept				auto	postpone-sweep: clean tail anchor	2026-07-05T11:09:11+00:00
hoist	accept				auto	postpone-sweep: clean tail anchor	2026-07-05T11:09:11+00:00
honestly	accept				auto	postpone-sweep: clean tail anchor	2026-07-05T11:09:11+00:00
honeycomb	accept				auto	postpone-sweep: clean tail anchor	2026-07-05T11:09:11+00:00
honorary	accept				auto	postpone-sweep: clean tail anchor	2026-07-05T11:09:11+00:00
hopefully	accept				auto	postpone-sweep: clean tail anchor	2026-07-05T11:09:11+00:00
howl	accept				auto	postpone-sweep: clean tail anchor	2026-07-05T11:09:11+00:00
humbly	accept				auto	postpone-sweep: clean tail anchor	2026-07-05T11:09:12+00:00
hurray	accept				auto	postpone-sweep: clean tail anchor	2026-07-05T11:09:12+00:00
iceberg	accept				auto	postpone-sweep: clean tail anchor	2026-07-05T11:09:12+00:00
identical	accept				auto	postpone-sweep: clean tail anchor	2026-07-05T11:09:12+00:00
ignition	accept				auto	postpone-sweep: clean tail anchor	2026-07-05T11:09:12+00:00
ignorance	accept				auto	postpone-sweep: clean tail anchor	2026-07-05T11:09:12+00:00
imaginable	accept				auto	postpone-sweep: clean tail anchor	2026-07-05T11:09:12+00:00
imaginative	accept				auto	postpone-sweep: clean tail anchor	2026-07-05T11:09:12+00:00
impatience	accept				auto	postpone-sweep: clean tail anchor	2026-07-05T11:09:12+00:00
independently	accept				auto	postpone-sweep: clean tail anchor	2026-07-05T11:09:12+00:00
inevitable	accept				auto	postpone-sweep: clean tail anchor	2026-07-05T11:09:12+00:00
infect	accept				auto	postpone-sweep: clean tail anchor	2026-07-05T11:09:13+00:00
infectious	accept				auto	postpone-sweep: clean tail anchor	2026-07-05T11:09:13+00:00
injection	accept				auto	postpone-sweep: clean tail anchor	2026-07-05T11:09:13+00:00
inquire	accept				auto	postpone-sweep: clean tail anchor	2026-07-05T11:09:13+00:00
inscribe	accept				auto	postpone-sweep: clean tail anchor	2026-07-05T11:09:13+00:00
inspection	accept				auto	postpone-sweep: clean tail anchor	2026-07-05T11:09:13+00:00
instant	accept				auto	postpone-sweep: clean tail anchor	2026-07-05T11:09:13+00:00
instinctively	accept				auto	postpone-sweep: clean tail anchor	2026-07-05T11:09:13+00:00
intensely	accept				auto	postpone-sweep: clean tail anchor	2026-07-05T11:09:13+00:00
intruder	accept				auto	postpone-sweep: clean tail anchor	2026-07-05T11:09:13+00:00
jaw	accept				auto	postpone-sweep: clean tail anchor	2026-07-05T11:09:13+00:00
jealousy	accept				auto	postpone-sweep: clean tail anchor	2026-07-05T11:09:14+00:00
jig	accept				auto	postpone-sweep: clean tail anchor	2026-07-05T11:09:14+00:00
jigsaw	accept				auto	postpone-sweep: clean tail anchor	2026-07-05T11:09:14+00:00
joyous	accept				auto	postpone-sweep: clean tail anchor	2026-07-05T11:09:14+00:00
joystick	accept				auto	postpone-sweep: clean tail anchor	2026-07-05T11:09:14+00:00
jumble	accept				auto	postpone-sweep: clean tail anchor	2026-07-05T11:09:14+00:00
keepsake	accept				auto	postpone-sweep: clean tail anchor	2026-07-05T11:09:14+00:00
kernel	accept				auto	postpone-sweep: clean tail anchor	2026-07-05T11:09:14+00:00
keyhole	accept				auto	postpone-sweep: clean tail anchor	2026-07-05T11:09:14+00:00
lavish	accept				auto	postpone-sweep: clean tail anchor	2026-07-05T11:09:14+00:00
lifetime	accept				auto	postpone-sweep: clean tail anchor	2026-07-05T11:09:14+00:00
lipstick	accept				auto	postpone-sweep: clean tail anchor	2026-07-05T11:09:15+00:00
litter	accept				auto	postpone-sweep: clean tail anchor	2026-07-05T11:09:15+00:00
loaf	accept				auto	postpone-sweep: clean tail anchor	2026-07-05T11:09:15+00:00
longing	accept				auto	postpone-sweep: clean tail anchor	2026-07-05T11:09:15+00:00
loudness	accept				auto	postpone-sweep: clean tail anchor	2026-07-05T11:09:15+00:00
loudspeaker	accept				auto	postpone-sweep: clean tail anchor	2026-07-05T11:09:15+00:00
lounge	accept				auto	postpone-sweep: clean tail anchor	2026-07-05T11:09:15+00:00
lovable	accept				auto	postpone-sweep: clean tail anchor	2026-07-05T11:09:15+00:00
loyalty	accept				auto	postpone-sweep: clean tail anchor	2026-07-05T11:09:15+00:00
lump	accept				auto	postpone-sweep: clean tail anchor	2026-07-05T11:09:16+00:00
lurk	accept				auto	postpone-sweep: clean tail anchor	2026-07-05T11:09:16+00:00
luxurious	accept				auto	postpone-sweep: clean tail anchor	2026-07-05T11:09:16+00:00
machinery	accept				auto	postpone-sweep: clean tail anchor	2026-07-05T11:09:16+00:00
madder	accept				auto	postpone-sweep: clean tail anchor	2026-07-05T11:09:16+00:00
magnificent	accept				auto	postpone-sweep: clean tail anchor	2026-07-05T11:09:16+00:00
magnify	accept				auto	postpone-sweep: clean tail anchor	2026-07-05T11:09:16+00:00
magpie	accept				auto	postpone-sweep: clean tail anchor	2026-07-05T11:09:16+00:00
majestic	accept				auto	postpone-sweep: clean tail anchor	2026-07-05T11:09:16+00:00
mandala	accept				auto	postpone-sweep: clean tail anchor	2026-07-05T11:09:16+00:00
marketplace	accept				auto	postpone-sweep: clean tail anchor	2026-07-05T11:09:17+00:00
meander	accept				auto	postpone-sweep: clean tail anchor	2026-07-05T11:09:17+00:00
melodious	accept				auto	postpone-sweep: clean tail anchor	2026-07-05T11:09:17+00:00
mend	accept				auto	postpone-sweep: clean tail anchor	2026-07-05T11:09:17+00:00
mew	accept				auto	postpone-sweep: clean tail anchor	2026-07-05T11:09:17+00:00
microwave	accept				auto	postpone-sweep: clean tail anchor	2026-07-05T11:09:17+00:00
mindful	accept				auto	postpone-sweep: clean tail anchor	2026-07-05T11:09:17+00:00
miraculously	accept				auto	postpone-sweep: clean tail anchor	2026-07-05T11:09:17+00:00
misery	accept				auto	postpone-sweep: clean tail anchor	2026-07-05T11:09:17+00:00
moan	accept				auto	postpone-sweep: clean tail anchor	2026-07-05T11:09:17+00:00
moat	accept				auto	postpone-sweep: clean tail anchor	2026-07-05T11:09:17+00:00
mock	accept				auto	postpone-sweep: clean tail anchor	2026-07-05T11:09:18+00:00
modesty	accept				auto	postpone-sweep: clean tail anchor	2026-07-05T11:09:18+00:00
mold	accept				auto	postpone-sweep: clean tail anchor	2026-07-05T11:09:18+00:00
motionless	accept				auto	postpone-sweep: clean tail anchor	2026-07-05T11:09:18+00:00
mound	accept				auto	postpone-sweep: clean tail anchor	2026-07-05T11:09:18+00:00
mountainside	accept				auto	postpone-sweep: clean tail anchor	2026-07-05T11:09:18+00:00
mourn	accept				auto	postpone-sweep: clean tail anchor	2026-07-05T11:09:18+00:00
mover	accept				auto	postpone-sweep: clean tail anchor	2026-07-05T11:09:18+00:00
mumble	accept				auto	postpone-sweep: clean tail anchor	2026-07-05T11:09:18+00:00
mutter	accept				auto	postpone-sweep: clean tail anchor	2026-07-05T11:09:18+00:00
navigate	accept				auto	postpone-sweep: clean tail anchor	2026-07-05T11:09:19+00:00
neglect	accept				auto	postpone-sweep: clean tail anchor	2026-07-05T11:09:19+00:00
nephew	accept				auto	postpone-sweep: clean tail anchor	2026-07-05T11:09:19+00:00
newly	accept				auto	postpone-sweep: clean tail anchor	2026-07-05T11:09:19+00:00
nickname	accept				auto	postpone-sweep: clean tail anchor	2026-07-05T11:09:19+00:00
niece	accept				auto	postpone-sweep: clean tail anchor	2026-07-05T11:09:19+00:00
nonsense	accept				auto	postpone-sweep: clean tail anchor	2026-07-05T11:09:19+00:00
nudge	accept				auto	postpone-sweep: clean tail anchor	2026-07-05T11:09:19+00:00
oar	accept				auto	postpone-sweep: clean tail anchor	2026-07-05T11:09:19+00:00
obedience	accept				auto	postpone-sweep: clean tail anchor	2026-07-05T11:09:19+00:00
observant	accept				auto	postpone-sweep: clean tail anchor	2026-07-05T11:09:20+00:00
odor	accept				auto	postpone-sweep: clean tail anchor	2026-07-05T11:09:20+00:00
offering	accept				auto	postpone-sweep: clean tail anchor	2026-07-05T11:09:20+00:00
officially	accept				auto	postpone-sweep: clean tail anchor	2026-07-05T11:09:20+00:00
operator	accept				auto	postpone-sweep: clean tail anchor	2026-07-05T11:09:20+00:00
optimistic	accept				auto	postpone-sweep: clean tail anchor	2026-07-05T11:09:20+00:00
ounce	accept				auto	postpone-sweep: clean tail anchor	2026-07-05T11:09:20+00:00
outrun	accept				auto	postpone-sweep: clean tail anchor	2026-07-05T11:09:20+00:00
outsider	accept				auto	postpone-sweep: clean tail anchor	2026-07-05T11:09:21+00:00
outsmart	accept				auto	postpone-sweep: clean tail anchor	2026-07-05T11:09:21+00:00
overhear	accept				auto	postpone-sweep: clean tail anchor	2026-07-05T11:09:21+00:00
overnight	accept				auto	postpone-sweep: clean tail anchor	2026-07-05T11:09:21+00:00
overwhelm	accept				auto	postpone-sweep: clean tail anchor	2026-07-05T11:09:21+00:00
packet	accept				auto	postpone-sweep: clean tail anchor	2026-07-05T11:09:21+00:00
pal	accept				auto	postpone-sweep: clean tail anchor	2026-07-05T11:09:21+00:00
par	accept				auto	postpone-sweep: clean tail anchor	2026-07-05T11:09:21+00:00
parachute	accept				auto	postpone-sweep: clean tail anchor	2026-07-05T11:09:21+00:00
paradise	accept				auto	postpone-sweep: clean tail anchor	2026-07-05T11:09:21+00:00
parlor	accept				auto	postpone-sweep: clean tail anchor	2026-07-05T11:09:22+00:00
passageway	accept				auto	postpone-sweep: clean tail anchor	2026-07-05T11:09:22+00:00
pathway	accept				auto	postpone-sweep: clean tail anchor	2026-07-05T11:09:22+00:00
patter	accept				auto	postpone-sweep: clean tail anchor	2026-07-05T11:09:22+00:00
peat	accept				auto	postpone-sweep: clean tail anchor	2026-07-05T11:09:22+00:00
perfection	accept				auto	postpone-sweep: clean tail anchor	2026-07-05T11:09:22+00:00
performer	accept				auto	postpone-sweep: clean tail anchor	2026-07-05T11:09:22+00:00
petrify	accept				auto	postpone-sweep: clean tail anchor	2026-07-05T11:09:22+00:00
pew	accept				auto	postpone-sweep: clean tail anchor	2026-07-05T11:09:22+00:00
pip	accept				auto	postpone-sweep: clean tail anchor	2026-07-05T11:09:22+00:00
plea	accept				auto	postpone-sweep: clean tail anchor	2026-07-05T11:09:23+00:00
plump	accept				auto	postpone-sweep: clean tail anchor	2026-07-05T11:09:23+00:00
plush	accept				auto	postpone-sweep: clean tail anchor	2026-07-05T11:09:23+00:00
politeness	accept				auto	postpone-sweep: clean tail anchor	2026-07-05T11:09:23+00:00
pollen	accept				auto	postpone-sweep: clean tail anchor	2026-07-05T11:09:23+00:00
pollute	accept				auto	postpone-sweep: clean tail anchor	2026-07-05T11:09:23+00:00
portion	accept				auto	postpone-sweep: clean tail anchor	2026-07-05T11:09:23+00:00
postman	accept				auto	postpone-sweep: clean tail anchor	2026-07-05T11:09:23+00:00
powerless	accept				auto	postpone-sweep: clean tail anchor	2026-07-05T11:09:23+00:00
precise	accept				auto	postpone-sweep: clean tail anchor	2026-07-05T11:09:23+00:00
preference	accept				auto	postpone-sweep: clean tail anchor	2026-07-05T11:09:24+00:00
promotion	accept				auto	postpone-sweep: clean tail anchor	2026-07-05T11:09:24+00:00
puck	accept				auto	postpone-sweep: clean tail anchor	2026-07-05T11:09:24+00:00
puffy	accept				auto	postpone-sweep: clean tail anchor	2026-07-05T11:09:24+00:00
pump	accept				auto	postpone-sweep: clean tail anchor	2026-07-05T11:09:24+00:00
punch	accept				auto	postpone-sweep: clean tail anchor	2026-07-05T11:09:24+00:00
quest	accept				auto	postpone-sweep: clean tail anchor	2026-07-05T11:09:24+00:00
racket	accept				auto	postpone-sweep: clean tail anchor	2026-07-05T11:09:24+00:00
rage	accept				auto	postpone-sweep: clean tail anchor	2026-07-05T11:09:24+00:00
ramp	accept				auto	postpone-sweep: clean tail anchor	2026-07-05T11:09:25+00:00
rash	accept				auto	postpone-sweep: clean tail anchor	2026-07-05T11:09:25+00:00
raspberry	accept				auto	postpone-sweep: clean tail anchor	2026-07-05T11:09:25+00:00
rattle	accept				auto	postpone-sweep: clean tail anchor	2026-07-05T11:09:25+00:00
readily	accept				auto	postpone-sweep: clean tail anchor	2026-07-05T11:09:25+00:00
realization	accept				auto	postpone-sweep: clean tail anchor	2026-07-05T11:09:25+00:00
reap	accept				auto	postpone-sweep: clean tail anchor	2026-07-05T11:09:25+00:00
rearrange	accept				auto	postpone-sweep: clean tail anchor	2026-07-05T11:09:25+00:00
recital	accept				auto	postpone-sweep: clean tail anchor	2026-07-05T11:09:25+00:00
recount	accept				auto	postpone-sweep: clean tail anchor	2026-07-05T11:09:25+00:00
recovery	accept				auto	postpone-sweep: clean tail anchor	2026-07-05T11:09:26+00:00
reel	accept				auto	postpone-sweep: clean tail anchor	2026-07-05T11:09:26+00:00
refusal	accept				auto	postpone-sweep: clean tail anchor	2026-07-05T11:09:26+00:00
rein	accept				auto	postpone-sweep: clean tail anchor	2026-07-05T11:09:26+00:00
relent	accept				auto	postpone-sweep: clean tail anchor	2026-07-05T11:09:26+00:00
remarkable	accept				auto	postpone-sweep: clean tail anchor	2026-07-05T11:09:26+00:00
repeatedly	accept				auto	postpone-sweep: clean tail anchor	2026-07-05T11:09:26+00:00
rescuer	accept				auto	postpone-sweep: clean tail anchor	2026-07-05T11:09:26+00:00
reset	accept				auto	postpone-sweep: clean tail anchor	2026-07-05T11:09:26+00:00
resign	accept				auto	postpone-sweep: clean tail anchor	2026-07-05T11:09:27+00:00
resourceful	accept				auto	postpone-sweep: clean tail anchor	2026-07-05T11:09:27+00:00
resourcefulness	accept				auto	postpone-sweep: clean tail anchor	2026-07-05T11:09:27+00:00
restart	accept				auto	postpone-sweep: clean tail anchor	2026-07-05T11:09:27+00:00
rhyme	accept				auto	postpone-sweep: clean tail anchor	2026-07-05T11:09:27+00:00
rib	accept				auto	postpone-sweep: clean tail anchor	2026-07-05T11:09:27+00:00
rider	accept				auto	postpone-sweep: clean tail anchor	2026-07-05T11:09:27+00:00
ridiculous	accept				auto	postpone-sweep: clean tail anchor	2026-07-05T11:09:27+00:00
rightful	accept				auto	postpone-sweep: clean tail anchor	2026-07-05T11:09:27+00:00
ripen	accept				auto	postpone-sweep: clean tail anchor	2026-07-05T11:09:27+00:00
ripple	accept				auto	postpone-sweep: clean tail anchor	2026-07-05T11:09:28+00:00
risky	accept				auto	postpone-sweep: clean tail anchor	2026-07-05T11:09:28+00:00
robe	accept				auto	postpone-sweep: clean tail anchor	2026-07-05T11:09:28+00:00
rose	accept				auto	postpone-sweep: clean tail anchor	2026-07-05T11:09:28+00:00
rosemary	accept				auto	postpone-sweep: clean tail anchor	2026-07-05T11:09:28+00:00
roughly	accept				auto	postpone-sweep: clean tail anchor	2026-07-05T11:09:28+00:00
rowboat	accept				auto	postpone-sweep: clean tail anchor	2026-07-05T11:09:28+00:00
rubbish	accept				auto	postpone-sweep: clean tail anchor	2026-07-05T11:09:28+00:00
rudely	accept				auto	postpone-sweep: clean tail anchor	2026-07-05T11:09:28+00:00
rung	accept				auto	postpone-sweep: clean tail anchor	2026-07-05T11:09:29+00:00
rust	accept				auto	postpone-sweep: clean tail anchor	2026-07-05T11:09:29+00:00
salon	accept				auto	postpone-sweep: clean tail anchor	2026-07-05T11:09:29+00:00
sandal	accept				auto	postpone-sweep: clean tail anchor	2026-07-05T11:09:29+00:00
sap	accept				auto	postpone-sweep: clean tail anchor	2026-07-05T11:09:29+00:00
saunter	accept				auto	postpone-sweep: clean tail anchor	2026-07-05T11:09:29+00:00
scrape	accept				auto	postpone-sweep: clean tail anchor	2026-07-05T11:09:29+00:00
screech	accept				auto	postpone-sweep: clean tail anchor	2026-07-05T11:09:29+00:00
scrunch	accept				auto	postpone-sweep: clean tail anchor	2026-07-05T11:09:29+00:00
secretly	accept				auto	postpone-sweep: clean tail anchor	2026-07-05T11:09:29+00:00
seize	accept				auto	postpone-sweep: clean tail anchor	2026-07-05T11:09:30+00:00
selfishness	accept				auto	postpone-sweep: clean tail anchor	2026-07-05T11:09:30+00:00
seller	accept				auto	postpone-sweep: clean tail anchor	2026-07-05T11:09:30+00:00
sermon	accept				auto	postpone-sweep: clean tail anchor	2026-07-05T11:09:30+00:00
server	accept				auto	postpone-sweep: clean tail anchor	2026-07-05T11:09:30+00:00
shaky	accept				auto	postpone-sweep: clean tail anchor	2026-07-05T11:09:30+00:00
sharer	accept				auto	postpone-sweep: clean tail anchor	2026-07-05T11:09:30+00:00
shriek	accept				auto	postpone-sweep: clean tail anchor	2026-07-05T11:09:30+00:00
shyness	accept				auto	postpone-sweep: clean tail anchor	2026-07-05T11:09:30+00:00
sickness	accept				auto	postpone-sweep: clean tail anchor	2026-07-05T11:09:31+00:00
sideline	accept				auto	postpone-sweep: clean tail anchor	2026-07-05T11:09:31+00:00
signature	accept				auto	postpone-sweep: clean tail anchor	2026-07-05T11:09:31+00:00
silverware	accept				auto	postpone-sweep: clean tail anchor	2026-07-05T11:09:31+00:00
simmer	accept				auto	postpone-sweep: clean tail anchor	2026-07-05T11:09:31+00:00
skate	accept				auto	postpone-sweep: clean tail anchor	2026-07-05T11:09:31+00:00
sketch	accept				auto	postpone-sweep: clean tail anchor	2026-07-05T11:09:31+00:00
slash	accept				auto	postpone-sweep: clean tail anchor	2026-07-05T11:09:31+00:00
sleepyhead	accept				auto	postpone-sweep: clean tail anchor	2026-07-05T11:09:31+00:00
slim	accept				auto	postpone-sweep: clean tail anchor	2026-07-05T11:09:31+00:00
sly	accept				auto	postpone-sweep: clean tail anchor	2026-07-05T11:09:32+00:00
smock	accept				auto	postpone-sweep: clean tail anchor	2026-07-05T11:09:32+00:00
snip	accept				auto	postpone-sweep: clean tail anchor	2026-07-05T11:09:32+00:00
snivel	accept				auto	postpone-sweep: clean tail anchor	2026-07-05T11:09:32+00:00
snug	accept				auto	postpone-sweep: clean tail anchor	2026-07-05T11:09:32+00:00
solemnly	accept				auto	postpone-sweep: clean tail anchor	2026-07-05T11:09:32+00:00
someplace	accept				auto	postpone-sweep: clean tail anchor	2026-07-05T11:09:32+00:00
soot	accept				auto	postpone-sweep: clean tail anchor	2026-07-05T11:09:32+00:00
spar	accept				auto	postpone-sweep: clean tail anchor	2026-07-05T11:09:32+00:00
speck	accept				auto	postpone-sweep: clean tail anchor	2026-07-05T11:09:32+00:00
spectacle	accept				auto	postpone-sweep: clean tail anchor	2026-07-05T11:09:33+00:00
spew	accept				auto	postpone-sweep: clean tail anchor	2026-07-05T11:09:33+00:00
spine	accept				auto	postpone-sweep: clean tail anchor	2026-07-05T11:09:33+00:00
spiral	accept				auto	postpone-sweep: clean tail anchor	2026-07-05T11:09:33+00:00
splatter	accept				auto	postpone-sweep: clean tail anchor	2026-07-05T11:09:33+00:00
splendid	accept				auto	postpone-sweep: clean tail anchor	2026-07-05T11:09:33+00:00
sprayer	accept				auto	postpone-sweep: clean tail anchor	2026-07-05T11:09:33+00:00
springtime	accept				auto	postpone-sweep: clean tail anchor	2026-07-05T11:09:33+00:00
sprinkler	accept				auto	postpone-sweep: clean tail anchor	2026-07-05T11:09:33+00:00
sprint	accept				auto	postpone-sweep: clean tail anchor	2026-07-05T11:09:33+00:00
squat	accept				auto	postpone-sweep: clean tail anchor	2026-07-05T11:09:34+00:00
squiggle	accept				auto	postpone-sweep: clean tail anchor	2026-07-05T11:09:34+00:00
staircase	accept				auto	postpone-sweep: clean tail anchor	2026-07-05T11:09:34+00:00
stallion	accept				auto	postpone-sweep: clean tail anchor	2026-07-05T11:09:34+00:00
starry	accept				auto	postpone-sweep: clean tail anchor	2026-07-05T11:09:34+00:00
starve	accept				auto	postpone-sweep: clean tail anchor	2026-07-05T11:09:34+00:00
stash	accept				auto	postpone-sweep: clean tail anchor	2026-07-05T11:09:34+00:00
stethoscope	accept				auto	postpone-sweep: clean tail anchor	2026-07-05T11:09:34+00:00
stinky	accept				auto	postpone-sweep: clean tail anchor	2026-07-05T11:09:34+00:00
stopper	accept				auto	postpone-sweep: clean tail anchor	2026-07-05T11:09:34+00:00
strangely	accept				auto	postpone-sweep: clean tail anchor	2026-07-05T11:09:34+00:00
streak	accept				auto	postpone-sweep: clean tail anchor	2026-07-05T11:09:35+00:00
strew	accept				auto	postpone-sweep: clean tail anchor	2026-07-05T11:09:35+00:00
strive	accept				auto	postpone-sweep: clean tail anchor	2026-07-05T11:09:35+00:00
stub	accept				auto	postpone-sweep: clean tail anchor	2026-07-05T11:09:35+00:00
stuffy	accept				auto	postpone-sweep: clean tail anchor	2026-07-05T11:09:35+00:00
stun	accept				auto	postpone-sweep: clean tail anchor	2026-07-05T11:09:35+00:00
styling	accept				auto	postpone-sweep: clean tail anchor	2026-07-05T11:09:35+00:00
stylish	accept				auto	postpone-sweep: clean tail anchor	2026-07-05T11:09:35+00:00
submerge	accept				auto	postpone-sweep: clean tail anchor	2026-07-05T11:09:35+00:00
subside	accept				auto	postpone-sweep: clean tail anchor	2026-07-05T11:09:36+00:00
subtract	accept				auto	postpone-sweep: clean tail anchor	2026-07-05T11:09:36+00:00
sunbeam	accept				auto	postpone-sweep: clean tail anchor	2026-07-05T11:09:36+00:00
surf	accept				auto	postpone-sweep: clean tail anchor	2026-07-05T11:09:36+00:00
surfer	accept				auto	postpone-sweep: clean tail anchor	2026-07-05T11:09:36+00:00
surge	accept				auto	postpone-sweep: clean tail anchor	2026-07-05T11:09:36+00:00
suspend	accept				auto	postpone-sweep: clean tail anchor	2026-07-05T11:09:36+00:00
suspiciously	accept				auto	postpone-sweep: clean tail anchor	2026-07-05T11:09:36+00:00
swarm	accept				auto	postpone-sweep: clean tail anchor	2026-07-05T11:09:36+00:00
sympathetically	accept				auto	postpone-sweep: clean tail anchor	2026-07-05T11:09:36+00:00
tapestry	accept				auto	postpone-sweep: clean tail anchor	2026-07-05T11:09:36+00:00
tart	accept				auto	postpone-sweep: clean tail anchor	2026-07-05T11:09:37+00:00
tender	accept				auto	postpone-sweep: clean tail anchor	2026-07-05T11:09:37+00:00
terror	accept				auto	postpone-sweep: clean tail anchor	2026-07-05T11:09:37+00:00
tester	accept				auto	postpone-sweep: clean tail anchor	2026-07-05T11:09:37+00:00
thaw	accept				auto	postpone-sweep: clean tail anchor	2026-07-05T11:09:37+00:00
thimble	accept				auto	postpone-sweep: clean tail anchor	2026-07-05T11:09:37+00:00
thirst	accept				auto	postpone-sweep: clean tail anchor	2026-07-05T11:09:37+00:00
thistle	accept				auto	postpone-sweep: clean tail anchor	2026-07-05T11:09:37+00:00
thorn	accept				auto	postpone-sweep: clean tail anchor	2026-07-05T11:09:37+00:00
thoroughly	accept				auto	postpone-sweep: clean tail anchor	2026-07-05T11:09:38+00:00
thrive	accept				auto	postpone-sweep: clean tail anchor	2026-07-05T11:09:38+00:00
throne	accept				auto	postpone-sweep: clean tail anchor	2026-07-05T11:09:38+00:00
thump	accept				auto	postpone-sweep: clean tail anchor	2026-07-05T11:09:38+00:00
thunderbolt	accept				auto	postpone-sweep: clean tail anchor	2026-07-05T11:09:38+00:00
tightness	accept				auto	postpone-sweep: clean tail anchor	2026-07-05T11:09:38+00:00
tile	accept				auto	postpone-sweep: clean tail anchor	2026-07-05T11:09:38+00:00
timely	accept				auto	postpone-sweep: clean tail anchor	2026-07-05T11:09:38+00:00
tin	accept				auto	postpone-sweep: clean tail anchor	2026-07-05T11:09:38+00:00
tinkle	accept				auto	postpone-sweep: clean tail anchor	2026-07-05T11:09:38+00:00
toad	accept				auto	postpone-sweep: clean tail anchor	2026-07-05T11:09:38+00:00
toaster	accept				auto	postpone-sweep: clean tail anchor	2026-07-05T11:09:39+00:00
toddle	accept				auto	postpone-sweep: clean tail anchor	2026-07-05T11:09:39+00:00
topple	accept				auto	postpone-sweep: clean tail anchor	2026-07-05T11:09:39+00:00
tow	accept				auto	postpone-sweep: clean tail anchor	2026-07-05T11:09:39+00:00
traverse	accept				auto	postpone-sweep: clean tail anchor	2026-07-05T11:09:39+00:00
trigger	accept				auto	postpone-sweep: clean tail anchor	2026-07-05T11:09:39+00:00
triumph	accept				auto	postpone-sweep: clean tail anchor	2026-07-05T11:09:39+00:00
trolley	accept				auto	postpone-sweep: clean tail anchor	2026-07-05T11:09:39+00:00
troublesome	accept				auto	postpone-sweep: clean tail anchor	2026-07-05T11:09:39+00:00
trundle	accept				auto	postpone-sweep: clean tail anchor	2026-07-05T11:09:40+00:00
truthful	accept				auto	postpone-sweep: clean tail anchor	2026-07-05T11:09:40+00:00
ufo	accept				auto	postpone-sweep: clean tail anchor	2026-07-05T11:09:40+00:00
ultimate	accept				auto	postpone-sweep: clean tail anchor	2026-07-05T11:09:40+00:00
unattended	accept				auto	postpone-sweep: clean tail anchor	2026-07-05T11:09:40+00:00
unclean	accept				auto	postpone-sweep: clean tail anchor	2026-07-05T11:09:40+00:00
undress	accept				auto	postpone-sweep: clean tail anchor	2026-07-05T11:09:40+00:00
unfreeze	accept				auto	postpone-sweep: clean tail anchor	2026-07-05T11:09:40+00:00
unhook	accept				auto	postpone-sweep: clean tail anchor	2026-07-05T11:09:41+00:00
unimportant	accept				auto	postpone-sweep: clean tail anchor	2026-07-05T11:09:41+00:00
unity	accept				auto	postpone-sweep: clean tail anchor	2026-07-05T11:09:41+00:00
unlucky	accept				auto	postpone-sweep: clean tail anchor	2026-07-05T11:09:41+00:00
unnoticed	accept				auto	postpone-sweep: clean tail anchor	2026-07-05T11:09:41+00:00
unwind	accept				auto	postpone-sweep: clean tail anchor	2026-07-05T11:09:41+00:00
unzip	accept				auto	postpone-sweep: clean tail anchor	2026-07-05T11:09:41+00:00
upstream	accept				auto	postpone-sweep: clean tail anchor	2026-07-05T11:09:41+00:00
upwards	accept				auto	postpone-sweep: clean tail anchor	2026-07-05T11:09:41+00:00
urgently	accept				auto	postpone-sweep: clean tail anchor	2026-07-05T11:09:41+00:00
utmost	accept				auto	postpone-sweep: clean tail anchor	2026-07-05T11:09:41+00:00
vacuum	accept				auto	postpone-sweep: clean tail anchor	2026-07-05T11:09:42+00:00
vibrate	accept				auto	postpone-sweep: clean tail anchor	2026-07-05T11:09:42+00:00
vibration	accept				auto	postpone-sweep: clean tail anchor	2026-07-05T11:09:42+00:00
victor	accept				auto	postpone-sweep: clean tail anchor	2026-07-05T11:09:42+00:00
virtue	accept				auto	postpone-sweep: clean tail anchor	2026-07-05T11:09:42+00:00
vivid	accept				auto	postpone-sweep: clean tail anchor	2026-07-05T11:09:42+00:00
void	accept				auto	postpone-sweep: clean tail anchor	2026-07-05T11:09:42+00:00
voyage	accept				auto	postpone-sweep: clean tail anchor	2026-07-05T11:09:42+00:00
wade	accept				auto	postpone-sweep: clean tail anchor	2026-07-05T11:09:42+00:00
wary	accept				auto	postpone-sweep: clean tail anchor	2026-07-05T11:09:43+00:00
wasteful	accept				auto	postpone-sweep: clean tail anchor	2026-07-05T11:09:43+00:00
waver	accept				auto	postpone-sweep: clean tail anchor	2026-07-05T11:09:43+00:00
weaken	accept				auto	postpone-sweep: clean tail anchor	2026-07-05T11:09:43+00:00
weave	accept				auto	postpone-sweep: clean tail anchor	2026-07-05T11:09:43+00:00
weed	accept				auto	postpone-sweep: clean tail anchor	2026-07-05T11:09:44+00:00
wetness	accept				auto	postpone-sweep: clean tail anchor	2026-07-05T11:09:44+00:00
whack	accept				auto	postpone-sweep: clean tail anchor	2026-07-05T11:09:44+00:00
whimper	accept				auto	postpone-sweep: clean tail anchor	2026-07-05T11:09:44+00:00
whirl	accept				auto	postpone-sweep: clean tail anchor	2026-07-05T11:09:44+00:00
whirr	accept				auto	postpone-sweep: clean tail anchor	2026-07-05T11:09:44+00:00
whiteness	accept				auto	postpone-sweep: clean tail anchor	2026-07-05T11:09:44+00:00
width	accept				auto	postpone-sweep: clean tail anchor	2026-07-05T11:09:45+00:00
willingness	accept				auto	postpone-sweep: clean tail anchor	2026-07-05T11:09:45+00:00
windmill	accept				auto	postpone-sweep: clean tail anchor	2026-07-05T11:09:45+00:00
wonderfully	accept				auto	postpone-sweep: clean tail anchor	2026-07-05T11:09:45+00:00
woo	accept				auto	postpone-sweep: clean tail anchor	2026-07-05T11:09:45+00:00
woody	accept				auto	postpone-sweep: clean tail anchor	2026-07-05T11:09:45+00:00
wordless	accept				auto	postpone-sweep: clean tail anchor	2026-07-05T11:09:45+00:00
worriedly	accept				auto	postpone-sweep: clean tail anchor	2026-07-05T11:09:45+00:00
worsen	accept				auto	postpone-sweep: clean tail anchor	2026-07-05T11:09:46+00:00
wrapper	accept				auto	postpone-sweep: clean tail anchor	2026-07-05T11:09:46+00:00
wreck	accept				auto	postpone-sweep: clean tail anchor	2026-07-05T11:09:46+00:00
wriggle	accept				auto	postpone-sweep: clean tail anchor	2026-07-05T11:09:46+00:00
y	accept				auto	postpone-sweep: clean tail anchor	2026-07-05T11:09:46+00:00
yea	accept				auto	postpone-sweep: clean tail anchor	2026-07-05T11:09:46+00:00
yearn	accept				auto	postpone-sweep: clean tail anchor	2026-07-05T11:09:46+00:00
builder	accept		konstru	konstruisto	human	sweep fix: kreilo=software builder; person=konstruisto	2026-07-05T11:11:02+00:00
crunch	accept		krak	kraki	human	sweep fix: densigi=compress; crunch sound=kraki	2026-07-05T11:11:02+00:00
hatch	accept		kov	kovi	human	sweep fix: haĉi=cross-hatch drawing; egg hatch=kovi	2026-07-05T11:11:03+00:00
leap	accept		salt	salti	human	sweep fix: sali=to salt; leap=salti	2026-07-05T11:11:03+00:00
plug	accept		ŝtop	ŝtopilo	human	sweep fix: ĵaka=jack-adj; plug=ŝtopilo	2026-07-05T11:11:03+00:00
stalk	accept		kaŝsekv	kaŝsekvi	human	sweep fix: paŝi=step; stalk prey=kaŝsekvi	2026-07-05T11:11:03+00:00
twitch	accept		spasm	spasmeti	human	sweep fix: ciki=nonstd; twitch=spasmeti	2026-07-05T11:11:03+00:00
vibrant	accept		vigl	vigla	human	sweep fix: multesona=loud; vibrant=vigla	2026-07-05T11:11:03+00:00
attendant	accept		akompan	akompananto	human	sweep fix: akompana=adj; noun=akompananto	2026-07-05T11:11:03+00:00
aloud	accept		laŭt	laŭte	human	sweep fix: laŭta=adj; adverb=laŭte	2026-07-05T11:11:04+00:00
bamboo	accept		bambu	bambuo	human	sweep fix: bambua=adj; noun=bambuo	2026-07-05T11:11:04+00:00
checkout	accept		kas	kaso	human	sweep fix: ĝustigo=debug; store checkout=kaso	2026-07-05T11:11:04+00:00
chick	accept		kokid	kokido	human	sweep fix: ulino=slang gal; baby bird=kokido	2026-07-05T11:11:04+00:00
cock	accept		kok	virkoko	human	sweep fix: kaco=vulgar; rooster=virkoko	2026-07-05T11:11:04+00:00
craft	accept		metiaĵ	metiaĵo	human	sweep fix: ruzo=cunning; handicraft=metiaĵo	2026-07-05T11:11:04+00:00
insert	accept		enmet	enmeti	human	sweep fix: anigu=imperative form; verb=enmeti	2026-07-05T11:11:04+00:00
lever	accept		levil	levilo	human	sweep fix: levi=to lift verb; noun lever=levilo	2026-07-05T11:11:04+00:00
lobby	accept		vestibl	vestiblo	human	sweep fix: lobii=to lobby; building lobby=vestiblo	2026-07-05T11:11:04+00:00
prey	accept		pred	predo	human	sweep fix: kapto=a catch; hunted=predo	2026-07-05T11:11:04+00:00
slam	accept		bruferm	brufermi	human	sweep fix: ŝlemo=cards slam; door slam=brufermi	2026-07-05T11:11:04+00:00
swell	accept		ŝvel	ŝveli	human	sweep fix: hulo=sea hull; swell up=ŝveli	2026-07-05T11:11:05+00:00
tissue	accept		naztuk	naztuko	human	sweep fix: histo=biological tissue; paper=naztuko	2026-07-05T11:11:05+00:00
undo	accept		malfar	malfari	human	sweep fix: malfara=adj; verb=malfari	2026-07-05T11:11:05+00:00
unison	accept		unison	unisono	human	sweep fix: unuto=nonstd; unison=unisono	2026-07-05T11:11:05+00:00
alien	accept		eksterter	eksterterulo	human	sweep fix: naŭza=nauseous; space alien=eksterterulo	2026-07-05T11:11:05+00:00
baffle	accept		konfuz	konfuzi	human	sweep fix: surdigilo=muffler; confuse=konfuzi	2026-07-05T11:11:05+00:00
breadcrumb	accept		paner	panero	human	sweep fix: paĝnivela=UI breadcrumb; food=panero	2026-07-05T11:11:05+00:00
errand	accept		komisi	komisio	human	sweep fix: mesaĝo=message; errand=komisio	2026-07-05T11:11:05+00:00
gross	accept		naŭz	naŭza	human	sweep fix: groco=144; disgusting=naŭza	2026-07-05T11:11:05+00:00
hover	accept		ŝveb	ŝvebi	human	sweep fix: sveba=adj; verb=ŝvebi	2026-07-05T11:11:05+00:00
marking	accept		mark	marko	human	sweep fix: rimarkebla=noticeable adj; a mark=marko	2026-07-05T11:11:06+00:00
prick	accept		pik	piki	human	sweep fix: kaco=vulgar; to prick=piki	2026-07-05T11:11:06+00:00
rinse	accept		tralav	tralavi	human	sweep fix: bani=bathe; rinse=tralavi	2026-07-05T11:11:06+00:00
savor	accept		ĝu	ĝui	human	sweep fix: gusto=taste noun; to savor=ĝui	2026-07-05T11:11:06+00:00
smear	accept		ŝmir	ŝmiri	human	sweep fix: gumi=erase w/ gum; smear=ŝmiri	2026-07-05T11:11:06+00:00
swap	accept		interŝanĝ	interŝanĝi	human	sweep fix: svopo=nonstd; swap=interŝanĝi	2026-07-05T11:11:06+00:00
tense	accept		streĉ	streĉita	human	sweep fix: tempo=grammar tense; nervous=streĉita	2026-07-05T11:11:06+00:00
whir	accept		zum	zumado	human	sweep fix: graŭlo=growl; whir=zumado	2026-07-05T11:11:06+00:00
whisk	accept		kirl	kirli	human	sweep fix: balai=sweep; kitchen whisk=kirli	2026-07-05T11:11:06+00:00
boar	accept		apr	apro	human	sweep fix: porkviro=pig-man; boar=apro	2026-07-05T11:11:07+00:00
swollen	accept		ŝvel	ŝvelinta	human	sweep fix: ŝveligi=verb; adj=ŝvelinta	2026-07-05T11:11:07+00:00
saddle	accept		sel	selo	human	sweep fix: seli=verb; noun=selo	2026-07-05T11:11:07+00:00
retrieve	accept		repren	repreni	human	sweep fix: ricevi=receive; retrieve=repreni	2026-07-05T11:11:07+00:00
boarding	accept		enir	enirado	human	sweep fix: tabulaĵo=planks; boarding=enirado	2026-07-05T11:11:07+00:00
ajar	accept		duonmalferm	duonmalfermita	human	sweep fix: malharmonia=discordant; ajar=duonmalfermita	2026-07-05T11:11:07+00:00
bold	accept		kuraĝ	kuraĝa	human	sweep fix: dika=font-bold; brave=kuraĝa	2026-07-05T11:11:07+00:00
choke	accept		sufok	sufoki	human	sweep fix: bobeno=electrical choke; can't breathe=sufoki	2026-07-05T11:11:07+00:00
collage	accept		kolaĝ	kolaĝo	human	sweep fix: glubildo=sticker; collage=kolaĝo	2026-07-05T11:11:07+00:00
corridor	accept		koridor	koridoro	human	sweep fix: koridora=adj; noun=koridoro	2026-07-05T11:11:07+00:00
detour	accept		ĉirkaŭvoj	ĉirkaŭvojo	human	sweep fix: deturni=avert verb; noun=ĉirkaŭvojo	2026-07-05T11:11:08+00:00
disguise	accept		alivest	alivestiĝo	human	sweep fix: maskumo=nonstd; disguise=alivestiĝo	2026-07-05T11:11:08+00:00
filling	accept		plenigaĵ	plenigaĵo	human	sweep fix: satiga=satiating adj; noun=plenigaĵo	2026-07-05T11:11:08+00:00
finder	accept		trov	trovanto	human	sweep fix: serĉilo=software finder; person=trovanto	2026-07-05T11:11:08+00:00
fool	accept		malsaĝ	malsaĝulo	human	sweep fix: bufono=jester; fool=malsaĝulo	2026-07-05T11:11:08+00:00
honorary	accept		honor	honora	human	sweep fix: moŝta=excellency; honorary=honora	2026-07-05T11:11:08+00:00
howl	accept		hurl	hurli	human	sweep fix: muĝi=bellow; wolf howl=hurli	2026-07-05T11:11:08+00:00
injection	accept		injekt	injekto	human	sweep fix: enĵeta=adj; noun=injekto	2026-07-05T11:11:08+00:00
joystick	accept		stirstang	stirstango	human	sweep fix: leviero=nonstd; joystick=stirstango	2026-07-05T11:11:09+00:00
machinery	accept		maŝinar	maŝinaro	human	sweep fix: radaro=radar; machinery=maŝinaro	2026-07-05T11:11:09+00:00
navigate	accept		navig	navigi	human	sweep fix: ŝipi=to ship; navigate=navigi	2026-07-05T11:11:09+00:00
festive	accept		fest	festa	human	sweep fix: festena=of a banquet; festive=festa	2026-07-05T11:11:09+00:00
performer	accept		prezent	prezentanto	human	sweep fix: faranto=doer; performer=prezentanto	2026-07-05T11:11:09+00:00
litter	accept		rub	rubaĵo	human	sweep fix: kuŝejo=lair; trash=rubaĵo	2026-07-05T11:11:09+00:00
preference	accept		prefer	prefero	human	sweep fix: agordo=settings; preference=prefero	2026-07-05T11:11:09+00:00
rider	accept		rajd	rajdanto	human	sweep fix: aldono=document rider; horseback=rajdanto	2026-07-05T11:11:09+00:00
reset	accept		restarig	restarigi	human	sweep fix: reŝarĝa=adj; verb=restarigi	2026-07-05T11:11:10+00:00
robe	accept		rob	robo	human	sweep fix: robi=verb; noun=robo	2026-07-05T11:11:10+00:00
skate	accept		sket	sketilo	human	sweep fix: rajo=ray fish; ice skate=sketilo	2026-07-05T11:11:10+00:00
seize	accept		kapt	ekkapti	human	sweep fix: rajpi=nonstd; seize=ekkapti	2026-07-05T11:11:10+00:00
spine	accept		spin	spino	human	sweep fix: dorno=thorn; backbone=spino	2026-07-05T11:11:10+00:00
spiral	accept		spiral	spiralo	human	sweep fix: ŝraŭba=screw-adj; spiral=spiralo	2026-07-05T11:11:10+00:00
stuffy	accept		sufok	sufoka	human	sweep fix: filistra=philistine; stuffy air=sufoka	2026-07-05T11:11:10+00:00
suspend	accept		pendig	pendigi	human	sweep fix: halteti=pause; hang=pendigi	2026-07-05T11:11:10+00:00
tapestry	accept		gobelin	gobelino	human	sweep fix: tapeto=wallpaper; tapestry=gobelino	2026-07-05T11:11:11+00:00
thimble	accept		fingring	fingringo	human	sweep fix: koŝo=nautical thimble; sewing=fingringo	2026-07-05T11:11:11+00:00
tin	accept		lad	lado	human	sweep fix: lada=adj; noun tin=lado	2026-07-05T11:11:11+00:00
weaken	accept		malfort	malfortigi	human	sweep fix: adulteri=adulterate; weaken=malfortigi	2026-07-05T11:11:11+00:00
weave	accept		teks	teksi	human	sweep fix: sinui=meander; weave cloth=teksi	2026-07-05T11:11:11+00:00
whimper	accept		plor	ploreti	human	sweep fix: aĥi=gasp; whimper=ploreti	2026-07-05T11:11:11+00:00
whirr	accept		zum	zumado	human	sweep fix: graŭlo=growl; whirr=zumado	2026-07-05T11:11:11+00:00
wrapper	accept		envolv	envolvaĵo	human	sweep fix: ŝelo=peel; candy wrapper=envolvaĵo	2026-07-05T11:11:11+00:00
operator	accept		operator	operatoro	human	sweep fix: operaciilo=math operator; person=operatoro	2026-07-05T11:11:12+00:00
e	reject				human	sweep: single letter / interjection — not vocabulary	2026-07-05T11:11:12+00:00
y	reject				human	sweep: single letter / interjection — not vocabulary	2026-07-05T11:11:12+00:00
eh	reject				human	sweep: single letter / interjection — not vocabulary	2026-07-05T11:11:12+00:00
yea	reject				human	sweep: single letter / interjection — not vocabulary	2026-07-05T11:11:12+00:00
whoa	reject				human	sweep: single letter / interjection — not vocabulary	2026-07-05T11:11:12+00:00
shh	reject				human	sweep: single letter / interjection — not vocabulary	2026-07-05T11:11:12+00:00
hurray	reject				human	sweep: single letter / interjection — not vocabulary	2026-07-05T11:11:12+00:00
apologise	reject				human	sweep: spelling variant of an already-handled lemma	2026-07-05T11:12:08+00:00
braver	reject				human	sweep: regular comparative/superlative — derivable, no new concept	2026-07-05T11:12:08+00:00
cosy	reject				human	sweep: spelling variant of an already-handled lemma	2026-07-05T11:12:08+00:00
dreammaker	reject				human	sweep: regular comparative/superlative — derivable, no new concept	2026-07-05T11:12:08+00:00
plop	reject				human	sweep: onomatopoeia/interjection — deferred to interjection layer	2026-07-05T11:12:08+00:00
quieter	reject				human	sweep: regular comparative/superlative — derivable, no new concept	2026-07-05T11:12:08+00:00
slither	reject				human	sweep: regular comparative/superlative — derivable, no new concept	2026-07-05T11:12:08+00:00
thud	reject				human	sweep: onomatopoeia/interjection — deferred to interjection layer	2026-07-05T11:12:08+00:00
tidying	reject				human	sweep: lemmatizer artifact / typo	2026-07-05T11:12:08+00:00
wanna	reject				human	sweep: lemmatizer artifact / typo	2026-07-05T11:12:09+00:00
awoken	reject				human	sweep: lemmatizer artifact / typo	2026-07-05T11:12:09+00:00
duckle	reject				human	sweep: lemmatizer artifact / typo	2026-07-05T11:12:09+00:00
leapt	reject				human	sweep: lemmatizer artifact / typo	2026-07-05T11:12:09+00:00
mower	reject				human	sweep: regular comparative/superlative — derivable, no new concept	2026-07-05T11:12:09+00:00
nicer	reject				human	sweep: regular comparative/superlative — derivable, no new concept	2026-07-05T11:12:09+00:00
shrank	reject				human	sweep: lemmatizer artifact / typo	2026-07-05T11:12:09+00:00
teddie	reject				human	sweep: lemmatizer artifact / typo	2026-07-05T11:12:09+00:00
whoop	reject				human	sweep: onomatopoeia/interjection — deferred to interjection layer	2026-07-05T11:12:09+00:00
ahhe	reject				human	sweep: onomatopoeia/interjection — deferred to interjection layer	2026-07-05T11:12:09+00:00
anyways	reject				human	sweep: spelling variant of an already-handled lemma	2026-07-05T11:12:09+00:00
clung	reject				human	sweep: lemmatizer artifact / typo	2026-07-05T11:12:10+00:00
cozier	reject				human	sweep: regular comparative/superlative — derivable, no new concept	2026-07-05T11:12:10+00:00
critter	reject				human	sweep: regular comparative/superlative — derivable, no new concept	2026-07-05T11:12:10+00:00
flipper	reject				human	sweep: regular comparative/superlative — derivable, no new concept	2026-07-05T11:12:10+00:00
froze	reject				human	sweep: lemmatizer artifact / typo	2026-07-05T11:12:10+00:00
haire	reject				human	sweep: lemmatizer artifact / typo	2026-07-05T11:12:10+00:00
hotter	reject				human	sweep: regular comparative/superlative — derivable, no new concept	2026-07-05T11:12:10+00:00
lawnmower	reject				human	sweep: regular comparative/superlative — derivable, no new concept	2026-07-05T11:12:10+00:00
len	reject				human	sweep: lemmatizer artifact / typo	2026-07-05T11:12:10+00:00
ma'am	reject				human	sweep: non-word fragment/typo (mechanical artifact)	2026-07-05T11:12:10+00:00
mac	reject				human	sweep: lemmatizer artifact / typo	2026-07-05T11:12:11+00:00
nearer	reject				human	sweep: regular comparative/superlative — derivable, no new concept	2026-07-05T11:12:11+00:00
ooh	reject				human	sweep: onomatopoeia/interjection — deferred to interjection layer	2026-07-05T11:12:11+00:00
organise	reject				human	sweep: spelling variant of an already-handled lemma	2026-07-05T11:12:11+00:00
organiser	reject				human	sweep: spelling variant of an already-handled lemma	2026-07-05T11:12:11+00:00
pucker	reject				human	sweep: regular comparative/superlative — derivable, no new concept	2026-07-05T11:12:11+00:00
scootere	reject				human	sweep: lemmatizer artifact / typo	2026-07-05T11:12:11+00:00
splish	reject				human	sweep: onomatopoeia/interjection — deferred to interjection layer	2026-07-05T11:12:12+00:00
starle	reject				human	sweep: lemmatizer artifact / typo	2026-07-05T11:12:12+00:00
stung	reject				human	sweep: lemmatizer artifact / typo	2026-07-05T11:12:12+00:00
tocke	reject				human	sweep: lemmatizer artifact / typo	2026-07-05T11:12:12+00:00
trouser	reject				human	sweep: regular comparative/superlative — derivable, no new concept	2026-07-05T11:12:12+00:00
windier	reject				human	sweep: regular comparative/superlative — derivable, no new concept	2026-07-05T11:12:12+00:00
x.	reject				human	sweep: non-word fragment/typo (mechanical artifact)	2026-07-05T11:12:12+00:00
$	reject				human	sweep: non-word fragment/typo (mechanical artifact)	2026-07-05T11:12:13+00:00
'bout	reject				human	sweep: non-word fragment/typo (mechanical artifact)	2026-07-05T11:12:13+00:00
andjim	reject				human	sweep: lemmatizer artifact / typo	2026-07-05T11:12:13+00:00
anything-	reject				human	sweep: non-word fragment/typo (mechanical artifact)	2026-07-05T11:12:13+00:00
apologizer	reject				human	sweep: lemmatizer artifact / typo	2026-07-05T11:12:13+00:00
baaed	reject				human	sweep: lemmatizer artifact / typo	2026-07-05T11:12:13+00:00
"back,""be"	reject				human	sweep: non-word fragment/typo (mechanical artifact)	2026-07-05T11:12:13+00:00
balancer	reject				human	sweep: regular comparative/superlative — derivable, no new concept	2026-07-05T11:12:13+00:00
bicyle	reject				human	sweep: lemmatizer artifact / typo	2026-07-05T11:12:14+00:00
bin-	reject				human	sweep: non-word fragment/typo (mechanical artifact)	2026-07-05T11:12:14+00:00
bobbed	reject				human	sweep: lemmatizer artifact / typo	2026-07-05T11:12:14+00:00
bond-	reject				human	sweep: non-word fragment/typo (mechanical artifact)	2026-07-05T11:12:14+00:00
calmyou	reject				human	sweep: lemmatizer artifact / typo	2026-07-05T11:12:14+00:00
cleaner	reject				human	sweep: regular comparative/superlative — derivable, no new concept	2026-07-05T11:12:14+00:00
cleverer	reject				human	sweep: regular comparative/superlative — derivable, no new concept	2026-07-05T11:12:14+00:00
clingin	reject				human	sweep: lemmatizer artifact / typo	2026-07-05T11:12:15+00:00
colder	reject				human	sweep: regular comparative/superlative — derivable, no new concept	2026-07-05T11:12:15+00:00
como	reject				human	sweep: lemmatizer artifact / typo	2026-07-05T11:12:15+00:00
"cub---""be"	reject				human	sweep: non-word fragment/typo (mechanical artifact)	2026-07-05T11:12:15+00:00
deader	reject				human	sweep: regular comparative/superlative — derivable, no new concept	2026-07-05T11:12:15+00:00
different--	reject				human	sweep: non-word fragment/typo (mechanical artifact)	2026-07-05T11:12:15+00:00
dinos	reject				human	sweep: lemmatizer artifact / typo	2026-07-05T11:12:16+00:00
disapointe	reject				human	sweep: lemmatizer artifact / typo	2026-07-05T11:12:16+00:00
eachother	reject				human	sweep: regular comparative/superlative — derivable, no new concept	2026-07-05T11:12:16+00:00
esta	reject				human	sweep: lemmatizer artifact / typo	2026-07-05T11:12:16+00:00
farth	reject				human	sweep: lemmatizer artifact / typo	2026-07-05T11:12:16+00:00
flowerbe	reject				human	sweep: lemmatizer artifact / typo	2026-07-05T11:12:17+00:00
fulfil	reject				human	sweep: spelling variant of an already-handled lemma	2026-07-05T11:12:17+00:00
funn	reject				human	sweep: lemmatizer artifact / typo	2026-07-05T11:12:17+00:00
funniest	reject				human	sweep: regular comparative/superlative — derivable, no new concept	2026-07-05T11:12:17+00:00
furthest	reject				human	sweep: regular comparative/superlative — derivable, no new concept	2026-07-05T11:12:17+00:00
fuzzier	reject				human	sweep: regular comparative/superlative — derivable, no new concept	2026-07-05T11:12:17+00:00
gentlly	reject				human	sweep: lemmatizer artifact / typo	2026-07-05T11:12:17+00:00
gluing	reject				human	sweep: lemmatizer artifact / typo	2026-07-05T11:12:17+00:00
grumpiest	reject				human	sweep: regular comparative/superlative — derivable, no new concept	2026-07-05T11:12:18+00:00
happenne	reject				human	sweep: lemmatizer artifact / typo	2026-07-05T11:12:18+00:00
hearte	reject				human	sweep: lemmatizer artifact / typo	2026-07-05T11:12:18+00:00
him-	reject				human	sweep: non-word fragment/typo (mechanical artifact)	2026-07-05T11:12:18+00:00
hunker	reject				human	sweep: regular comparative/superlative — derivable, no new concept	2026-07-05T11:12:18+00:00
inseperable	reject				human	sweep: lemmatizer artifact / typo	2026-07-05T11:12:18+00:00
jabbed	reject				human	sweep: lemmatizer artifact / typo	2026-07-05T11:12:19+00:00
judgement	reject				human	sweep: spelling variant of an already-handled lemma	2026-07-05T11:12:19+00:00
justo	reject				human	sweep: lemmatizer artifact / typo	2026-07-05T11:12:19+00:00
kayaker	reject				human	sweep: regular comparative/superlative — derivable, no new concept	2026-07-05T11:12:19+00:00
leftover	reject				human	sweep: regular comparative/superlative — derivable, no new concept	2026-07-05T11:12:19+00:00
lesson-	reject				human	sweep: non-word fragment/typo (mechanical artifact)	2026-07-05T11:12:19+00:00
littler	reject				human	sweep: regular comparative/superlative — derivable, no new concept	2026-07-05T11:12:19+00:00
litttle	reject				human	sweep: lemmatizer artifact / typo	2026-07-05T11:12:19+00:00
locker	reject				human	sweep: regular comparative/superlative — derivable, no new concept	2026-07-05T11:12:20+00:00
magcally	reject				human	sweep: lemmatizer artifact / typo	2026-07-05T11:12:20+00:00
mesmerise	reject				human	sweep: spelling variant of an already-handled lemma	2026-07-05T11:12:20+00:00
mewing	reject				human	sweep: lemmatizer artifact / typo	2026-07-05T11:12:20+00:00
mightier	reject				human	sweep: regular comparative/superlative — derivable, no new concept	2026-07-05T11:12:20+00:00
"mother,""can"	reject				human	sweep: non-word fragment/typo (mechanical artifact)	2026-07-05T11:12:20+00:00
multi	reject				human	sweep: lemmatizer artifact / typo	2026-07-05T11:12:20+00:00
needel	reject				human	sweep: lemmatizer artifact / typo	2026-07-05T11:12:20+00:00
o'clock	reject				human	sweep: non-word fragment/typo (mechanical artifact)	2026-07-05T11:12:20+00:00
oink	reject				human	sweep: onomatopoeia/interjection — deferred to interjection layer	2026-07-05T11:12:20+00:00
outstretche	reject				human	sweep: lemmatizer artifact / typo	2026-07-05T11:12:20+00:00
overcame	reject				human	sweep: lemmatizer artifact / typo	2026-07-05T11:12:21+00:00
pitter	reject				human	sweep: regular comparative/superlative — derivable, no new concept	2026-07-05T11:12:21+00:00
pleeease	reject				human	sweep: lemmatizer artifact / typo	2026-07-05T11:12:21+00:00
poof	reject				human	sweep: onomatopoeia/interjection — deferred to interjection layer	2026-07-05T11:12:21+00:00
practicig	reject				human	sweep: lemmatizer artifact / typo	2026-07-05T11:12:21+00:00
pre	reject				human	sweep: lemmatizer artifact / typo	2026-07-05T11:12:21+00:00
presto	reject				human	sweep: onomatopoeia/interjection — deferred to interjection layer	2026-07-05T11:12:21+00:00
puzzlw	reject				human	sweep: lemmatizer artifact / typo	2026-07-05T11:12:22+00:00
pyjama	reject				human	sweep: spelling variant of an already-handled lemma	2026-07-05T11:12:22+00:00
quit3	reject				human	sweep: non-word fragment/typo (mechanical artifact)	2026-07-05T11:12:22+00:00
rainwater	reject				human	sweep: regular comparative/superlative — derivable, no new concept	2026-07-05T11:12:22+00:00
recognise	reject				human	sweep: spelling variant of an already-handled lemma	2026-07-05T11:12:22+00:00
"replied:""oh"	reject				human	sweep: non-word fragment/typo (mechanical artifact)	2026-07-05T11:12:22+00:00
retye	reject				human	sweep: lemmatizer artifact / typo	2026-07-05T11:12:22+00:00
reverse-	reject				human	sweep: non-word fragment/typo (mechanical artifact)	2026-07-05T11:12:22+00:00
reversinng	reject				human	sweep: lemmatizer artifact / typo	2026-07-05T11:12:23+00:00
roundest	reject				human	sweep: regular comparative/superlative — derivable, no new concept	2026-07-05T11:12:23+00:00
"said,""if"	reject				human	sweep: non-word fragment/typo (mechanical artifact)	2026-07-05T11:12:23+00:00
"said,""okay"	reject				human	sweep: non-word fragment/typo (mechanical artifact)	2026-07-05T11:12:23+00:00
"said,""this"	reject				human	sweep: non-word fragment/typo (mechanical artifact)	2026-07-05T11:12:23+00:00
"said:""mummy"	reject				human	sweep: non-word fragment/typo (mechanical artifact)	2026-07-05T11:12:23+00:00
scaredy	reject				human	sweep: lemmatizer artifact / typo	2026-07-05T11:12:23+00:00
"screamed,""help"	reject				human	sweep: non-word fragment/typo (mechanical artifact)	2026-07-05T11:12:23+00:00
shrinker	reject				human	sweep: regular comparative/superlative — derivable, no new concept	2026-07-05T11:12:23+00:00
shrunk	reject				human	sweep: lemmatizer artifact / typo	2026-07-05T11:12:23+00:00
sillyness	reject				human	sweep: lemmatizer artifact / typo	2026-07-05T11:12:23+00:00
smelly-	reject				human	sweep: non-word fragment/typo (mechanical artifact)	2026-07-05T11:12:24+00:00
smoother	reject				human	sweep: regular comparative/superlative — derivable, no new concept	2026-07-05T11:12:24+00:00
snache	reject				human	sweep: lemmatizer artifact / typo	2026-07-05T11:12:24+00:00
solver	reject				human	sweep: regular comparative/superlative — derivable, no new concept	2026-07-05T11:12:24+00:00
soooooo	reject				human	sweep: lemmatizer artifact / typo	2026-07-05T11:12:24+00:00
"sound,""thought"	reject				human	sweep: non-word fragment/typo (mechanical artifact)	2026-07-05T11:12:24+00:00
sound-	reject				human	sweep: non-word fragment/typo (mechanical artifact)	2026-07-05T11:12:24+00:00
spot-	reject				human	sweep: non-word fragment/typo (mechanical artifact)	2026-07-05T11:12:24+00:00
sprinke	reject				human	sweep: lemmatizer artifact / typo	2026-07-05T11:12:24+00:00
stirrer	reject				human	sweep: regular comparative/superlative — derivable, no new concept	2026-07-05T11:12:24+00:00
sunnier	reject				human	sweep: regular comparative/superlative — derivable, no new concept	2026-07-05T11:12:24+00:00
suprise	reject				human	sweep: lemmatizer artifact / typo	2026-07-05T11:12:25+00:00
surprised-	reject				human	sweep: non-word fragment/typo (mechanical artifact)	2026-07-05T11:12:25+00:00
sweeter	reject				human	sweep: regular comparative/superlative — derivable, no new concept	2026-07-05T11:12:25+00:00
swordfighte	reject				human	sweep: lemmatizer artifact / typo	2026-07-05T11:12:25+00:00
takin	reject				human	sweep: lemmatizer artifact / typo	2026-07-05T11:12:25+00:00
teasier	reject				human	sweep: regular comparative/superlative — derivable, no new concept	2026-07-05T11:12:25+00:00
things-	reject				human	sweep: non-word fragment/typo (mechanical artifact)	2026-07-05T11:12:25+00:00
thinkin	reject				human	sweep: lemmatizer artifact / typo	2026-07-05T11:12:25+00:00
tighter	reject				human	sweep: regular comparative/superlative — derivable, no new concept	2026-07-05T11:12:25+00:00
ting	reject				human	sweep: onomatopoeia/interjection — deferred to interjection layer	2026-07-05T11:12:25+00:00
tore	reject				human	sweep: lemmatizer artifact / typo	2026-07-05T11:12:25+00:00
treasue	reject				human	sweep: lemmatizer artifact / typo	2026-07-05T11:12:26+00:00
unpackinng	reject				human	sweep: lemmatizer artifact / typo	2026-07-05T11:12:26+00:00
whoosh	reject				human	sweep: onomatopoeia/interjection — deferred to interjection layer	2026-07-05T11:12:26+00:00
wildflower	reject				human	sweep: regular comparative/superlative — derivable, no new concept	2026-07-05T11:12:26+00:00
ya	reject				human	sweep: lemmatizer artifact / typo	2026-07-05T11:12:26+00:00
yip	reject				human	sweep: onomatopoeia/interjection — deferred to interjection layer	2026-07-05T11:12:26+00:00
yummies--	reject				human	sweep: non-word fragment/typo (mechanical artifact)	2026-07-05T11:12:26+00:00
seatbelt	accept		zon	sekurzono	human	postpone gap: compound seat+belt	2026-07-05T11:22:46+00:00
sunscreen	accept		krem	sunkremo	human	postpone gap: sun-cream lotion	2026-07-05T11:22:46+00:00
bluebird	accept		bird	blubirdo	human	postpone gap: compound blue+bird	2026-07-05T11:22:46+00:00
dollhouse	accept		dom	pupdomo	human	postpone gap: compound doll+house	2026-07-05T11:22:47+00:00
honeybee	accept		abel	mielabelo	human	postpone gap: compound honey+bee	2026-07-05T11:22:47+00:00
lunchtime	accept		temp	lunĉtempo	human	postpone gap: compound lunch+time	2026-07-05T11:22:47+00:00
moonwalk	accept		marŝ	lunmarŝo	human	postpone gap: compound moon+walk	2026-07-05T11:22:47+00:00
padlock	accept		kadenac	kadenaco	human	postpone gap: padlock	2026-07-05T11:22:47+00:00
playhouse	accept		dom	luddomo	human	postpone gap: compound play+house	2026-07-05T11:22:47+00:00
stairway	accept		ŝtup	ŝtuparo	human	postpone gap: stairway/stairs	2026-07-05T11:22:47+00:00
storybook	accept		libr	rakontlibro	human	postpone gap: compound story+book	2026-07-05T11:22:47+00:00
windowsill	accept		bret	fenestrobreto	human	postpone gap: compound window+sill	2026-07-05T11:22:47+00:00
birdseed	accept		gren	birdogreno	human	postpone gap: compound bird+seed	2026-07-05T11:22:47+00:00
bubblegum	accept		gum	maĉgumo	human	postpone gap: chewing gum	2026-07-05T11:22:47+00:00
campsite	accept		ej	kampadejo	human	postpone gap: camp site	2026-07-05T11:22:48+00:00
doorbell	accept		sonoril	pordsonorilo	human	postpone gap: compound door+bell	2026-07-05T11:22:48+00:00
doorstep	accept		sojl	sojlo	human	postpone gap: threshold/doorstep	2026-07-05T11:22:48+00:00
footstep	accept		paŝ	piedpaŝo	human	postpone gap: footstep	2026-07-05T11:22:48+00:00
grandkid	accept		nep	genepo	human	postpone gap: grandchild	2026-07-05T11:22:48+00:00
hideaway	accept		ej	kaŝejo	human	postpone gap: hiding place	2026-07-05T11:22:48+00:00
hideout	accept		ej	kaŝejo	human	postpone gap: hiding place	2026-07-05T11:22:48+00:00
jellybean	accept		bombon	ĝelebombono	human	postpone gap: jelly bean candy	2026-07-05T11:22:48+00:00
junkyard	accept		ej	rubejo	human	postpone gap: junk yard	2026-07-05T11:22:48+00:00
nightlight	accept		lamp	noktolampo	human	postpone gap: night light	2026-07-05T11:22:48+00:00
nightstand	accept		tabl	noktotableto	human	postpone gap: night stand	2026-07-05T11:22:48+00:00
piggybank	accept		pork	ŝparporketo	human	postpone gap: piggy bank	2026-07-05T11:22:48+00:00
popsicle	accept		baston	glacibastoneto	human	postpone gap: ice lolly on a stick	2026-07-05T11:22:49+00:00
spacesuit	accept		kostum	kosmokostumo	human	postpone gap: space suit	2026-07-05T11:22:49+00:00
shoebox	accept		kest	ŝuskesto	human	postpone gap: shoe box	2026-07-05T11:22:49+00:00
lunchbox	accept		kest	manĝokesto	human	postpone gap: lunch box	2026-07-05T11:22:49+00:00
meatball	accept		bul	viandbulo	human	postpone gap: meat ball	2026-07-05T11:22:49+00:00
naptime	accept		temp	dormtempo	human	postpone gap: nap time	2026-07-05T11:22:49+00:00
nighttime	accept		temp	noktotempo	human	postpone gap: night time	2026-07-05T11:22:49+00:00
playdate	accept		kunven	ludkunveno	human	postpone gap: play date	2026-07-05T11:22:49+00:00
poolside	accept		rand	basenrando	human	postpone gap: pool side	2026-07-05T11:22:49+00:00
rainfall	accept		pluv	pluvado	human	postpone gap: rainfall	2026-07-05T11:22:49+00:00
rainstorm	accept		ŝtorm	pluvoŝtormo	human	postpone gap: rain storm	2026-07-05T11:22:50+00:00
riverside	accept		bord	riverbordo	human	postpone gap: river side	2026-07-05T11:22:50+00:00
snowstorm	accept		ŝtorm	neĝoŝtormo	human	postpone gap: snow storm	2026-07-05T11:22:50+00:00
summertime	accept		temp	somertempo	human	postpone gap: summer time	2026-07-05T11:22:50+00:00
swingset	accept		ar	balancilaro	human	postpone gap: set of swings	2026-07-05T11:22:50+00:00
walkway	accept		voj	promenvojo	human	postpone gap: walk way	2026-07-05T11:22:50+00:00
whiteboard	accept		tabul	blanktabulo	human	postpone gap: white board	2026-07-05T11:22:50+00:00
wetsuit	accept		kostum	mergokostumo	human	postpone gap: wet/diving suit	2026-07-05T11:22:50+00:00
eyeshadow	accept		ŝmink	okulŝminko	human	postpone gap: eye shadow	2026-07-05T11:22:50+00:00
hairstyle	accept		aranĝ	hararanĝo	human	postpone gap: hair style	2026-07-05T11:22:50+00:00
cartwheel	accept		rad	flankrado	human	postpone gap: gymnastic cartwheel	2026-07-05T11:22:50+00:00
brainstorm	accept		um	cerbumado	human	postpone gap: brainstorm	2026-07-05T11:22:51+00:00
checkup	accept		kontrol	kontrolo	human	postpone gap: (medical) check-up	2026-07-05T11:22:51+00:00
classwork	accept		labor	klaslaboro	human	postpone gap: class work	2026-07-05T11:22:51+00:00
hardwork	accept		labor	laborego	human	postpone gap: hard work	2026-07-05T11:22:51+00:00
cooktop	accept		plat	kuirplato	human	postpone gap: cook top	2026-07-05T11:22:51+00:00
griddle	accept		plat	bakplato	human	postpone gap: griddle/baking plate	2026-07-05T11:22:51+00:00
hosepipe	accept		tub	akvotubo	human	postpone gap: hose	2026-07-05T11:22:51+00:00
bedspread	accept		kovril	litkovrilo	human	postpone gap: bed spread	2026-07-05T11:22:51+00:00
dinnertime	accept		temp	vespermanĝtempo	human	postpone gap: dinner time	2026-07-05T11:22:51+00:00
hilltop	accept		supr	montetsupro	human	postpone gap: hill top	2026-07-05T11:22:52+00:00
homemade	accept		far	hejmfarita	human	postpone gap: home-made (adj)	2026-07-05T11:22:52+00:00
homeward	accept		hejm	hejmen	human	postpone gap: homeward (adv)	2026-07-05T11:22:52+00:00
birdsong	accept		kant	birdokanto	human	postpone gap: bird song	2026-07-05T11:22:52+00:00
wingbeat	accept		bat	flugilbato	human	postpone gap: wing beat	2026-07-05T11:22:52+00:00
teamwork	accept		labor	teamlaboro	human	postpone gap: team work	2026-07-05T11:22:52+00:00
dodge	accept		evit	eviti	human	postpone gap: dodge/avoid	2026-07-05T11:22:52+00:00
gator	accept		aligator	aligatoro	human	postpone gap: alligator (colloq.)	2026-07-05T11:22:52+00:00
mesmerize	accept		hipnot	hipnoti	human	postpone gap: mesmerize	2026-07-05T11:22:52+00:00
pepperoni	accept		peperon	peperono	human	postpone gap: pepperoni sausage	2026-07-05T11:22:52+00:00
pro	accept		profesi	profesiulo	human	postpone gap: a pro	2026-07-05T11:22:53+00:00
snooze	accept		dorm	dormeti	human	postpone gap: doze/snooze	2026-07-05T11:22:53+00:00
squishy	accept		mol	premmola	human	postpone gap: squishy	2026-07-05T11:22:53+00:00
veggie	accept		legom	legomo	human	postpone gap: veggie	2026-07-05T11:22:53+00:00
energize	accept		energi	energiigi	human	postpone gap: energize	2026-07-05T11:22:53+00:00
goody	accept		frand	frandaĵo	human	postpone gap: goody/treat	2026-07-05T11:22:53+00:00
heartbroken	accept		ŝir	korŝirita	human	postpone gap: heart-broken	2026-07-05T11:22:53+00:00
smoothie	accept		trink	fruktotrinkaĵo	human	postpone gap: fruit smoothie	2026-07-05T11:22:53+00:00
snarl	accept		graŭl	graŭli	human	postpone gap: snarl/growl	2026-07-05T11:22:53+00:00
tantrum	accept		kriz	kolerkrizo	human	postpone gap: temper tantrum	2026-07-05T11:22:53+00:00
blob	accept		glob	globaĵo	human	postpone gap: shapeless blob	2026-07-05T11:22:53+00:00
cranny	accept		fend	fendeto	human	postpone gap: nook/cranny	2026-07-05T11:22:54+00:00
flurry	accept		turb	neĝoturbo	human	postpone gap: snow flurry	2026-07-05T11:22:54+00:00
grouchy	accept		grumbl	grumblema	human	postpone gap: grouchy	2026-07-05T11:22:54+00:00
hike	accept		migr	migri	human	postpone gap: hike	2026-07-05T11:22:54+00:00
lush	accept		abund	abunda	human	postpone gap: lush	2026-07-05T11:22:54+00:00
midst	accept		mez	mezo	human	postpone gap: midst	2026-07-05T11:22:54+00:00
mini	accept		et	eta	human	postpone gap: mini/small	2026-07-05T11:22:54+00:00
restful	accept		ripoz	ripoziga	human	postpone gap: restful	2026-07-05T11:22:54+00:00
sizzle	accept		sibl	sibli	human	postpone gap: sizzle	2026-07-05T11:22:54+00:00
spook	accept		tim	ektimigi	human	postpone gap: spook/frighten	2026-07-05T11:22:54+00:00
swat	accept		frap	klakfrapi	human	postpone gap: swat	2026-07-05T11:22:54+00:00
swipe	accept		kapt	forkapti	human	postpone gap: swipe/snatch	2026-07-05T11:22:55+00:00
trudge	accept		paŝ	trenpaŝi	human	postpone gap: trudge	2026-07-05T11:22:55+00:00
awestruck	accept		frap	mirfrapita	human	postpone gap: awestruck	2026-07-05T11:22:55+00:00
bravado	accept		fanfaron	fanfaronado	human	postpone gap: bravado	2026-07-05T11:22:55+00:00
bob	accept		balanc	balanceti	human	postpone gap: bob up and down	2026-07-05T11:22:55+00:00
careen	accept		kur	kuregi	human	postpone gap: careen/rush	2026-07-05T11:22:55+00:00
chomp	accept		maĉ	maĉegi	human	postpone gap: chomp	2026-07-05T11:22:55+00:00
cluttered	accept		ord	malorda	human	postpone gap: cluttered	2026-07-05T11:22:55+00:00
companionable	accept		amik	amikema	human	postpone gap: companionable	2026-07-05T11:22:55+00:00
conveyor	accept		bend	transportbendo	human	postpone gap: conveyor belt	2026-07-05T11:22:55+00:00
disagreeable	accept		agrabl	malagrabla	human	postpone gap: disagreeable	2026-07-05T11:22:55+00:00
dollop	accept		bul	buleto	human	postpone gap: dollop	2026-07-05T11:22:56+00:00
drool	accept		bav	bavi	human	postpone gap: drool	2026-07-05T11:22:56+00:00
enforce	accept		dev	devigi	human	postpone gap: enforce	2026-07-05T11:22:56+00:00
enthral	accept		sorĉ	ensorĉi	human	postpone gap: enthral	2026-07-05T11:22:56+00:00
fleck	accept		makul	makuleto	human	postpone gap: fleck	2026-07-05T11:22:56+00:00
flick	accept		frap	ekfrapeti	human	postpone gap: flick	2026-07-05T11:22:56+00:00
glint	accept		bril	ekbrilo	human	postpone gap: glint	2026-07-05T11:22:56+00:00
goggle	accept		vitr	naĝokulvitroj	human	postpone gap: goggles	2026-07-05T11:22:56+00:00
gooey	accept		glu	glueca	human	postpone gap: gooey	2026-07-05T11:22:56+00:00
grimy	accept		kot	kotoza	human	postpone gap: grimy	2026-07-05T11:22:57+00:00
huff	accept		snuf	eksnufi	human	postpone gap: huff	2026-07-05T11:22:57+00:00
jiggle	accept		sku	skueti	human	postpone gap: jiggle	2026-07-05T11:22:57+00:00
knowledgeable	accept		kler	klera	human	postpone gap: knowledgeable	2026-07-05T11:22:57+00:00
laze	accept		pigr	pigri	human	postpone gap: laze	2026-07-05T11:22:57+00:00
ledge	accept		kornic	kornico	human	postpone gap: ledge	2026-07-05T11:22:57+00:00
lolly	accept		bombon	lekbombono	human	postpone gap: lollipop	2026-07-05T11:22:57+00:00
matey	accept		kamarad	kamaradeca	human	postpone gap: matey	2026-07-05T11:22:57+00:00
nugget	accept		pec	orpeceto	human	postpone gap: nugget	2026-07-05T11:22:57+00:00
opportunistic	accept		oportun	oportunisma	human	postpone gap: opportunistic	2026-07-05T11:22:57+00:00
rummage	accept		serĉ	traserĉi	human	postpone gap: rummage	2026-07-05T11:22:57+00:00
scariness	accept		tim	timigeco	human	postpone gap: scariness	2026-07-05T11:22:58+00:00
scourging	accept		vip	vipado	human	postpone gap: scourging	2026-07-05T11:22:58+00:00
scuttle	accept		kur	forkuri	human	postpone gap: scuttle away	2026-07-05T11:22:58+00:00
selfie	accept		fot	memfoto	human	postpone gap: selfie	2026-07-05T11:22:58+00:00
slurp	accept		sorb	laŭtsorbi	human	postpone gap: slurp	2026-07-05T11:22:58+00:00
smooshy	accept		mol	premmola	human	postpone gap: squishy variant	2026-07-05T11:22:58+00:00
smoothness	accept		glat	glateco	human	postpone gap: smoothness	2026-07-05T11:22:58+00:00
smug	accept		kontent	memkontenta	human	postpone gap: smug	2026-07-05T11:22:58+00:00
suave	accept		ĝentil	elegantĝentila	human	postpone gap: suave	2026-07-05T11:22:58+00:00
sunbathe	accept		sun	sunumi	human	postpone gap: sunbathe	2026-07-05T11:22:58+00:00
topping	accept		garn	garnaĵo	human	postpone gap: topping	2026-07-05T11:22:58+00:00
trek	accept		marŝ	longmarŝo	human	postpone gap: trek	2026-07-05T11:22:59+00:00
triumphant	accept		triumf	triumfa	human	postpone gap: triumphant	2026-07-05T11:22:59+00:00
tutu	accept		jup	baletjupo	human	postpone gap: tutu	2026-07-05T11:22:59+00:00
unstuck	accept		fiks	malfiksita	human	postpone gap: unstuck	2026-07-05T11:22:59+00:00
upside	accept		flank	supraflanko	human	postpone gap: upside	2026-07-05T11:22:59+00:00
tippy	accept		stabil	malstabila	human	postpone gap: tippy	2026-07-05T11:22:59+00:00
cleansing	accept		pur	puriga	human	postpone gap: cleansing	2026-07-05T11:22:59+00:00
sunburnt	accept		brul	sunbruligita	human	postpone gap: sunburnt	2026-07-05T11:22:59+00:00
pointy	accept		pint	pinta	human	postpone gap: pointy	2026-07-05T11:22:59+00:00
tickly	accept		tikl	tiklema	human	postpone gap: tickly	2026-07-05T11:22:59+00:00
yummy	accept		gust	bongusta	human	postpone gap: yummy	2026-07-05T11:23:00+00:00
beady	accept		bid	bidsimila	human	postpone gap: beady	2026-07-05T11:23:00+00:00
glittery	accept		bril	brileta	human	postpone gap: glittery	2026-07-05T11:23:00+00:00
oily	accept		ole	olea	human	postpone gap: oily	2026-07-05T11:23:00+00:00
sugary	accept		suker	sukera	human	postpone gap: sugary	2026-07-05T11:23:00+00:00
twinkly	accept		bril	brileta	human	postpone gap: twinkly	2026-07-05T11:23:00+00:00
bendy	accept		fleks	fleksebla	human	postpone gap: bendy	2026-07-05T11:23:00+00:00
catchy	accept		memor	memorinda	human	postpone gap: catchy	2026-07-05T11:23:00+00:00
charmy	accept		ĉarm	ĉarma	human	postpone gap: charming	2026-07-05T11:23:00+00:00
chatty	accept		babil	babilema	human	postpone gap: chatty	2026-07-05T11:23:01+00:00
cheery	accept		gaj	gajeta	human	postpone gap: cheery	2026-07-05T11:23:01+00:00
chocolaty	accept		ĉokolad	ĉokolada	human	postpone gap: chocolaty	2026-07-05T11:23:01+00:00
choppy	accept		ond	onda	human	postpone gap: choppy	2026-07-05T11:23:01+00:00
crawly	accept		ramp	rampa	human	postpone gap: creepy-crawly	2026-07-05T11:23:01+00:00
frilly	accept		volan	volana	human	postpone gap: frilly	2026-07-05T11:23:01+00:00
jiggly	accept		trem	tremeta	human	postpone gap: jiggly	2026-07-05T11:23:01+00:00
spikey	accept		pik	pika	human	postpone gap: spiky	2026-07-05T11:23:01+00:00
steamy	accept		vapor	vaporplena	human	postpone gap: steamy	2026-07-05T11:23:01+00:00
stretchy	accept		elast	elastika	human	postpone gap: stretchy	2026-07-05T11:23:01+00:00
teary	accept		larm	larmoplena	human	postpone gap: teary	2026-07-05T11:23:01+00:00
twirly	accept		turn	turniĝema	human	postpone gap: twirly	2026-07-05T11:23:02+00:00
waggly	accept		sving	svingiĝema	human	postpone gap: waggly	2026-07-05T11:23:02+00:00
waggy	accept		sving	svingema	human	postpone gap: waggy	2026-07-05T11:23:02+00:00
gladly	accept		ĝoj	ĝoje	human	postpone gap: gladly	2026-07-05T11:23:02+00:00
hungrily	accept		malsat	malsate	human	postpone gap: hungrily	2026-07-05T11:23:02+00:00
shyly	accept		hont	hontete	human	postpone gap: shyly	2026-07-05T11:23:02+00:00
sweetly	accept		dolĉ	dolĉe	human	postpone gap: sweetly	2026-07-05T11:23:02+00:00
soundly	accept		fund	profunde	human	postpone gap: soundly	2026-07-05T11:23:02+00:00
surprisingly	accept		surpriz	surprize	human	postpone gap: surprisingly	2026-07-05T11:23:03+00:00
busily	accept		okup	okupite	human	postpone gap: busily	2026-07-05T11:23:03+00:00
cleanly	accept		pur	pure	human	postpone gap: cleanly	2026-07-05T11:23:03+00:00
contentedly	accept		kontent	kontente	human	postpone gap: contentedly	2026-07-05T11:23:03+00:00
crossly	accept		koler	kolere	human	postpone gap: crossly	2026-07-05T11:23:03+00:00
dearly	accept		kar	kare	human	postpone gap: dearly	2026-07-05T11:23:03+00:00
encouragingly	accept		kuraĝ	kuraĝige	human	postpone gap: encouragingly	2026-07-05T11:23:03+00:00
inevitably	accept		evit	neeviteble	human	postpone gap: inevitably	2026-07-05T11:23:03+00:00
pleadingly	accept		pet	petege	human	postpone gap: pleadingly	2026-07-05T11:23:03+00:00
precariously	accept		firm	malfirme	human	postpone gap: precariously	2026-07-05T11:23:03+00:00
refreshingly	accept		freŝ	refreŝige	human	postpone gap: refreshingly	2026-07-05T11:23:04+00:00
sheepishly	accept		embaras	embarasite	human	postpone gap: sheepishly	2026-07-05T11:23:04+00:00
skillfully	accept		lert	lerte	human	postpone gap: skillfully	2026-07-05T11:23:04+00:00
steadily	accept		stabil	stabile	human	postpone gap: steadily	2026-07-05T11:23:04+00:00
thoughtfully	accept		pripens	pripenseme	human	postpone gap: thoughtfully	2026-07-05T11:23:04+00:00
truthfully	accept		ver	vereme	human	postpone gap: truthfully	2026-07-05T11:23:04+00:00
unbelievably	accept		kred	nekredeble	human	postpone gap: unbelievably	2026-07-05T11:23:04+00:00
unpleasantly	accept		agrabl	malagrable	human	postpone gap: unpleasantly	2026-07-05T11:23:04+00:00
vigorously	accept		vigl	vigle	human	postpone gap: vigorously	2026-07-05T11:23:04+00:00
securely	accept		sekur	sekure	human	postpone gap: securely	2026-07-05T11:23:04+00:00
awhile	accept		temp	momenton	human	postpone gap: for a while	2026-07-05T11:23:04+00:00
atop	accept		supr	supre	human	postpone gap: atop	2026-07-05T11:23:05+00:00
sideways	accept		flank	flanken	human	postpone gap: sideways	2026-07-05T11:23:05+00:00
forwards	accept		antaŭ	antaŭen	human	postpone gap: forwards	2026-07-05T11:23:05+00:00
knights	accept		kavalir	kavaliro	human	postpone gap: knight	2026-07-05T11:23:05+00:00
operas	accept		oper	opero	human	postpone gap: opera	2026-07-05T11:23:05+00:00
shovels	accept		ŝovel	ŝovelo	human	postpone gap: shovel	2026-07-05T11:23:05+00:00
tokens	accept		ĵeton	ĵetono	human	postpone gap: token	2026-07-05T11:23:05+00:00
tiptoes	accept		pint	piedpinte	human	postpone gap: on tiptoe	2026-07-05T11:23:05+00:00
webs	accept		arane	araneaĵo	human	postpone gap: (spider) web	2026-07-05T11:23:05+00:00
alleyways	accept		strat	strateto	human	postpone gap: alleyway	2026-07-05T11:23:05+00:00
beachs	accept		strand	strando	human	postpone gap: beach	2026-07-05T11:23:05+00:00
dining	accept		manĝ	manĝado	human	postpone gap: dining	2026-07-05T11:23:06+00:00
dipping	accept		tremp	trempi	human	postpone gap: dipping	2026-07-05T11:23:06+00:00
whirling	accept		kirl	kirliĝi	human	postpone gap: whirling	2026-07-05T11:23:06+00:00
awely	reject				human	sweep: typo/fragment or inflected duplicate	2026-07-05T11:23:06+00:00
helpamy	reject				human	sweep: typo/fragment or inflected duplicate	2026-07-05T11:23:06+00:00
hedgewit	reject				human	sweep: typo/fragment or inflected duplicate	2026-07-05T11:23:06+00:00
playthe	reject				human	sweep: typo/fragment or inflected duplicate	2026-07-05T11:23:06+00:00
runnne	reject				human	sweep: typo/fragment or inflected duplicate	2026-07-05T11:23:06+00:00
eventhough	reject				human	sweep: typo/fragment or inflected duplicate	2026-07-05T11:23:06+00:00
de	reject				human	sweep: typo/fragment or inflected duplicate	2026-07-05T11:23:07+00:00
undye	reject				human	sweep: typo/fragment or inflected duplicate	2026-07-05T11:23:07+00:00
outsite	reject				human	sweep: typo/fragment or inflected duplicate	2026-07-05T11:23:07+00:00
repeatly	reject				human	sweep: typo/fragment or inflected duplicate	2026-07-05T11:23:07+00:00
toed	reject				human	sweep: typo/fragment or inflected duplicate	2026-07-05T11:23:07+00:00
flips	reject				human	sweep: typo/fragment or inflected duplicate	2026-07-05T11:23:07+00:00
sobs	reject				human	sweep: typo/fragment or inflected duplicate	2026-07-05T11:23:07+00:00
twirls	reject				human	sweep: typo/fragment or inflected duplicate	2026-07-05T11:23:07+00:00
swirls	reject				human	sweep: typo/fragment or inflected duplicate	2026-07-05T11:23:07+00:00
unicorns	reject				human	sweep: typo/fragment or inflected duplicate	2026-07-05T11:23:07+00:00
unhooked	reject				human	sweep: typo/fragment or inflected duplicate	2026-07-05T11:23:08+00:00
carefree	accept		zorg	senzorga	human	postpone gap: carefree	2026-07-05T11:23:30+00:00
carton	accept		karton	kartono	human	postpone gap: carton	2026-07-05T11:23:30+00:00
hilarious	accept		rid	ridiga	human	postpone gap: hilarious	2026-07-05T11:23:30+00:00
icky	accept		naŭz	naŭza	human	postpone gap: icky	2026-07-05T11:23:30+00:00
mat	accept		mat	mato	human	postpone gap: mat/small rug	2026-07-05T11:23:30+00:00
reassurance	accept		trankvil	trankviligo	human	postpone gap: reassurance	2026-07-05T11:23:30+00:00
sloppy	accept		zorg	malzorga	human	postpone gap: sloppy	2026-07-05T11:23:30+00:00
sneakily	accept		kaŝ	kaŝeme	human	postpone gap: sneakily	2026-07-05T11:23:30+00:00
squirm	accept		tord	tordiĝi	human	postpone gap: squirm	2026-07-05T11:23:30+00:00
tingly	accept		pik	pikpika	human	postpone gap: tingly	2026-07-05T11:23:30+00:00
