sublist	family_head	action	eo_root	eo_word	eo_gloss	flag	head_pos	head_in_lexicon	n_forms	n_new	n_present	forms_new	forms_present	component_roots	alt_candidates	proposed_tier	cefr	decision	notes
1	analyse	LINK	analiz	analizi	to analyze, assay, construe, parse	ok	VERB	no	12	10	2	analyse:VERB;analysed:VERB;analyser:NOUN;analysing:VERB;analyst:NOUN;analytic:ADJ;analytical:ADJ;analytically:ADV;analyzed:VERB;analyzing:VERB	analysis(2);analyze(2)		dismembrigi	3	C1		anchored via US spelling (analyse→analyze)
1	approach	LINK	alir	aliri	to advance, approach, come on, access (database, disk)	ok	NOUN	2	6	5	1	approachable:ADJ;approached:VERB;approaches:NOUN;approaching:VERB;unapproachable:ADJ	approach(2)		alflugi, alirejo, aliro, alpaŝi, alpaŝo	3	C1		head already in lexicon (tier 2); multiple EO senses — verify anchor
1	area	LINK	are	areo	area, selection, region	ok	NOUN	1	2	1	1	areas:NOUN	area(1)		areaĵo, arealo, zono	3	C1		head already in lexicon (tier 1); multiple EO senses — verify anchor
1	assess	LINK	taks	taksi	to appraise, estimate, rate, assess, tax, value, evaluate	ok	VERB	2	12	10	2	assessable:ADJ;assessed:VERB;assesses:VERB;assessing:VERB;assessments:NOUN;reassess:NOUN;reassessed:VERB;reassessing:VERB;reassessment:NOUN;unassessed:ADJ	assess(2);assessment(2)		ekspertizi, imposti	3	C1		head already in lexicon (tier 2)
1	assume	LINK	supoz	supozi	to assume, guess, presume, suppose, surmise	ok	VERB	2	6	5	1	assumed:VERB;assumes:VERB;assuming:VERB;assumption:NOUN;assumptions:NOUN	assume(2)		alpreni, premisi	3	C1		head already in lexicon (tier 2)
1	authority	LINK	rajt	rajto	entitlement, right, authority	ok	NOUN	2	3	2	1	authoritative:ADJ;authorities:NOUN	authority(2)		aŭtoritateco, aŭtoritato, estraro, estreco, instanco	3	C1		head already in lexicon (tier 2); multiple EO senses — verify anchor
1	available	LINK	havebl	havebla	available	ok	ADJ	2	3	2	1	availability:NOUN;unavailable:ADJ	available(2)		disponata, disponebla, havigebla, ricevebla	3	C1		head already in lexicon (tier 2); multiple EO senses — verify anchor
1	benefit	LINK	gajn	gajno	benefit, gain, profit, boon	ok	NOUN	2	7	5	2	beneficiaries:NOUN;beneficiary:NOUN;benefited:VERB;benefiting:VERB;benefits:NOUN	benefit(2);beneficial(2)		avantaĝo, bonfari, helpmono, profitigi, profito	3	C1		head already in lexicon (tier 2); multiple EO senses — verify anchor
1	concept	LINK	noci	nocio	notion, concept	ok	NOUN	2	10	9	1	conception:NOUN;concepts:NOUN;conceptual:ADJ;conceptualisation:NOUN;conceptualise:VERB;conceptualised:VERB;conceptualises:NOUN;conceptualising:VERB;conceptually:ADV	concept(2)		koncepto	3	C1		head already in lexicon (tier 2)
1	consist	LINK	konsist	konsisti	to consist	ok	NOUN	2	10	8	2	consisted:VERB;consistency:NOUN;consistently:ADV;consisting:VERB;consists:VERB;inconsistencies:NOUN;inconsistency:NOUN;inconsistent:NOUN	consist(2);consistent(2)			3	C1		head already in lexicon (tier 2)
1	constitute	NEW	konstitu	konstitui	to account for, constitute, make up	ok	VERB	no	14	14	0	constitute:VERB;constituencies:NOUN;constituency:NOUN;constituent:NOUN;constituents:NOUN;constituted:VERB;constitutes:VERB;constituting:VERB;constitution:NOUN;constitutional:ADJ;constitutionally:ADV;constitutions:NOUN;constitutive:ADJ;unconstitutional:ADJ			konsistigi	3	C1		
1	context	LINK	kadraĵ	kadraĵo	box, cadre, context, frame, framework, level, official, parameters	ok	NOUN	2	11	10	1	contexts:VERB;contextual:ADJ;contextualise:VERB;contextualised:VERB;contextualising:NOUN;contextualize:VERB;contextualized:VERB;contextualizing:NOUN;uncontextualised:ADJ;uncontextualized:ADJ	context(2)		ĉirkaŭteksto, konteksto, kunteksto, situacio	3	C1		head already in lexicon (tier 2); multiple EO senses — verify anchor
1	contract	LINK	kontrakt	kontrakto	agreement, compact, contract, treaty, deal, pact, covenant, pact	ok	NOUN	2	6	5	1	contracted:VERB;contracting:NOUN;contractor:NOUN;contractors:NOUN;contracts:NOUN	contract(2)		konstruigi, kuntiriĝi, malakordi, malvastiĝi	3	C1		head already in lexicon (tier 2); multiple EO senses — verify anchor
1	create	LINK	kre	krei	to compose, create, produce, make	ok	VERB	1	15	11	4	created:VERB;creates:VERB;creating:VERB;creations:NOUN;creatively:ADV;creator:NOUN;creators:NOUN;recreate:NOUN;recreated:VERB;recreates:NOUN;recreating:VERB	create(1);creation(2);creative(2);creativity(2)		estigi, farigi, verki	3	C1		head already in lexicon (tier 1); multiple EO senses — verify anchor
1	data	LINK	data	datao	data	ok	NOUN	2	1	0	1		data(2)		dataoj, dateno, datenoj, datuma, datumo	3	C1		head already in lexicon (tier 2); multiple EO senses — verify anchor; single-form family (head only)
1	define	LINK	difin	difini	to allot, define, determine	ok	VERB	2	12	10	2	definable:ADJ;defined:VERB;defines:NOUN;defining:VERB;definitions:NOUN;redefine:VERB;redefined:VERB;redefines:NOUN;redefining:VERB;undefined:ADJ	define(2);definition(2)		precizigi	3	C1		head already in lexicon (tier 2)
1	derive	NEW	deriv	derivi	to derive, differentiate	ok	VERB	no	8	8	0	derive:VERB;derivation:NOUN;derivations:NOUN;derivative:ADJ;derivatives:NOUN;derived:VERB;derives:VERB;deriving:VERB			deveni, devenigi	3	C1		
1	distribute	LINK	disdon	disdoni	to deal out, distribute, dispense, give out, share, dispatch	ok	VERB	2	14	12	2	distributed:VERB;distributing:VERB;distributional:ADJ;distributions:NOUN;distributive:ADJ;distributor:NOUN;distributors:NOUN;redistribute:VERB;redistributed:VERB;redistributes:VERB;redistributing:NOUN;redistribution:NOUN	distribute(2);distribution(2)		disporti, dissendi, disŝuti, distribui	3	C1		head already in lexicon (tier 2); multiple EO senses — verify anchor
1	economy	LINK	ŝpar	ŝparo	economy, saving	ok	NOUN	2	9	7	2	economical:ADJ;economically:ADV;economics:NOUN;economies:NOUN;economist:NOUN;economists:NOUN;uneconomical:ADJ	economy(2);economic(2)		ekonomio, ŝparado, ŝparemo	3	C1		head already in lexicon (tier 2); multiple EO senses — verify anchor
1	environment	LINK	etos	etoso	atmosphere, environment, ethos, mood, look-and-feel, skin, theme	ok	NOUN	2	6	4	2	environmentalist:NOUN;environmentalists:NOUN;environmentally:ADV;environments:NOUN	environment(2);environmental(2)		biomedio, ĉirkaŭaĵo, ĉirkaŭaĵoj, ĉirkaŭejo, medio	3	C1		head already in lexicon (tier 2); multiple EO senses — verify anchor
1	establish	LINK	fond	fondi	to erect, establish, form, found, institute	ok	VERB	2	11	9	2	disestablish:NOUN;disestablished:VERB;disestablishes:NOUN;disestablishing:VERB;disestablishment:NOUN;established:VERB;establishes:NOUN;establishing:VERB;establishments:NOUN	establish(2);establishment(3)		establi, fundamenti, konstati, konstrui	3	C1		head already in lexicon (tier 2); multiple EO senses — verify anchor
1	estimate	LINK	taks	taksi	to appraise, estimate, rate, assess, tax, value, evaluate	ok	NOUN	2	15	14	1	estimated:VERB;estimates:VERB;estimating:VERB;estimation:NOUN;estimations:NOUN;over-estimate:ADP;overestimate:NOUN;overestimated:VERB;overestimates:NOUN;overestimating:VERB;underestimate:ADJ;underestimated:VERB;underestimates:VERB;underestimating:VERB	estimate(2)		antaŭkalkuli, diveno, prezkonjekto, pritaksi, taksado	3	C1		head already in lexicon (tier 2); multiple EO senses — verify anchor
1	evident	LINK	evident	evidenta	evident, obvious, manifest, unmistakable, clear	ok	ADJ	no	5	4	1	evident:ADJ;evidenced:VERB;evidential:ADJ;evidently:ADV	evidence(2)			3	C1		
1	export	LINK	elport	elporti	to bear, carry out, endure, put up with, suffer; to export	ok	NOUN	2	6	5	1	exported:VERB;exporter:NOUN;exporters:NOUN;exporting:VERB;exports:NOUN	export(2)		eksportaĵo, eksporti, eksporto, elporto	3	C1		head already in lexicon (tier 2); multiple EO senses — verify anchor
1	factor	LINK	faktor	faktoro	agent, factor, steward	ok	NOUN	2	4	3	1	factored:VERB;factoring:VERB;factors:NOUN	factor(2)			3	C1		head already in lexicon (tier 2)
1	finance	LINK	financ	financi	to finance	ok	NOUN	2	8	6	2	financed:VERB;finances:NOUN;financially:ADV;financier:NOUN;financiers:NOUN;financing:NOUN	finance(2);financial(2)		financado, financo	3	C1		head already in lexicon (tier 2)
1	formula	NEW	formul	formula	formula	ok	NOUN	no	13	13	0	formula:NOUN;formulae:ADJ;formulas:NOUN;formulate:VERB;formulated:VERB;formulating:VERB;formulation:NOUN;formulations:NOUN;reformulate:VERB;reformulated:VERB;reformulating:VERB;reformulation:NOUN;reformulations:NOUN			formulo, recepto	3	C1		
1	function	LINK	ofic	ofico	capacity, function, job, office, position, post, employment	ok	NOUN	2	6	5	1	functional:ADJ;functionally:ADV;functioned:VERB;functioning:VERB;functions:NOUN	function(2)		funkcii, funkcio	3	C1		head already in lexicon (tier 2)
1	identify	LINK	identig	identigi	to identify	ok	VERB	2	9	7	2	identifiable:ADJ;identification:NOUN;identified:VERB;identifies:NOUN;identifying:VERB;identities:NOUN;unidentifiable:ADJ	identify(2);identity(2)			3	C1		head already in lexicon (tier 2)
1	income	LINK	rent	rento	annuity, dividend, income, return, revenue	ok	NOUN	2	2	1	1	incomes:NOUN	income(2)		enspezo, enspezoj	3	C1		head already in lexicon (tier 2)
1	indicate	LINK	sign	signi	to indicate, point out, show	ok	VERB	2	9	8	1	indicated:VERB;indicates:VERB;indicating:VERB;indication:NOUN;indications:NOUN;indicative:ADJ;indicator:NOUN;indicators:NOUN	indicate(2)		indiki, montri	3	C1		head already in lexicon (tier 2)
1	individual	LINK	po	poa	individual	ok	NOUN	2	9	8	1	individualised:ADJ;individualism:NOUN;individualist:NOUN;individualistic:ADJ;individualists:NOUN;individuality:NOUN;individually:ADV;individuals:NOUN	individual(2)		individua, individuo, unuopa, unuopula, unuopulo	3	C1		head already in lexicon (tier 2); multiple EO senses — verify anchor
1	interpret	LINK	traduk	traduki	to interpret, translate, compile	ok	VERB	2	20	18	2	interpretations:NOUN;interpretative:ADJ;interpreted:VERB;interpreting:VERB;interpretive:ADJ;interprets:VERB;misinterpret:NOUN;misinterpretation:NOUN;misinterpretations:NOUN;misinterpreted:VERB;misinterpreting:VERB;misinterprets:NOUN;reinterpret:NOUN;reinterpretation:NOUN;reinterpretations:NOUN;reinterpreted:VERB;reinterpreting:VERB;reinterprets:NOUN	interpret(2);interpretation(3)		interpreti	3	C1		head already in lexicon (tier 2)
1	involve	LINK	engaĝ	engaĝi	to engage, involve	ok	VERB	2	6	4	2	involvement:NOUN;involves:VERB;involving:VERB;uninvolved:ADJ	involve(2);involved(2)		koncerni, kuntreniĝi	3	C1		head already in lexicon (tier 2)
1	issue	LINK	idar	idaro	descendants, issue, offspring, posterity, progeny, young	ok	NOUN	2	4	3	1	issued:VERB;issues:NOUN;issuing:VERB	issue(2)		atendindaĵo, atentindaĵo, eldoni, eldono, elflui	3	C1		head already in lexicon (tier 2); multiple EO senses — verify anchor
1	labour	NEW	akuŝ	akuŝi	to (be in) labor, be in the process of giving birth	ok	NOUN	no	7	6	1	labour:NOUN;labored:VERB;labors:NOUN;laboured:VERB;labouring:VERB;labours:VERB	labor(2)		akuŝiĝa, akuŝiĝo, akuŝpeno, dungiĝa, laborego	3	C1		anchored via US spelling (labour→labor); multiple EO senses — verify anchor
1	legal	LINK	jur	jura	legal	ok	ADJ	2	6	4	2	illegality:NOUN;illegally:ADV;legality:NOUN;legally:ADV	legal(2);illegal(2)		laŭleĝa, legitima, leĝa	3	C1		head already in lexicon (tier 2); multiple EO senses — verify anchor
1	legislate	NEW	leĝdon	leĝdoni	to legislate	compound	NOUN	no	9	7	2	legislate:NOUN;legislated:VERB;legislates:VERB;legislating:VERB;legislator:NOUN;legislators:NOUN;legislature:NOUN	legislation(3);legislative(3)	leĝ+don		3	C1		
1	major	LINK	eg	ega	considerable, major, great, enormous, intense, extreme	ok	ADJ	2	3	1	2	majorities:NOUN	major(2);majority(2)		ĉefa, dura, majoro, maĵora	3	C1		head already in lexicon (tier 2); multiple EO senses — verify anchor
1	method	LINK	metod	metodo	method	ok	NOUN	2	6	5	1	methodical:ADJ;methodological:ADJ;methodologies:NOUN;methodology:NOUN;methods:NOUN	method(2)		procedo	3	C1		head already in lexicon (tier 2)
1	occur	LINK	agad	agadi	to act, occur, take place	ok	VERB	2	10	9	1	occurred:VERB;occurrence:NOUN;occurrences:NOUN;occurring:VERB;occurs:VERB;reoccur:VERB;reoccurred:NOUN;reoccurring:VERB;reoccurs:NOUN	occur(2)		okazi	3	C1		head already in lexicon (tier 2)
1	percent	LINK	elcent	elcento	percent, percentage	ok	NOUN	2	3	1	2	percentages:NOUN	percent(2);percentage(2)		procento	3	C1		head already in lexicon (tier 2)
1	period	LINK	epok	epoko	age, epoch, era, period	ok	NOUN	1	6	5	1	periodic:ADJ;periodical:ADJ;periodically:ADV;periodicals:NOUN;periods:NOUN	period(1)		epoĥo, etapo, monataĵo, mondaĝo, periodo	3	C1		head already in lexicon (tier 1); multiple EO senses — verify anchor
1	policy	LINK	polis	poliso	policy, insurance policy	ok	NOUN	2	2	1	1	policies:NOUN	policy(2)		kondutmaniero, politiko	3	C1		head already in lexicon (tier 2)
1	principle	LINK	leĝ	leĝo	law, principle	ok	NOUN	2	4	3	1	principled:VERB;principles:NOUN;unprincipled:ADJ	principle(2)		maksimo, principo	3	C1		head already in lexicon (tier 2)
1	proceed	NEW	proced	procedi	to act, proceed	ok	VERB	no	8	6	2	proceed:VERB;procedural:ADJ;procedures:NOUN;proceeded:VERB;proceeding:VERB;proceeds:NOUN	procedure(2);proceedings(3)		progresi	3	C1		
1	process	LINK	trakt	trakti	to deal with, handle, treat, process	ok	NOUN	2	4	3	1	processed:VERB;processes:VERB;processing:VERB	process(2)		apofizo, prilabori, prilaboro, procedo, proceza	3	C1		head already in lexicon (tier 2); multiple EO senses — verify anchor
1	require	LINK	bezon	bezoni	to need, require, want	ok	VERB	2	6	4	2	required:VERB;requirements:NOUN;requires:VERB;requiring:VERB	require(2);requirement(2)		postuli	3	C1		head already in lexicon (tier 2)
1	research	LINK	esplor	esplora	scientific, exploratory, research	ok	NOUN	2	6	4	2	researched:VERB;researchers:NOUN;researches:VERB;researching:VERB	research(2);researcher(2)		esplorado, esplori, esploro, funkciad-esplorado, funkciadesplorado	3	C1		head already in lexicon (tier 2); multiple EO senses — verify anchor
1	respond	LINK	reag	reagi	to react, respond	ok	VERB	2	11	9	2	responded:VERB;respondent:ADV;respondents:NOUN;responding:VERB;responds:VERB;responses:NOUN;responsive:ADJ;responsiveness:NOUN;unresponsive:ADJ	respond(2);response(2)		respondi	3	C1		head already in lexicon (tier 2)
1	role	LINK	rol	rolo	character, part, role, rôle (acting)	ok	NOUN	2	2	1	1	roles:NOUN	role(2)			3	C1		head already in lexicon (tier 2)
1	section	LINK	fak	fako	area of expertise, branch, compartment, department, section, specialty, subject, discipline	ok	NOUN	1	4	3	1	sectioned:VERB;sectioning:VERB;sections:NOUN	section(1)		longaĵo, paragrafo, parto, rubriko, sekcio	3	C1		head already in lexicon (tier 1); multiple EO senses — verify anchor
1	sector	LINK	sektor	sektoro	industry, sector	ok	NOUN	2	2	1	1	sectors:NOUN	sector(2)			3	C1		head already in lexicon (tier 2)
1	significant	LINK	signif	signifa	significant	ok	ADJ	2	9	7	2	insignificant:NOUN;insignificantly:ADV;significance:NOUN;signified:VERB;signifies:VERB;signify:VERB;signifying:VERB	significant(2);significantly(2)		malbagatela, multsignifa, signifoplena	3	C1		head already in lexicon (tier 2); multiple EO senses — verify anchor
1	similar	LINK	laŭ	laŭa	similar, like; transverse, cross-	ok	ADJ	1	5	2	3	dissimilar:ADJ;similarities:NOUN	similar(1);similarity(2);similarly(2)		samspeca, simila	3	C1		head already in lexicon (tier 1)
1	source	LINK	font	fonta	source	ok	NOUN	2	4	3	1	sourced:VERB;sources:NOUN;sourcing:VERB	source(2)		defonta, devenloko, deveno, fontaj, fontaĵo	3	C1		head already in lexicon (tier 2); multiple EO senses — verify anchor
1	specific	LINK	specif	specifa	specific	ok	ADJ	2	6	4	2	specification:NOUN;specifications:NOUN;specificity:NOUN;specifics:NOUN	specific(2);specifically(2)		specifika	3	C1		head already in lexicon (tier 2)
1	structure	LINK	struktur	strukturi	to structure, format (disk)	ok	NOUN	2	11	10	1	restructure:NOUN;restructured:VERB;restructures:NOUN;restructuring:VERB;structural:ADJ;structurally:ADV;structured:VERB;structures:NOUN;structuring:VERB;unstructured:ADJ	structure(2)		ĉarpentaĵo, konstruaĵo, strukturo, teksbazo	3	C1		head already in lexicon (tier 2); multiple EO senses — verify anchor
1	theory	LINK	teori	teorio	theory	ok	NOUN	2	6	5	1	theoretical:ADJ;theoretically:ADV;theories:NOUN;theorist:NOUN;theorists:NOUN	theory(2)			3	C1		head already in lexicon (tier 2)
1	vary	LINK	vari	varii	to vary	ok	VERB	2	15	14	1	invariable:ADJ;invariably:ADV;variability:NOUN;variable:ADJ;variables:NOUN;variably:ADV;variance:NOUN;variant:NOUN;variants:NOUN;variation:NOUN;variations:NOUN;varied:ADJ;varies:VERB;varying:VERB	vary(2)		diversi	3	C1		head already in lexicon (tier 2)
2	achieve	LINK	far	fari	to achieve, act, do, make, perform, build	ok	VERB	2	7	5	2	achievable:ADJ;achieved:VERB;achievements:NOUN;achieves:VERB;achieving:VERB	achieve(2);achievement(2)		akiri, atingi, efektivigi, elfari, plenumi	3	C1		head already in lexicon (tier 2); multiple EO senses — verify anchor
2	acquire	LINK	akir	akiri	to achieve, acquire, attain, get, obtain	ok	VERB	2	6	5	1	acquired:VERB;acquires:NOUN;acquiring:VERB;acquisition:NOUN;acquisitions:NOUN	acquire(2)		aĉetakiri, aĉeti, akiradi	3	C1		head already in lexicon (tier 2); multiple EO senses — verify anchor
2	administrate					no_match	NOUN	no	8	5	3	administrate:NOUN;administrates:NOUN;administrations:NOUN;administratively:ADV;administrators:NOUN	administration(2);administrative(3);administrator(3)			3	C1		
2	affect	LINK	emoci	emocii	to affect, move, stir	ok	VERB	2	7	6	1	affected:VERB;affecting:VERB;affective:NOUN;affectively:ADV;affects:VERB;unaffected:ADJ	affect(2)		afekcii, afekcio, emociiĝo, influi, kortuŝi	3	C1		head already in lexicon (tier 2); multiple EO senses — verify anchor
2	appropriate	LINK	buĝet	buĝeti	to appropriate	ok	ADJ	2	7	6	1	appropriacy:NOUN;appropriately:ADV;appropriateness:NOUN;inappropriacy:NOUN;inappropriate:ADJ;inappropriately:ADV	appropriate(2)		adekvata, konvena, monasigni, proprigi, trafeca	3	C1		head already in lexicon (tier 2); multiple EO senses — verify anchor
2	aspect	LINK	faz	fazo	phase, stage, aspect	ok	NOUN	2	2	1	1	aspects:NOUN	aspect(2)		aspektaĵo, aspekto, mieno, vidiĝo	3	C1		head already in lexicon (tier 2); multiple EO senses — verify anchor
2	assist	LINK	help	helpi	to accommodate, aid, assist, help	ok	NOUN	2	8	6	2	assistance:NOUN;assistants:NOUN;assisted:VERB;assisting:VERB;assists:NOUN;unassisted:ADJ	assist(2);assistant(2)		asisti	3	C1		head already in lexicon (tier 2)
2	category	LINK	kategori	kategorio	category	ok	NOUN	2	11	10	1	categories:NOUN;categorisation:NOUN;categorise:VERB;categorised:VERB;categorises:NOUN;categorising:VERB;categorization:NOUN;categorized:VERB;categorizes:VERB;categorizing:VERB	category(2)			3	C1		head already in lexicon (tier 2)
2	chapter	LINK	sekci	sekcio	branch, chapter, section	ok	NOUN	2	2	1	1	chapters:NOUN	chapter(2)		ĉapitro	3	C1		head already in lexicon (tier 2)
2	commission	LINK	komisi	komisii	to appoint, assign, authorize, charge, entrust, instruct, commission	ok	NOUN	2	6	5	1	commissioned:VERB;commissioner:NOUN;commissioners:NOUN;commissioning:VERB;commissions:NOUN	commission(2)		enoficigi, komisiitaro, komisio, komisiono, makleraĵo	3	C1		head already in lexicon (tier 2); multiple EO senses — verify anchor
2	community	LINK	komunaĵ	komunaĵo	common property, community, intersection (of sets), pool	ok	NOUN	2	2	1	1	communities:NOUN	community(2)		komuneco, komunuma, komunumaro, komunumo	3	C1		head already in lexicon (tier 2); multiple EO senses — verify anchor
2	complex	LINK	artifik	artifika	contrived, sophisticated, complex, tricky	ok	NOUN	2	3	2	1	complexities:NOUN;complexity:NOUN	complex(2)		kompleksa, komplekso, komplika, konstruaĵaro, malsimpla	3	C1		head already in lexicon (tier 2); multiple EO senses — verify anchor
2	compute	LINK	kalkul	kalkuli	to calculate, count, figure, work out, compute, reckon, enumerate	ok	NOUN	no	10	9	1	compute:NOUN;computable:ADJ;computation:NOUN;computational:ADJ;computations:NOUN;computed:VERB;computerised:VERB;computers:NOUN;computing:NOUN	computer(1)		komputi	3	C1		
2	conclude	LINK	fin	fini	to end, finish, terminate, close, conclude	ok	VERB	2	10	8	2	concluded:VERB;concludes:VERB;concluding:VERB;conclusions:NOUN;conclusive:ADJ;conclusively:ADV;inconclusive:ADJ;inconclusively:ADV	conclude(2);conclusion(2)		finaranĝi, findecidi, konkludi	3	C1		head already in lexicon (tier 2); multiple EO senses — verify anchor
2	conduct	LINK	gvid	gvidi	to conduct, direct, drive, guide, lead, show the way	ok	NOUN	2	4	3	1	conducted:VERB;conducting:VERB;conducts:NOUN	conduct(2)		direkti, konduki, konduko, kondukti, konduti	3	C1		head already in lexicon (tier 2); multiple EO senses — verify anchor
2	consequent	NEW	postsekv	postsekva	consequent	ok	NOUN	no	4	3	1	consequent:NOUN;consequences:NOUN;consequently:ADV	consequence(2)		konsekvenca, konsekvenco	3	C1		
2	construct	LINK	konstru	konstrui	to build, construct, craft, erect, establish	ok	VERB	2	12	10	2	constructed:VERB;constructing:VERB;constructions:NOUN;constructive:ADJ;constructs:VERB;reconstruct:VERB;reconstructed:VERB;reconstructing:VERB;reconstruction:NOUN;reconstructs:NOUN	construct(2);construction(2)		ĉarpenti, kunmetaĵo	3	C1		head already in lexicon (tier 2)
2	consume	LINK	elĉerp	elĉerpi	to ladle out, scoop out, exhaust, use up, consume	ok	VERB	2	7	5	2	consumed:VERB;consumers:NOUN;consumes:VERB;consuming:VERB;consumption:NOUN	consume(2);consumer(2)		forĉerpi, konsumi	3	C1		head already in lexicon (tier 2)
2	credit	LINK	agnosk	agnosko	acknowledgment, credit	ok	NOUN	2	6	5	1	credited:VERB;crediting:VERB;creditor:NOUN;creditors:NOUN;credits:NOUN	credit(2)		bonhavo, kredito, profita	3	C1		head already in lexicon (tier 2); multiple EO senses — verify anchor
2	culture	LINK	kultur	kulturo	culture	ok	NOUN	1	6	4	2	culturally:ADV;cultured:ADJ;cultures:NOUN;uncultured:ADJ	culture(1);cultural(2)			3	C1		head already in lexicon (tier 1)
2	design	LINK	plan	plano	design, diagram, plan, blueprint	ok	NOUN	1	6	4	2	designed:VERB;designers:NOUN;designing:VERB;designs:NOUN	design(1);designer(2)		aspektigi, desegnado, desegnaĵo, desegnarto, desegni	3	C1		head already in lexicon (tier 1); multiple EO senses — verify anchor
2	distinct	LINK	net	neta	cleanly cut, neat, precise, net (weight, etc.), distinct	ok	VERB	no	8	8	0	distinct:VERB;distinction:NOUN;distinctions:NOUN;distinctive:ADJ;distinctively:ADV;distinctly:ADV;indistinct:NOUN;indistinctly:ADV			aparta, klara, malsama, perceptebla	3	C1		multiple EO senses — verify anchor
2	element	LINK	er	ero	element, fragment, item, entry, particle, item, unit, piece, grain, component, segment; era	ok	NOUN	2	2	1	1	elements:NOUN	element(2)		elementaĵo, elemento, fundamento, ingredienco, konsistigaĵo	3	C1		head already in lexicon (tier 2); multiple EO senses — verify anchor
2	equate	NEW	egalig	egaligi	to equalize, even, level, match, equate	ok	NOUN	no	6	6	0	equate:NOUN;equated:VERB;equates:NOUN;equating:VERB;equation:NOUN;equations:NOUN				3	C1		
2	evaluate	LINK	taks	taksi	to appraise, estimate, rate, assess, tax, value, evaluate	ok	VERB	2	12	11	1	evaluated:VERB;evaluates:NOUN;evaluating:VERB;evaluation:NOUN;evaluations:NOUN;evaluative:ADJ;re-evaluate:VERB;re-evaluated:VERB;re-evaluates:NOUN;re-evaluating:VERB;re-evaluation:NOUN	evaluate(2)			3	C1		head already in lexicon (tier 2)
2	feature	LINK	ebl	eblo	possibility, feature, ability	ok	NOUN	2	4	3	1	featured:VERB;features:VERB;featuring:VERB	feature(2)		ĉefroli, distingilo, ebleco, esprimilo, konstantaĵo	3	C1		head already in lexicon (tier 2); multiple EO senses — verify anchor
2	final	LINK	fin	fina	final	ok	ADJ	1/2	12	10	2	finalise:VERB;finalised:VERB;finalises:NOUN;finalising:VERB;finality:NOUN;finalize:VERB;finalized:VERB;finalizes:VERB;finalizing:VERB;finals:NOUN	final(1/2);finally(2)		difinitiva	3	C1		head already in lexicon (tier 1/2)
2	focus	LINK	fokus	fokusi	to focus	ok	VERB	2	13	12	1	focused:VERB;focuses:VERB;focusing:VERB;focussed:VERB;focussing:VERB;refocus:NOUN;refocused:VERB;refocuses:NOUN;refocusing:VERB;refocussed:VERB;refocusses:VERB;refocussing:VERB	focus(2)		enfokusigi, enfokusigo, fokusigo, fokuso	3	C1		head already in lexicon (tier 2); multiple EO senses — verify anchor
2	impact	LINK	kunfrap	kunfrapo	impact	ok	NOUN	2	4	3	1	impacted:VERB;impacting:VERB;impacts:NOUN	impact(2)			3	C1		head already in lexicon (tier 2)
2	injure	LINK	lez	lezi	to harm, hurt, injure	ok	NOUN	2	7	4	3	injures:NOUN;injuries:NOUN;injuring:VERB;uninjured:ADJ	injure(2);injured(2);injury(2)		damaĝi, difekti, vundi	3	C1		head already in lexicon (tier 2); multiple EO senses — verify anchor
2	institute	LINK	fond	fondi	to erect, establish, form, found, institute	ok	NOUN	2	15	13	2	instituted:VERB;institutes:VERB;instituting:VERB;institutional:ADJ;institutionalise:VERB;institutionalised:VERB;institutionalises:NOUN;institutionalising:VERB;institutionalized:VERB;institutionalizes:NOUN;institutionalizing:VERB;institutionally:ADV;institutions:NOUN	institute(2);institution(2)		instituto	3	C1		head already in lexicon (tier 2)
2	invest	LINK	plas	plasi	to invest	ok	VERB	2	13	11	2	invested:VERB;investing:VERB;investments:NOUN;investor:NOUN;investors:NOUN;invests:NOUN;reinvest:NOUN;reinvested:VERB;reinvesting:VERB;reinvestment:NOUN;reinvests:NOUN	invest(2);investment(2)		investi, investituri, procentdoni	3	C1		head already in lexicon (tier 2); multiple EO senses — verify anchor
2	item	LINK	an	ano	member, supporter, item, entry	ok	NOUN	2	7	6	1	itemisation:NOUN;itemise:VERB;itemised:VERB;itemises:NOUN;itemising:VERB;items:NOUN	item(2)		elemento, ero	3	C1		head already in lexicon (tier 2)
2	journal	LINK	revu	revuo	journal, magazine, periodical, review	ok	NOUN	2	2	1	1	journals:NOUN	journal(2)		ĵurnalo, taglibro	3	C1		head already in lexicon (tier 2)
2	maintain	LINK	pluig	pluigi	to continue, extend, go on, maintain, proceed with, sustain	ok	VERB	2	5	4	1	maintained:VERB;maintaining:VERB;maintains:VERB;maintenance:NOUN	maintain(2)		argumenti, bonteni, funkciteni, konservi, pretendi	3	C1		head already in lexicon (tier 2); multiple EO senses — verify anchor
2	normal	LINK	norm	norma	normal, standard	ok	ADJ	2	15	13	2	abnormal:ADJ;abnormally:ADV;normalisation:NOUN;normalise:VERB;normalised:VERB;normalises:NOUN;normalising:VERB;normality:NOUN;normalization:NOUN;normalize:VERB;normalized:VERB;normalizes:VERB;normalizing:VERB	normal(2);normally(2)		normala, ortanto	3	C1		head already in lexicon (tier 2)
2	obtain	LINK	akir	akiri	to achieve, acquire, attain, get, obtain	ok	VERB	2	6	5	1	obtainable:ADJ;obtained:VERB;obtaining:VERB;obtains:VERB;unobtainable:ADJ	obtain(2)		akiradi, atingi	3	C1		head already in lexicon (tier 2)
2	participate	LINK	partpren	partpreni	to participate	ok	VERB	2	8	6	2	participants:NOUN;participated:VERB;participates:VERB;participating:VERB;participation:NOUN;participatory:ADJ	participate(2);participant(2)		partopreni	3	C1		head already in lexicon (tier 2)
2	perceive	LINK	sens	sensi	to perceive, sense	ok	NOUN	no	6	6	0	perceive:NOUN;perceived:VERB;perceives:NOUN;perceiving:VERB;perception:NOUN;perceptions:NOUN			ekaŭdi, ekrimarki, ekvidi, percepti, senti	3	C1		multiple EO senses — verify anchor
2	positive	LINK	konkret	konkreta	concrete, not abstract, perceptible, real, positive	ok	ADJ	1/2	2	1	1	positively:ADV	positive(1/2)		difinitiva, pozitiva, pozitivo	3	C1		head already in lexicon (tier 1/2); multiple EO senses — verify anchor
2	potential	LINK	povig	poviga	potential	ok	NOUN	2	2	1	1	potentially:ADV	potential(2)		eventualeco, potencebla, potenciala, potencialhava, potencialo	3	C1		head already in lexicon (tier 2); multiple EO senses — verify anchor
2	previous	LINK	iam	iama	of a time, former, previous, one-time	ok	ADJ	2	2	0	2		previous(2);previously(2)		antaŭa, pasinta	3	C1		head already in lexicon (tier 2)
2	primary	LINK	unu	unua	first, foremost, premier, primary	ok	ADJ	2	2	0	2		primary(2);primarily(3)		ĉefa, elementa, primara, unuagrada, unuaranga	3	C1		head already in lexicon (tier 2); multiple EO senses — verify anchor
2	purchase	LINK	aĉet	aĉeti	to acquire, buy, purchase, take over	ok	NOUN	2	6	5	1	purchased:VERB;purchaser:NOUN;purchasers:NOUN;purchases:NOUN;purchasing:VERB	purchase(2)		aĉetado, aĉetaĵo, aĉetakiri, aĉeto, forkomerci	3	C1		head already in lexicon (tier 2); multiple EO senses — verify anchor
2	range	LINK	gam	gamo	gamut, key, (musical) scale, range	ok	NOUN	2	4	3	1	ranged:VERB;ranges:VERB;ranging:VERB	range(2)		amplekso, atingodistanco, atingopovo, intervalo, pafdistanco	3	C1		head already in lexicon (tier 2); multiple EO senses — verify anchor
2	region	LINK	are	areo	area, selection, region	ok	NOUN	2	4	2	2	regionally:ADV;regions:NOUN	region(2);regional(2)		regiono	3	C1		head already in lexicon (tier 2)
2	regulate	NEW	regulig	reguligi	to regulate, rule, put in order	ok	VERB	no	14	13	1	regulate:VERB;deregulated:VERB;deregulates:NOUN;deregulating:VERB;deregulation:NOUN;regulated:VERB;regulates:VERB;regulating:VERB;regulations:NOUN;regulator:NOUN;regulators:NOUN;regulatory:ADJ;unregulated:ADJ	regulation(2)		normaligi, reglamenti	3	C1		
2	relevant	LINK	traf	trafe	accurately, appropriately, graphically, relevant, on target, apt, to the point	ok	ADJ	2	4	3	1	irrelevance:NOUN;irrelevant:ADJ;relevance:NOUN	relevant(2)		antentinda, laŭtema, rilata	3	C1		head already in lexicon (tier 2); multiple EO senses — verify anchor
2	reside	LINK	loĝ	loĝi	to dwell, live, inhabit, reside	ok	VERB	no	8	7	1	reside:VERB;resided:VERB;residence:NOUN;residential:ADJ;residents:NOUN;resides:VERB;residing:VERB	resident(2)		restadi, rezidi	3	C1		
2	resource	LINK	risurc	risurco	resource	ok	NOUN	2	7	5	2	resourced:VERB;resources:NOUN;resourcing:VERB;under-resourced:ADV;unresourceful:ADJ	resource(2);resourceful(2)			3	C1		head already in lexicon (tier 2)
2	restrict	NEW	limig	limigi	to abridge, confine, limit, restrict, circumscribe, delimit	ok	VERB	no	10	10	0	restrict:VERB;restricted:VERB;restricting:VERB;restriction:NOUN;restrictions:NOUN;restrictive:ADJ;restrictively:ADV;restricts:VERB;unrestricted:ADJ;unrestrictive:ADJ			malgrandigi, malvastigi, restrikti	3	C1		multiple EO senses — verify anchor
2	secure	LINK	fiks	fiksi	to attach, determine, fasten, fix, affix, make fast, secure, freeze, latch	ok	NOUN	2	10	7	3	insecure:NOUN;insecurities:NOUN;insecurity:NOUN;secured:VERB;secures:VERB;securing:VERB;securities:NOUN	secure(2);securely(2);security(2)		ekgardi, firmigi, sekura, sekurigi, sendanĝera	3	C1		head already in lexicon (tier 2); multiple EO senses — verify anchor
2	seek	LINK	pet	peti	to ask (for), request, seek, bid, beg	ok	VERB	2	4	3	1	seeking:VERB;seeks:VERB;sought:VERB	seek(2)		enpoziciigo, kandidati, serĉi, serĉo, strebi	3	C1		head already in lexicon (tier 2); multiple EO senses — verify anchor
2	select	LINK	elekt	elekti	to choose, elect, pick (out), select	ok	ADJ	2	10	8	2	selected:VERB;selecting:VERB;selections:NOUN;selective:ADJ;selectively:ADV;selector:NOUN;selectors:NOUN;selects:NOUN	select(2);selection(2)		apartigi, selekti	3	C1		head already in lexicon (tier 2)
2	site	LINK	sid	sido	site, situation	ok	NOUN	2	2	1	1	sites:NOUN	site(2)		situacio, situo	3	C1		head already in lexicon (tier 2)
2	strategy	LINK	strategi	strategio	strategy	ok	NOUN	2	6	5	1	strategic:ADJ;strategically:ADV;strategies:NOUN;strategist:NOUN;strategists:NOUN	strategy(2)		militarto	3	C1		head already in lexicon (tier 2)
2	survey	LINK	elvid	elvidi	to survey	ok	NOUN	2	4	3	1	surveyed:VERB;surveying:VERB;surveys:NOUN	survey(2)		ekspertizi, ekzameni, enketi, enketo, esplori	3	C1		head already in lexicon (tier 2); multiple EO senses — verify anchor
2	text	LINK	tekst	teksta	text, textual	ok	NOUN	1/2	3	2	1	texts:NOUN;textual:ADJ	text(1/2)		tekstmesaĝi, teksto	3	C1		head already in lexicon (tier 1/2)
2	tradition	LINK	tradici	tradicio	tradition	ok	NOUN	2	6	4	2	non-traditional:ADJ;traditionalist:NOUN;traditionally:ADV;traditions:NOUN	tradition(2);traditional(2)			3	C1		head already in lexicon (tier 2)
2	transfer	LINK	ĝir	ĝiri	to endorse, transfer	ok	NOUN	2	6	5	1	transferable:ADJ;transference:NOUN;transferred:VERB;transferring:VERB;transfers:NOUN	transfer(2)		dekontigi, transdoni, transig, transigi, transigo	3	C1		head already in lexicon (tier 2); multiple EO senses — verify anchor
3	alternative	LINK	elektec	elekteco	alternative	ok	NOUN	2	3	2	1	alternatively:ADV;alternatives:NOUN	alternative(2)		alternativa, alternativo	3	C1		head already in lexicon (tier 2)
3	circumstance	LINK	cirkonstanc	cirkonstanco	circumstance	ok	NOUN	2	2	1	1	circumstances:NOUN	circumstance(2)			3	C1		head already in lexicon (tier 2)
3	comment	LINK	koment	komenta	comment	ok	NOUN	2	8	6	2	commentaries:NOUN;commentator:NOUN;commentators:NOUN;commented:VERB;commenting:VERB;comments:NOUN	comment(2);commentary(3)		komenti, komentlinio, komento	3	C1		head already in lexicon (tier 2); multiple EO senses — verify anchor
3	compensate	NEW	redon	redoni	to compensate, give back, return, render, restore, pay back, refund, repay, retaliate, return, reflect, reproduce	ok	VERB	no	7	7	0	compensate:VERB;compensated:VERB;compensates:VERB;compensating:VERB;compensation:NOUN;compensations:NOUN;compensatory:NOUN			kompensi, rekompenci, rekompensi	3	C1		multiple EO senses — verify anchor
3	component	LINK	er	ero	element, fragment, item, entry, particle, item, unit, piece, grain, component, segment; era	ok	NOUN	2	3	2	1	componentry:NOUN;components:NOUN	component(2)		ingredienco, komponanto, konsistigaĵo	3	C1		head already in lexicon (tier 2); multiple EO senses — verify anchor
3	consent	LINK	konsent	konsenti	to agree, consent, concur, admit, approve, be in accord (with), be in harmony with, comply with	ok	NOUN	no	5	5	0	consent:NOUN;consensus:NOUN;consented:VERB;consenting:VERB;consents:NOUN			konsento	3	C1		
3	considerable	NEW	eg	ega	considerable, major, great, enormous, intense, extreme	ok	ADJ	no	2	2	0	considerable:ADJ;considerably:ADV			grandega, konsiderinda	3	C1		
3	constant	LINK	daŭr	daŭra	abiding, lasting, enduring, continuous, permanent, constant, persistent	ok	ADJ	2	6	4	2	constancy:NOUN;constants:NOUN;inconstancy:NOUN;inconstantly:ADV	constant(2);constantly(2)		ĉiama, konst, konstanta, konstanto, neŝanĝiĝema	3	C1		head already in lexicon (tier 2); multiple EO senses — verify anchor
3	constrain					no_match	VERB	no	7	7	0	constrain:VERB;constrained:VERB;constraining:VERB;constrains:NOUN;constraint:NOUN;constraints:NOUN;unconstrained:ADJ				3	C1		
3	contribute	LINK	kotiz	kotizi	to contribute, subscribe	ok	VERB	2	8	6	2	contributed:VERB;contributes:VERB;contributing:VERB;contributions:NOUN;contributor:NOUN;contributors:NOUN	contribute(2);contribution(2)		kontribui	3	C1		head already in lexicon (tier 2)
3	convene	LINK	kongres	kongresi	to convene, hold or attend a congress	ok	NOUN	no	9	9	0	convene:NOUN;convened:VERB;convenes:NOUN;convening:VERB;convention:NOUN;conventional:ADJ;conventionally:ADV;conventions:NOUN;unconventional:ADJ				3	C1		
3	coordinate	NEW	kunordig	kunordigi	to coordinate, merge, track (torrent)	ok	VERB	no	14	14	0	coordinate:VERB;co-ordinate:VERB;co-ordinated:VERB;co-ordinates:NOUN;co-ordinating:VERB;co-ordination:NOUN;co-ordinator:NOUN;co-ordinators:NOUN;coordinated:VERB;coordinates:NOUN;coordinating:VERB;coordination:NOUN;coordinator:NOUN;coordinators:NOUN			koordinato	3	C1		
3	core	LINK	kern	kerno	core, kernel, nucleus, pit, stone	ok	NOUN	2	4	3	1	cored:VERB;cores:NOUN;coring:VERB	core(2)		internaĵo, reaktoro	3	C1		head already in lexicon (tier 2)
3	corporate	LINK	korporaci	korporacia	corporate	ok	ADJ	2	4	3	1	corporates:NOUN;corporation:NOUN;corporations:NOUN	corporate(2)			3	C1		head already in lexicon (tier 2)
3	correspond	LINK	kongru	kongrui	to agree, be compatible, coincide, fit together, match, correspond (to)	ok	VERB	no	6	5	1	correspond:VERB;corresponded:VERB;correspondence:NOUN;correspondingly:ADV;corresponds:VERB	corresponding(3)		korespondi, kunrespondi	3	C1		
3	criteria	LINK	kriteri	kriterioj	criteria	ok	NOUN	no	2	1	1	criteria:NOUN	criterion(2)			3	C1		
3	deduce	NEW	dedukt	dedukti	to deduce, gather	ok	NOUN	no	6	6	0	deduce:NOUN;deduced:VERB;deduces:NOUN;deducing:VERB;deduction:NOUN;deductions:NOUN			depreni, konkludi	3	C1		
3	demonstrate	LINK	pruv	pruvi	to demonstrate, prove, substantiate	ok	VERB	2	12	11	1	demonstrable:ADJ;demonstrably:ADV;demonstrated:VERB;demonstrates:VERB;demonstrating:VERB;demonstration:NOUN;demonstrations:NOUN;demonstrative:ADJ;demonstratively:ADV;demonstrator:NOUN;demonstrators:NOUN	demonstrate(2)		demonstracii, demonstri, eksponi, espozi, manifestacii	3	C1		head already in lexicon (tier 2); multiple EO senses — verify anchor
3	document	LINK	akt	akto	act, certificate, diploma, (legal) document, deed	ok	NOUN	2	5	3	2	documented:VERB;documenting:VERB;documents:NOUN	document(2);documentation(3)		datumaro, dokumenta, dokumenti, dokumento	3	C1		head already in lexicon (tier 2); multiple EO senses — verify anchor
3	dominate	LINK	domin	domini	to dominate	ok	VERB	2	7	6	1	dominance:NOUN;dominant:ADJ;dominated:VERB;dominates:NOUN;dominating:NOUN;domination:NOUN	dominate(2)		hegemonii, mastri	3	C1		head already in lexicon (tier 2)
3	emphasis	LINK	emfaz	emfazo	accent, emphasis	ok	NOUN	2	10	8	2	emphasise:VERB;emphasised:VERB;emphasising:VERB;emphasized:VERB;emphasizes:VERB;emphasizing:VERB;emphatic:ADJ;emphatically:ADV	emphasis(2);emphasize(2)		akcentego, akcento, patoso	3	C1		head already in lexicon (tier 2); multiple EO senses — verify anchor
3	ensure	LINK				no_match	NOUN	2	4	3	1	ensured:VERB;ensures:NOUN;ensuring:VERB	ensure(2)			3	C1		head already in lexicon (tier 2)
3	exclude	NEW	eksig	eksigi	to discharge, dismiss, fire, sack, exclude, recall, prevent	ok	VERB	no	10	10	0	exclude:VERB;excluded:VERB;excludes:NOUN;excluding:VERB;exclusion:NOUN;exclusionary:NOUN;exclusionist:NOUN;exclusions:NOUN;exclusive:ADJ;exclusively:ADV			eksigu, ekskludi, ekskluzivi, escepti, eskludi	3	C1		multiple EO senses — verify anchor
3	framework	LINK	fram	framo	frame, framework, substructure, skeleton	ok	NOUN	3	2	1	1	frameworks:NOUN	framework(3)		armaturo, ĉarpentaĵo, kadraĵo, kadro, trabaĵo	3	C1		head already in lexicon (tier 3); multiple EO senses — verify anchor
3	fund	LINK	fondus	fonduso	fund	ok	NOUN	2	6	4	2	funded:VERB;funder:NOUN;funders:NOUN;funds:NOUN	fund(2);funding(2)			3	C1		head already in lexicon (tier 2)
3	illustrate	LINK	ilustr	ilustri	to illustrate	ok	VERB	2	7	5	2	illustrated:VERB;illustrates:VERB;illustrating:VERB;illustrations:NOUN;illustrative:NOUN	illustrate(2);illustration(2)		ekzempli	3	C1		head already in lexicon (tier 2)
3	immigrate	LINK	enmigr	enmigri	to immigrate	ok	VERB	no	7	6	1	immigrate:VERB;immigrants:NOUN;immigrated:VERB;immigrates:VERB;immigrating:VERB;immigration:NOUN	immigrant(2)			3	C1		
3	imply	LINK	implic	implici	to imply	ok	VERB	2	4	3	1	implied:VERB;implies:VERB;implying:VERB	imply(2)		signifi, subkomprenigi	3	C1		head already in lexicon (tier 2)
3	initial	LINK	paraf	parafi	to initial	ok	ADJ	2	2	0	2		initial(2);initially(2)		ĉeflitero, inicialo, komenca, komenclitero	3	C1		head already in lexicon (tier 2); multiple EO senses — verify anchor
3	instance	LINK	aper	apero	apparition, appearance, occurrence, instance	ok	NOUN	2	2	1	1	instances:NOUN	instance(2)		aperaĵo, ekzemplo, ekzemplodoni, instanco	3	C1		head already in lexicon (tier 2); multiple EO senses — verify anchor
3	interact	NEW	interag	interagi	to interact	ok	VERB	no	8	8	0	interact:VERB;interacted:VERB;interacting:VERB;interaction:NOUN;interactions:NOUN;interactive:ADJ;interactively:ADV;interacts:VERB			interrilati	3	C1		
3	justify	LINK	kialig	kialigi	to explain, give reasons, explain motivations, justify	ok	VERB	2	9	8	1	justifiable:ADJ;justifiably:ADV;justification:NOUN;justifications:NOUN;justified:VERB;justifies:NOUN;justifying:VERB;unjustified:ADJ	justify(2)		alkadrigi, ĝisrandigi, motivigi, pravigi, remburi	3	C1		head already in lexicon (tier 2); multiple EO senses — verify anchor
3	layer	LINK	lamen	lameno	lamina, layer, plate	ok	NOUN	2	4	3	1	layered:VERB;layering:NOUN;layers:NOUN	layer(2)		grundtavolo, markoti, markoto, tavolo, tertavolo	3	C1		head already in lexicon (tier 2); multiple EO senses — verify anchor
3	link	LINK	lig	ligi	to bind, connect, join, tie (up), dock, link	ok	VERB	2	6	5	1	linkage:NOUN;linkages:NOUN;linked:VERB;linking:VERB;links:NOUN	link(2)		bindi, ĉenero, ĉenringo, dosierujano, komunikigi	3	C1		head already in lexicon (tier 2); multiple EO senses — verify anchor
3	locate	LINK	lok	loki	to locate, place	ok	VERB	2	10	7	3	locating:VERB;locations:NOUN;relocate:VERB;relocated:VERB;relocates:NOUN;relocating:VERB;relocation:NOUN	locate(2);located(2);location(2)		lokalizi	3	C1		head already in lexicon (tier 2)
3	maximise	NEW	maksimumig	maksimumigi	to maximize	ok	VERB	no	12	11	1	maximise:VERB;max:NOUN;maximisation:NOUN;maximised:VERB;maximises:NOUN;maximising:VERB;maximization:NOUN;maximize:VERB;maximized:VERB;maximizes:NOUN;maximizing:VERB	maximum(2)			3	C1		anchored via US spelling (maximise→maximize)
3	minor	LINK	iom	ioma	slight, minor	ok	ADJ	2	4	2	2	minorities:NOUN;minors:NOUN	minor(2);minority(2)		kroma, minora, minoro, mola, molo	3	C1		head already in lexicon (tier 2); multiple EO senses — verify anchor
3	negate	LINK	ne	nei	to deny, say no, disown, repudiate, negate	ok	ADJ	no	7	6	1	negate:ADJ;negated:VERB;negates:NOUN;negating:NOUN;negatively:ADV;negatives:NOUN	negative(1/2)		malpravigi, negacii, neigi	3	C1		multiple EO senses — verify anchor
3	outcome	LINK	elven	elveno	outcome	ok	VERB	2	2	1	1	outcomes:NOUN	outcome(2)			3	C1		head already in lexicon (tier 2)
3	partner	LINK	kunul	kunulo	associate, companion, consort, mate, partner	ok	NOUN	1	4	2	2	partners:NOUN;partnerships:NOUN	partner(1);partnership(3)		asociano, asociito, kunvivantino, kunvivanto, partnera	3	C1		head already in lexicon (tier 1); multiple EO senses — verify anchor
3	philosophy	LINK	skol	skolo	school (of art, philosophy, thought, etc)	ok	NOUN	2	14	13	1	philosopher:NOUN;philosophers:NOUN;philosophical:ADJ;philosophically:ADV;philosophies:NOUN;philosophise:VERB;philosophised:VERB;philosophises:NOUN;philosophising:VERB;philosophize:VERB;philosophized:VERB;philosophizes:VERB;philosophizing:VERB	philosophy(2)		filozofio	3	C1		head already in lexicon (tier 2)
3	physical	LINK	korp	korpa	bodily, body, corporal, corporeal, of the body, physical	ok	ADJ	2	2	1	1	physically:ADV	physical(2)		fizika, fizikaj, korpeca	3	C1		head already in lexicon (tier 2); multiple EO senses — verify anchor
3	proportion	NEW	rilatum	rilatumo	proportion, rate, ratio	ok	NOUN	no	9	9	0	proportion:NOUN;disproportion:NOUN;disproportionate:ADJ;disproportionately:ADV;proportional:ADJ;proportionally:ADV;proportionate:VERB;proportionately:ADV;proportions:NOUN			proporcio	3	C1		
3	publish	LINK	afiŝ	afiŝi	to placard, post (up), publish	ok	VERB	2	7	6	1	published:VERB;publisher:NOUN;publishers:NOUN;publishes:VERB;publishing:VERB;unpublished:ADJ	publish(2)		aperigi, eldoni, publikigi	3	C1		head already in lexicon (tier 2); multiple EO senses — verify anchor
3	react	LINK	reag	reagi	to react, respond	ok	VERB	2	13	11	2	reacted:VERB;reacting:VERB;reactionaries:NOUN;reactionary:ADJ;reactions:NOUN;reactivate:VERB;reactivation:NOUN;reactive:VERB;reactor:NOUN;reactors:NOUN;reacts:NOUN	react(2);reaction(2)		kontraŭbataliagi, reakcii	3	C1		head already in lexicon (tier 2)
3	register	LINK	etat	etato	account, inventory, report, list, register, return (financial), statement (financial), table (data)	ok	VERB	2	10	8	2	deregister:NOUN;deregistered:VERB;deregistering:VERB;deregisters:NOUN;deregistration:NOUN;registered:VERB;registering:VERB;registers:NOUN	register(2);registration(3)		enregistrigi, enskribi, enskribigi, registri, registriĝi	3	C1		head already in lexicon (tier 2); multiple EO senses — verify anchor
3	rely	LINK	konfid	konfidi	to confide, have confidence in, trust, entrust, rely	ok	VERB	2	10	8	2	reliability:NOUN;reliably:ADV;reliance:NOUN;reliant:ADJ;relied:VERB;relies:VERB;relying:VERB;unreliable:ADJ	rely(2);reliable(2)			3	C1		head already in lexicon (tier 2)
3	remove	LINK	viŝ	viŝi	to delete, wipe, erase, remove	ok	VERB	2	7	6	1	removable:ADJ;removal:NOUN;removals:NOUN;removed:VERB;removes:VERB;removing:VERB	remove(2)		demisiigi, detiri, eloficigi, forestigi, forigi	3	C1		head already in lexicon (tier 2); multiple EO senses — verify anchor
3	scheme	LINK	skem	skemo	chart, diagram, outline, scheme, model, pattern	ok	NOUN	3	6	5	1	schematic:ADJ;schematically:ADV;schemed:VERB;schemes:NOUN;scheming:VERB	scheme(3)		intrigi, intrigo, komploti, komploto, projekto	3	C1		head already in lexicon (tier 3); multiple EO senses — verify anchor
3	sequence	LINK	ord	ordo	order, ordering, sequence, arrangement	ok	NOUN	2	6	5	1	sequenced:VERB;sequences:NOUN;sequencing:VERB;sequential:ADJ;sequentially:ADV	sequence(2)		intersekvo, sekvenco, sinsekvo, vico	3	C1		head already in lexicon (tier 2); multiple EO senses — verify anchor
3	sex	LINK	amor	amoro	(sexual) love, sex	ok	NOUN	2	6	4	2	sexes:NOUN;sexism:NOUN;sexuality:NOUN;sexually:ADV	sex(2);sexual(2)		sekso, seksumo	3	C1		head already in lexicon (tier 2)
3	shift	LINK	mov	movi	to move, shift, stir, advance	ok	NOUN	2	4	3	1	shifted:VERB;shifting:VERB;shifts:NOUN	shift(2)		formovo, forŝoviĝo, forŝovo, laborperiodo, majuskliga	3	C1		head already in lexicon (tier 2); multiple EO senses — verify anchor
3	specify	LINK	specif	specifi	to specify	ok	VERB	no	6	5	1	specify:VERB;specifiable:ADJ;specifies:NOUN;specifying:VERB;unspecified:ADJ	specified(3)		precizigi, specifiki	3	C1		
3	sufficient	LINK	sufiĉ	sufiĉa	adequate, ample, enough, sufficient	ok	ADJ	3	5	4	1	insufficient:ADJ;insufficiently:ADV;sufficiency:NOUN;sufficiently:ADV	sufficient(3)		adekvata	3	C1		head already in lexicon (tier 3)
3	task	LINK	task	taska	task	ok	NOUN	2	2	1	1	tasks:NOUN	task(2)		tasko	3	C1		head already in lexicon (tier 2)
3	technical	LINK	teknik	teknika	technical	ok	ADJ	2	2	1	1	technically:ADV	technical(2)		teĥnika	3	C1		head already in lexicon (tier 2)
3	technique	LINK	teknik	tekniko	technique, technology	ok	NOUN	2	2	1	1	techniques:NOUN	technique(2)		teĥniko	3	C1		head already in lexicon (tier 2)
3	technology	LINK	teknik	tekniko	technique, technology	ok	NOUN	2	3	2	1	technological:ADJ;technologically:ADV	technology(2)		teĥnologia, teĥnologio, teĥnologo, teknologio	3	C1		head already in lexicon (tier 2); multiple EO senses — verify anchor
3	valid	LINK	leĝ	leĝa	lawful, legal, valid	ok	ADJ	no	9	8	1	valid:ADJ;invalidate:VERB;invalidity:NOUN;validate:NOUN;validated:VERB;validating:VERB;validation:NOUN;validly:ADV	validity(3)		valida	3	C1		
3	volume	LINK	dikec	dikeco	bulk, plumpness, stoutness, thickness, volume	ok	NOUN	2	3	2	1	vol:VERB;volumes:NOUN	volume(2)		jarkolektaĵo, laŭkvanta, portilo, sonforteco, volumeno	3	C1		head already in lexicon (tier 2); multiple EO senses — verify anchor
4	access	LINK	alir	aliro	access, approach	ok	NOUN	2	7	6	1	accessed:VERB;accesses:VERB;accessibility:NOUN;accessible:ADJ;accessing:VERB;inaccessible:ADJ	access(2)		alireblo, alirejo, alveturejo, alvojo, atingo	3	C1		head already in lexicon (tier 2); multiple EO senses — verify anchor
4	adequate	LINK	sufiĉ	sufiĉa	adequate, ample, enough, sufficient	ok	ADJ	no	7	7	0	adequate:ADJ;adequacy:NOUN;adequately:ADV;inadequacies:NOUN;inadequacy:NOUN;inadequate:ADJ;inadequately:ADV			adekvata, laŭcela	3	C1		
4	annual	LINK	jar	jara	annual	ok	ADJ	2	2	1	1	annually:ADV	annual(2)		ĉiujara, jardaŭra, jardaŭrulo, jarkolektaĵo, jarlibro	3	C1		head already in lexicon (tier 2); multiple EO senses — verify anchor
4	apparent	LINK	ŝajn	ŝajna	apparent, seeming, illusive, illusory, sham, suspect	ok	ADJ	2	2	0	2		apparent(2);apparently(2)		laŭŝajna, montrebla, nekaŝebla, videbla	3	C1		head already in lexicon (tier 2); multiple EO senses — verify anchor
4	approximate	LINK	baldaŭ	baldaŭa	approaching, approximate, nigh (time), speedy	ok	ADJ	no	7	6	1	approximate:ADJ;approximated:VERB;approximates:VERB;approximating:VERB;approximation:NOUN;approximations:NOUN	approximately(2)		aproksima, aproksimi, proksimuma	3	C1		multiple EO senses — verify anchor
4	attitude	LINK	teniĝ	teniĝo	attitude, bearing, deportment, posture	ok	NOUN	2	2	1	1	attitudes:NOUN	attitude(2)		sintenado, sinteno	3	C1		head already in lexicon (tier 2)
4	attribute	NEW	ec	eco	property, quality, attribute, qualification	ok	NOUN	no	6	6	0	attribute:NOUN;attributable:ADJ;attributed:VERB;attributes:VERB;attributing:VERB;attribution:NOUN			atribui, atributi, atributo, distingilo	3	C1		multiple EO senses — verify anchor
4	civil	LINK	civil	civila	civil, civilian, non-military, secular	ok	ADJ	2	1	0	1		civil(2)		ĝentila	3	C1		head already in lexicon (tier 2); single-form family (head only)
4	code	LINK	kod	kodi	to code, encode	ok	NOUN	2	4	3	1	coded:VERB;codes:NOUN;coding:VERB	code(2)		ĉifro, kodo, leĝaro	3	C1		head already in lexicon (tier 2); multiple EO senses — verify anchor
4	commit	LINK	enmet	enmeti	to insert, put in, put away, stow, deposit, commit, check in	ok	VERB	2	6	4	2	commitments:NOUN;commits:VERB;committed:VERB;committing:VERB	commit(2);commitment(2)		devoligi, fifari	3	C1		head already in lexicon (tier 2)
4	communicate	LINK	kontaĝ	kontaĝi	to communicate	ok	VERB	2	10	8	2	communicable:ADJ;communicated:VERB;communicates:VERB;communicating:VERB;communications:NOUN;communicative:ADJ;communicatively:ADV;uncommunicative:ADJ	communicate(2);communication(2)		interkompreniĝi, interkomuniki, interkomunikiĝi, komuniki	3	C1		head already in lexicon (tier 2); multiple EO senses — verify anchor
4	concentrate	LINK	centr	centri	to center, centralize, concentrate	ok	VERB	2	5	3	2	concentrated:VERB;concentrates:VERB;concentrating:VERB	concentrate(2);concentration(2)		centrigi, koncentri, koncentrigi, koncentriĝi, kuncentrigi	3	C1		head already in lexicon (tier 2); multiple EO senses — verify anchor
4	confer	LINK	don	doni	to give, administer, afford, allow, confer, grant, impart, provide, spare, yield	ok	VERB	no	6	5	1	confer:VERB;conferences:NOUN;conferred:VERB;conferring:VERB;confers:NOUN	conference(2)			3	C1		
4	contrast	LINK	kontrast	kontrasti	to contrast, exhibit contrast, show difference, stand out	ok	NOUN	2	5	4	1	contrasted:VERB;contrasting:VERB;contrastive:ADJ;contrasts:VERB	contrast(2)		antagonismo, kontrasto	3	C1		head already in lexicon (tier 2)
4	cycle	LINK	cikl	cikli	to cycle	ok	NOUN	2	6	5	1	cycled:VERB;cycles:NOUN;cyclic:NOUN;cyclical:ADJ;cycling:NOUN	cycle(2)		bicikli, biciklo, ciklo	3	C1		head already in lexicon (tier 2); multiple EO senses — verify anchor
4	debate	LINK	debat	debati	to beat off, knock off, strike off, debate	ok	NOUN	2	5	4	1	debatable:ADJ;debated:VERB;debates:NOUN;debating:VERB	debate(2)		debatado, debato, disputo, kontesti	3	C1		head already in lexicon (tier 2); multiple EO senses — verify anchor
4	despite	LINK	spit	spite	defiantly, despite, in spite of	ok	SCONJ	2	1	0	1		despite(2)		malgraŭ	3	C1		head already in lexicon (tier 2); single-form family (head only)
4	dimension	LINK	grand	grando	dimension, size, magnitude	ok	NOUN	no	4	4	0	dimension:NOUN;dimensional:ADJ;dimensions:NOUN;multidimensional:ADJ			amplekso, dimensio	3	C1		
4	domestic	LINK	dom	doma	domestic, of a house	ok	ADJ	2	6	5	1	domestically:ADV;domesticate:VERB;domesticated:VERB;domesticating:NOUN;domestics:NOUN	domestic(2)		enlanda, familia, hejma, interna, servistoino	3	C1		head already in lexicon (tier 2); multiple EO senses — verify anchor
4	emerge	LINK	aper	aperi	to appear, come into sight, emerge, materialize, perform, be published	ok	VERB	2	6	5	1	emerged:VERB;emergence:NOUN;emergent:ADJ;emerges:VERB;emerging:VERB	emerge(2)		ekaperi, elmergiĝi, emerĝi, malmergiĝi, superakviĝi	3	C1		head already in lexicon (tier 2); multiple EO senses — verify anchor
4	error	LINK	erar	eraro	aberration, error, mistake, erratum, fault, bug	ok	NOUN	2	4	3	1	erroneous:ADJ;erroneously:ADV;errors:NOUN	error(2)		erarprotokola, malĝusteco, malkorektaĵo, prierara	3	C1		head already in lexicon (tier 2); multiple EO senses — verify anchor
4	ethnic	NEW	etn	etna	ethnic	ok	ADJ	no	2	2	0	ethnic:ADJ;ethnicity:NOUN			etnika	3	C1		
4	goal	LINK	cel	celo	aim, goal, purpose, target, purpose, objective, aspiration	ok	NOUN	2	2	1	1	goals:NOUN	goal(2)		celumo, golejo, golo, motivo	3	C1		head already in lexicon (tier 2); multiple EO senses — verify anchor
4	grant	LINK	ced	cedi	to cede, give in, yield, comply, concede, grant, accommodate	ok	NOUN	2	4	3	1	granted:VERB;granting:VERB;grants:NOUN	grant(2)		donaci, doni, koncedi, permesi, stipendio	3	C1		head already in lexicon (tier 2); multiple EO senses — verify anchor
4	hence				from here, hence	no_match	NOUN	no	1	1	0	hence:NOUN			de ĉi tie, de nun, de tie ĉi	3	C1		single-form family (head only)
4	hypothesis	NEW	hipotez	hipotezo	hypothesis	ok	NOUN	no	12	12	0	hypothesis:NOUN;hypotheses:NOUN;hypothesise:VERB;hypothesised:VERB;hypothesises:NOUN;hypothesising:VERB;hypothesize:VERB;hypothesized:VERB;hypothesizes:NOUN;hypothesizing:VERB;hypothetical:ADJ;hypothetically:ADV				3	C1		
4	implement	LINK	il	ilo	agent, means, tool, implement, instrument	ok	NOUN	no	5	5	0	implement:NOUN;implementation:NOUN;implemented:VERB;implementing:VERB;implements:NOUN			realigi	3	C1		
4	implicate	LINK	implik	impliki	to entangle, implicate, infer	ok	NOUN	no	6	6	0	implicate:NOUN;implicated:VERB;implicates:VERB;implicating:VERB;implication:NOUN;implications:NOUN				3	C1		
4	impose	LINK	trud	trudi	to assert, coerce, force, impose, thrust	ok	VERB	2	5	4	1	imposed:VERB;imposes:VERB;imposing:VERB;imposition:NOUN	impose(2)		impozi	3	C1		head already in lexicon (tier 2)
4	integrate	NEW	integr	integri	to integrate	ok	VERB	no	5	4	1	integrate:VERB;integrates:NOUN;integrating:VERB;integration:NOUN	integrated(3)		integrali, integrigi, integriĝi	3	C1		multiple EO senses — verify anchor
4	internal	LINK	intern	interna	back-end, internal, domestic, inner, inside	ok	ADJ	2	10	9	1	internalise:VERB;internalised:VERB;internalises:NOUN;internalising:VERB;internalize:VERB;internalized:VERB;internalizes:VERB;internalizing:VERB;internally:ADV	internal(2)			3	C1		head already in lexicon (tier 2)
4	investigate	LINK	enket	enketi	to inquire, investigate, make an inquiry, survey	ok	VERB	2	9	7	2	investigated:VERB;investigates:NOUN;investigating:VERB;investigations:NOUN;investigative:ADJ;investigator:NOUN;investigators:NOUN	investigate(2);investigation(2)		egzameni, esplori, prienketi	3	C1		head already in lexicon (tier 2); multiple EO senses — verify anchor
4	job	LINK	ofic	ofico	capacity, function, job, office, position, post, employment	ok	NOUN	1	2	1	1	jobs:NOUN	job(1)		dungiĝa, dungiĝo, komisio, laboro, laborposteno	3	C1		head already in lexicon (tier 1); multiple EO senses — verify anchor
4	label	LINK	mark	marko	brand, marker, tag, label	ok	NOUN	2	6	5	1	labeled:VERB;labeling:VERB;labelled:VERB;labelling:VERB;labels:NOUN	label(2)		enhavmarko, etikedi, etikedo, etiketo, surskribeto	3	C1		head already in lexicon (tier 2); multiple EO senses — verify anchor
4	mechanism	LINK	mekanism	mekanismo	action, mechanism	ok	NOUN	3	2	1	1	mechanisms:NOUN	mechanism(3)		meĥanikaĵo, meĥanismo	3	C1		head already in lexicon (tier 3)
4	obvious	LINK	videbl	videbla	visible, apparent, obvious	ok	ADJ	2	2	0	2		obvious(2);obviously(2)		evidenta, nekaŝebla	3	C1		head already in lexicon (tier 2)
4	occupy	LINK	okup	okupi	to occupy, employ, engage, allocate	ok	NOUN	no	12	12	0	occupy:NOUN;occupancy:NOUN;occupant:NOUN;occupants:NOUN;occupation:NOUN;occupational:NOUN;occupations:NOUN;occupied:VERB;occupier:NOUN;occupiers:NOUN;occupies:NOUN;occupying:VERB			absorbi, enspaci, okupacii	3	C1		multiple EO senses — verify anchor
4	option	LINK	opci	opcio	choice, option	ok	NOUN	2	3	2	1	optional:NOUN;options:NOUN	option(2)		alternativo, elekteblo, elektoaĵo	3	C1		head already in lexicon (tier 2); multiple EO senses — verify anchor
4	output	NEW	elig	eligi	to discharge, express, utter, output, give off, let out, take out, eject	ok	NOUN	no	2	2	0	output:NOUN;outputs:NOUN			elfaraĵo, eligo, elradika	3	C1		multiple EO senses — verify anchor
4	overall	LINK	tut	tuta	all, entire, overall, whole, total, complete	ok	ADJ	2	1	0	1		overall(2)		entuta, surtuto, totala	3	C1		head already in lexicon (tier 2); multiple EO senses — verify anchor; single-form family (head only)
4	parallel	NEW	paralel	paralela	parallel	ok	NOUN	no	6	6	0	parallel:NOUN;paralleled:VERB;parallelled:VERB;parallelling:VERB;parallels:NOUN;unparalleled:ADJ				3	C1		
4	parameter	NEW	parametr	parametro	parameter	compound	NOUN	no	2	2	0	parameter:NOUN;parameters:NOUN		par+metr		3	C1		
4	phase	LINK	faz	fazo	phase, stage, aspect	ok	NOUN	2	4	3	1	phased:VERB;phases:NOUN;phasing:VERB	phase(2)		etapo, stadio	3	C1		head already in lexicon (tier 2)
4	predict	LINK	aŭgur	aŭguri	to augur, forecast, foretell, prophesy, foreshadow, predict	ok	VERB	2	11	9	2	predictability:NOUN;predictable:ADJ;predictably:ADV;predicted:VERB;predicting:VERB;predictions:NOUN;predicts:NOUN;unpredictability:NOUN;unpredictable:ADJ	predict(2);prediction(2)		antaŭdiri, profetadi, prognozi	3	C1		head already in lexicon (tier 2); multiple EO senses — verify anchor
4	principal	LINK	ĉef	ĉefa	main, major, master, primary, cardinal, chief, principal, premier	ok	NOUN	2	2	1	1	principally:ADV	principal(2)		precipa	3	C1		head already in lexicon (tier 2)
4	prior	LINK	antaŭ	antaŭa	advance, advanced, antecedent, anterior, earlier, former, forward, past, preceding, previous, prior	ok	ADV	no	1	1	0	prior:ADV			ĉefabato, prepara, prioro	3	C1		multiple EO senses — verify anchor; single-form family (head only)
4	professional	LINK	ist	isto	professional	ok	ADJ	2	4	3	1	professionalism:NOUN;professionally:ADV;professionals:NOUN	professional(2)		profesia, profesiisto, profesiulo	3	C1		head already in lexicon (tier 2); multiple EO senses — verify anchor
4	project	LINK	elstar	elstari	to project, protrude	ok	NOUN	1/2	6	5	1	projected:VERB;projecting:VERB;projection:NOUN;projections:NOUN;projects:NOUN	project(1/2)		projekcii, projekto	3	C1		head already in lexicon (tier 1/2)
4	promote	LINK	akcel	akceli	to accelerate, advance, further, hasten, promote, speed up	ok	VERB	2	8	6	2	promoted:VERB;promoter:NOUN;promoters:NOUN;promotes:NOUN;promoting:VERB;promotions:NOUN	promote(2);promotion(2)		antaŭenigi, pligravigi, promocii, rangaltigi	3	C1		head already in lexicon (tier 2); multiple EO senses — verify anchor
4	regime	NEW	reĝim	reĝimo	mode, regime, regimen	ok	NOUN	no	2	2	0	regime:NOUN;regimes:NOUN				3	C1		
4	resolve	LINK	decid	decidi	to choose, decide, determine, resolve, settle	ok	VERB	2	6	5	1	resolution:NOUN;resolved:VERB;resolves:NOUN;resolving:VERB;unresolved:ADJ	resolve(2)		devontigo, malkomponi	3	C1		head already in lexicon (tier 2)
4	retain	LINK	ten	teni	to hang onto, hold, keep, retain	ok	VERB	2	8	7	1	retained:VERB;retainer:NOUN;retainers:NOUN;retaining:VERB;retains:VERB;retention:NOUN;retentive:NOUN	retain(2)		gardi, reteni	3	C1		head already in lexicon (tier 2)
4	series	LINK	seri	serio	series, set	ok	NOUN	2	1	0	1		series(2)		intersekvo, sekvenco	3	C1		head already in lexicon (tier 2); single-form family (head only)
4	statistic	LINK	statistikaĵ	statistikaĵo	statistic	ok	NOUN	2	6	5	1	statistical:ADJ;statistically:ADV;statistician:NOUN;statisticians:NOUN;statistics:NOUN	statistic(2)			3	C1		head already in lexicon (tier 2)
4	status	LINK	stat	stato	condition, state, situation, station (of life), status	ok	NOUN	2	1	0	1		status(2)		pozicio, statmesaĝo, statuso	3	C1		head already in lexicon (tier 2); multiple EO senses — verify anchor; single-form family (head only)
4	stress	LINK	urĝ	urĝo	craving, stress	ok	NOUN	2	6	5	1	stressed:VERB;stresses:NOUN;stressful:ADJ;stressing:VERB;unstressed:ADJ	stress(2)		akcenti, akcento, streĉeco, streĉo	3	C1		head already in lexicon (tier 2); multiple EO senses — verify anchor
4	subsequent	LINK	sekv	sekva	next, subsequent	ok	ADJ	3	2	1	1	subsequently:ADV	subsequent(3)		postveninta	3	C1		head already in lexicon (tier 3)
4	sum	LINK	sum	sumi	to sum	ok	NOUN	2	5	4	1	summation:NOUN;summed:VERB;summing:VERB;sums:NOUN	sum(2)		sumo	3	C1		head already in lexicon (tier 2)
4	summary	LINK	resum	resuma	summary, outline	ok	NOUN	2	14	12	2	summaries:NOUN;summarisation:NOUN;summarisations:NOUN;summarise:VERB;summarised:VERB;summarises:NOUN;summarising:VERB;summarization:NOUN;summarizations:NOUN;summarized:VERB;summarizes:NOUN;summarizing:VERB	summary(2);summarize(2)		resumaj, resumo	3	C1		head already in lexicon (tier 2)
4	undertake	NEW	klopod	klopodi	to aim, attempt, endeavor, take steps, undertake, try	ok	VERB	no	5	5	0	undertake:VERB;undertaken:VERB;undertakes:VERB;undertaking:VERB;undertook:VERB			entrepreni	3	C1		
5	academy	LINK	akademi	akademio	academy	ok	NOUN	no	6	5	1	academy:NOUN;academia:VERB;academically:ADV;academics:NOUN;academies:NOUN	academic(2)		altlernejo	3	C1		
5	adjust	LINK	pond	pondi	to adjust	ok	VERB	2	12	11	1	adjusted:VERB;adjusting:VERB;adjustment:NOUN;adjustments:NOUN;adjusts:NOUN;readjust:NOUN;readjusted:VERB;readjusting:VERB;readjustment:NOUN;readjustments:NOUN;readjusts:NOUN	adjust(2)		adapti, agordi, akomodi, akomodiĝi, alaranĝi	3	C1		head already in lexicon (tier 2); multiple EO senses — verify anchor
5	alter	LINK	aliig	aliigi	to alter, change, turn, modify, transform (sth into sth)	ok	VERB	2	11	10	1	alterable:ADJ;alteration:NOUN;alterations:NOUN;altered:VERB;altering:VERB;alternate:VERB;alternating:VERB;alters:NOUN;unalterable:ADJ;unaltered:ADJ	alter(2)		aliformi, aliiĝi, modifi, modifiki, ŝanĝiĝi	3	C1		head already in lexicon (tier 2); multiple EO senses — verify anchor
5	amend	LINK	ripar	ripari	to fix, repair, mend, redress, amend, restore, recover	ok	NOUN	no	6	5	1	amend:NOUN;amended:VERB;amending:VERB;amendment:NOUN;amends:NOUN	amendments(3)		modifiki, rebonigi, reformi	3	C1		multiple EO senses — verify anchor
5	aware	LINK	konsci	konscia	aware, conscious	ok	ADJ	2	3	2	1	awareness:NOUN;unaware:ADJ	aware(2)			3	C1		head already in lexicon (tier 2)
5	capacity	LINK	ofic	ofico	capacity, function, job, office, position, post, employment	ok	NOUN	2	4	3	1	capacities:NOUN;incapacitate:VERB;incapacitated:VERB	capacity(2)		enhavebleco, enhaveco, kapablo, kapacito, ŝarĝo	3	C1		head already in lexicon (tier 2); multiple EO senses — verify anchor
5	challenge	LINK	defi	defii	to challenge, defy	ok	NOUN	2	6	5	1	challenged:VERB;challenger:NOUN;challengers:NOUN;challenges:NOUN;challenging:VERB	challenge(2)		defio, kontesti, penigo, provoko	3	C1		head already in lexicon (tier 2); multiple EO senses — verify anchor
5	clause	LINK	klaŭz	klaŭzo	clause	ok	NOUN	2	2	1	1	clauses:NOUN	clause(2)			3	C1		head already in lexicon (tier 2)
5	compound	LINK	kombin	kombino	combination, compound	ok	NOUN	no	4	4	0	compound:NOUN;compounded:VERB;compounding:VERB;compounds:NOUN			kombinaĵo, kunmetaĵo, kunmeti, kunmetita, parenteza	3	C1		multiple EO senses — verify anchor
5	conflict	LINK	konflikt	konflikto	clash, conflict, antagonism	ok	NOUN	2	4	3	1	conflicted:VERB;conflicting:VERB;conflicts:NOUN	conflict(2)			3	C1		head already in lexicon (tier 2)
5	consult	LINK	konsil	konsili	to advise, counsel, consult	ok	VERB	no	10	10	0	consult:VERB;consultancy:NOUN;consultant:NOUN;consultants:NOUN;consultation:NOUN;consultations:NOUN;consultative:ADJ;consulted:VERB;consulting:NOUN;consults:NOUN			konsulti	3	C1		
5	contact	LINK	kontakt	kontakti	to contact	ok	NOUN	2	5	4	1	contactable:ADJ;contacted:VERB;contacting:VERB;contacts:NOUN	contact(2)		ekkontakti, interkontaktulo, komunikiĝo, kontakto, kontaktpersono	3	C1		head already in lexicon (tier 2); multiple EO senses — verify anchor
5	decline	LINK	defal	defalo	decline, downfall, drop, fall	ok	NOUN	2	4	3	1	declined:VERB;declines:VERB;declining:VERB	decline(2)		dekadenco, deklinacii, deklini, ekfiniĝo, ekmalfortiĝi	3	C1		head already in lexicon (tier 2); multiple EO senses — verify anchor
5	discrete	NEW	diskret	diskreta	discrete, countable, denumerable	ok	ADJ	no	6	6	0	discrete:ADJ;discretely:ADV;discretion:NOUN;discretionary:ADJ;indiscrete:ADJ;indiscretion:NOUN			nekontinua, nombrebla, numerebla, sindetenema	3	C1		multiple EO senses — verify anchor
5	draft	LINK	kambi	kambio	bill of exchange, draft, letter of exchange	ok	VERB	2	8	7	1	drafted:VERB;drafting:VERB;drafts:NOUN;redraft:NOUN;redrafted:VERB;redrafting:VERB;redrafts:VERB	draft(2)		aerblovo, malneta, malneto, projekto	3	C1		head already in lexicon (tier 2); multiple EO senses — verify anchor
5	enable	LINK	ŝalt	ŝalti	to switch (on), turn on, activate, enable	ok	ADJ	2	4	3	1	enabled:VERB;enables:VERB;enabling:VERB	enable(2)		ebligi, kapabligi	3	C1		head already in lexicon (tier 2)
5	energy	LINK	energi	energio	energy, spirit	ok	NOUN	2	4	2	2	energetically:ADV;energies:NOUN	energy(2);energetic(2)		energetiko	3	C1		head already in lexicon (tier 2)
5	enforce	LINK				no_match	VERB	2	5	4	1	enforced:VERB;enforcement:NOUN;enforces:NOUN;enforcing:VERB	enforce(2)			3	C1		head already in lexicon (tier 2)
5	entity	LINK	aĵ	aĵo	entity, thing	ok	NOUN	no	2	2	0	entity:NOUN;entities:NOUN			ento, estado, estaĵo, esto	3	C1		multiple EO senses — verify anchor
5	equivalent	LINK	ekvivalent	ekvivalenta	equivalent	ok	ADJ	3	2	1	1	equivalence:NOUN	equivalent(3)		egalvaloro, ekvivalento, samvalora	3	C1		head already in lexicon (tier 3); multiple EO senses — verify anchor
5	evolve	NEW	evolu	evolui	to develop, evolve	ok	VERB	no	8	8	0	evolve:VERB;evolution:NOUN;evolutionary:ADJ;evolutionist:NOUN;evolutionists:NOUN;evolved:VERB;evolves:VERB;evolving:VERB			evolucii, evoluigi	3	C1		
5	expand	LINK	dilat	dilati	to dilate, expand	ok	VERB	2	7	6	1	expanded:VERB;expanding:VERB;expands:VERB;expansion:NOUN;expansionism:NOUN;expansive:ADJ	expand(2)		dilatiĝi, disetendi, disetendiĝi, ekspansii, elvolvi	3	C1		head already in lexicon (tier 2); multiple EO senses — verify anchor
5	expose	LINK	denud	denudi	to expose	ok	VERB	2	6	5	1	exposed:VERB;exposes:VERB;exposing:VERB;exposure:NOUN;exposures:NOUN	expose(2)		eksponi, elmeti, espozi, montri, videbligi	3	C1		head already in lexicon (tier 2); multiple EO senses — verify anchor
5	external	LINK	ekster	ekstera	external, outer, outside	ok	ADJ	2	13	12	1	externalisation:NOUN;externalise:VERB;externalised:VERB;externalises:NOUN;externalising:VERB;externality:NOUN;externalization:NOUN;externalize:VERB;externalized:VERB;externalizes:VERB;externalizing:VERB;externally:ADV	external(2)			3	C1		head already in lexicon (tier 2)
5	facilitate	NEW	facilig	faciligi	to make easy, facilitate	ok	NOUN	no	9	8	1	facilitate:NOUN;facilitated:VERB;facilitates:VERB;facilitating:VERB;facilitation:NOUN;facilitator:NOUN;facilitators:NOUN;facilities:NOUN	facility(2)		plifaciligi	3	C1		
5	fundamental	LINK	fundament	fundamenta	foundational, fundamental, base, basis	ok	ADJ	2	2	1	1	fundamentally:ADV	fundamental(2)			3	C1		head already in lexicon (tier 2)
5	generate	LINK	nask	naski	to bear, give birth to, bring forth, generate, spawn	ok	VERB	2	4	3	1	generated:VERB;generates:VERB;generating:VERB	generate(2)		generi, produkti	3	C1		head already in lexicon (tier 2)
5	generation	LINK	generaci	generacio	generation	ok	NOUN	2	2	1	1	generations:NOUN	generation(2)		generado	3	C1		head already in lexicon (tier 2)
5	image	LINK	bild	bildo	image, picture	ok	NOUN	2	3	2	1	imagery:NOUN;images:NOUN	image(2)		figuro, grafikaĵo, imagaĵo, similaĵo	3	C1		head already in lexicon (tier 2); multiple EO senses — verify anchor
5	liberal	NEW	liberal	liberala	liberal	ok	ADJ	no	22	22	0	liberal:ADJ;liberalisation:NOUN;liberalise:VERB;liberalised:VERB;liberalises:NOUN;liberalising:VERB;liberalism:NOUN;liberalization:NOUN;liberalize:VERB;liberalized:VERB;liberalizes:NOUN;liberalizing:VERB;liberally:ADV;liberals:NOUN;liberate:VERB;liberated:VERB;liberates:NOUN;liberating:VERB;liberation:NOUN;liberations:NOUN;liberator:NOUN;liberators:NOUN			malavara	3	C1		
5	licence	LINK	licenc	licenci	to authorize, license	ok	NOUN	no	7	6	1	licence:NOUN;licences:NOUN;licensed:VERB;licenses:NOUN;licensing:VERB;unlicensed:ADJ	license(2)		koncesii, licencio, licenco, permesilo, permeso	3	C1		anchored via US spelling (licence→license); multiple EO senses — verify anchor
5	logic	LINK	logik	logiko	logic	ok	NOUN	no	7	6	1	logic:NOUN;illogical:ADJ;illogically:ADV;logically:ADV;logician:NOUN;logicians:NOUN	logical(2)			3	C1		
5	margin	NEW	marĝen	marĝeno	margin	ok	NOUN	no	4	4	0	margin:NOUN;marginal:ADJ;marginally:ADV;margins:NOUN				3	C1		
5	medical	LINK	kurac	kuraca	medical	ok	ADJ	2	2	1	1	medically:ADV	medical(2)		medicina	3	C1		head already in lexicon (tier 2)
5	mental	LINK	mens	mensa	mental	ok	ADJ	2	3	2	1	mentality:NOUN;mentally:ADV	mental(2)		spirita	3	C1		head already in lexicon (tier 2)
5	modify	LINK	ŝanĝ	ŝanĝi	to change, turn, modify, make changes	ok	VERB	2	7	6	1	modification:NOUN;modifications:NOUN;modified:VERB;modifies:NOUN;modifying:VERB;unmodified:ADJ	modify(2)		aliigi, modifi, modifiki	3	C1		head already in lexicon (tier 2); multiple EO senses — verify anchor
5	monitor	LINK	ekran	ekrano	display, monitor, screen, visual display unit	ok	NOUN	2	5	4	1	monitored:VERB;monitoring:VERB;monitors:NOUN;unmonitored:ADJ	monitor(2)		alartista, avertanto, avertulo, ekranbloko, kaŝaŭskulti	3	C1		head already in lexicon (tier 2); multiple EO senses — verify anchor
5	network	LINK	ret	reto	net, network, web	ok	NOUN	2	4	3	1	networked:VERB;networking:VERB;networks:NOUN	network(2)		retaĵo	3	C1		head already in lexicon (tier 2)
5	notion	LINK	noci	nocio	notion, concept	ok	NOUN	2	2	1	1	notions:NOUN	notion(2)		ekkono, komprenaĵo, kompreno	3	C1		head already in lexicon (tier 2); multiple EO senses — verify anchor
5	objective	LINK	cel	celo	aim, goal, purpose, target, purpose, objective, aspiration	ok	NOUN	2	3	2	1	objectively:ADV;objectivity:NOUN	objective(2)		empiria, objektiva, objektivo	3	C1		head already in lexicon (tier 2); multiple EO senses — verify anchor
5	orient	LINK	orient	orienti	to orient, orientate	ok	NOUN	no	11	11	0	orient:NOUN;orientate:VERB;orientated:VERB;orientates:VERB;orientating:VERB;orientation:NOUN;oriented:VERB;orienting:VERB;orients:NOUN;reorient:NOUN;reorientation:NOUN			oriento	3	C1		
5	perspective	LINK	perspektiv	perspektivo	perspective, prospect	ok	NOUN	2	2	1	1	perspectives:NOUN	perspective(2)			3	C1		head already in lexicon (tier 2)
5	precise	LINK	net	neta	cleanly cut, neat, precise, net (weight, etc.), distinct	ok	VERB	2	4	3	1	imprecise:VERB;precisely:ADV;precision:NOUN	precise(2)		akurata, preciza	3	C1		head already in lexicon (tier 2)
5	prime	LINK	prim	prima	prime (number)	ok	NOUN	2	2	1	1	primacy:NOUN	prime(2)		prajmi, primo	3	C1		head already in lexicon (tier 2)
5	psychology	LINK	psikologi	psikologio	psychology	ok	NOUN	2	5	3	2	psychological:ADJ;psychologically:ADV;psychologists:NOUN	psychology(2);psychologist(2)		psiĥologio	3	C1		head already in lexicon (tier 2)
5	pursue	LINK	ĉas	ĉasi	to chase, hunt, pursue, seek after	ok	VERB	2	6	5	1	pursued:VERB;pursues:NOUN;pursuing:VERB;pursuit:NOUN;pursuits:NOUN	pursue(2)		alceli, forpeladi, persekuti, postesekvi	3	C1		head already in lexicon (tier 2); multiple EO senses — verify anchor
5	ratio	NEW	rejŝ	rejŝo	ratio	ok	NOUN	no	2	2	0	ratio:NOUN;ratios:NOUN			kvociento, proporcio, rilato, rilatumo	3	C1		multiple EO senses — verify anchor
5	reject	LINK	neg	negi	to deny, reject	ok	VERB	2	6	5	1	rejected:VERB;rejecting:VERB;rejection:NOUN;rejections:NOUN;rejects:NOUN	reject(2)		malakcepti, reĵeti, rifuzi	3	C1		head already in lexicon (tier 2); multiple EO senses — verify anchor
5	revenue	LINK	rent	rento	annuity, dividend, income, return, revenue	ok	NOUN	3	2	1	1	revenues:NOUN	revenue(3)		enspezo	3	C1		head already in lexicon (tier 3)
5	stable	LINK	firm	firma	fast, firm, stable, staunch, unshaken	ok	ADJ	2	14	13	1	instability:NOUN;stabilisation:NOUN;stabilise:VERB;stabilised:VERB;stabilises:NOUN;stabilising:VERB;stability:NOUN;stabilization:NOUN;stabilize:VERB;stabilized:VERB;stabilizes:VERB;stabilizing:VERB;unstable:ADJ	stable(2)		ĉevalejo, enstaligi, fortika, neŝanĝiĝema, stabila	3	C1		head already in lexicon (tier 2); multiple EO senses — verify anchor
5	style	LINK	stil	stilo	style	ok	NOUN	1	13	10	3	styled:VERB;styles:NOUN;stylise:VERB;stylised:VERB;stylises:NOUN;stylising:VERB;stylize:VERB;stylized:VERB;stylizes:NOUN;stylizing:VERB	style(1);styling(2);stylish(2)		fasono, stiluso, titolo	3	C1		head already in lexicon (tier 1); multiple EO senses — verify anchor
5	substitute	NEW	antaŭig	antaŭigi	to substitute	ok	NOUN	no	5	5	0	substitute:NOUN;substituted:VERB;substitutes:NOUN;substituting:VERB;substitution:NOUN			anstataŭa, anstataŭaĵo, anstataŭi, anstataŭiga, anstataŭigi	3	C1		multiple EO senses — verify anchor
5	sustain	NEW	apog	apogi	to back (up), bolster, buttress, lean, prop, rest, support, sustain, underpin, recline, uphold	ok	VERB	no	8	8	0	sustain:VERB;sustainability:NOUN;sustainable:ADJ;sustained:VERB;sustaining:VERB;sustains:VERB;sustenance:NOUN;unsustainable:ADJ			pluigi, subteni	3	C1		
5	symbol	LINK	armori	armorio	coat-of-arms, symbol	ok	NOUN	2	13	12	1	symbolic:ADJ;symbolically:ADV;symbolise:VERB;symbolised:VERB;symbolises:VERB;symbolising:VERB;symbolism:NOUN;symbolize:VERB;symbolized:VERB;symbolizes:VERB;symbolizing:VERB;symbols:NOUN	symbol(2)		blazono, referencilo, simbolo	3	C1		head already in lexicon (tier 2); multiple EO senses — verify anchor
5	target	LINK	cel	celi	to aim (at, for), mean (to say), target, intend, aspire, strain after	ok	NOUN	2	4	3	1	targeted:VERB;targeting:VERB;targets:NOUN	target(2)		celaĵo, celdisko, celo, celtabulo, cirklara	3	C1		head already in lexicon (tier 2); multiple EO senses — verify anchor
5	transit	NEW	pasad	pasado	passing, passing by, transit	ok	NOUN	no	8	7	1	transit:NOUN;transited:VERB;transiting:VERB;transitional:ADJ;transitions:NOUN;transitory:NOUN;transits:NOUN	transition(2)		transita, transiti, transito	3	C1		multiple EO senses — verify anchor
5	trend	LINK	tendenc	tendenco	tendency, bias, trend	ok	NOUN	2	2	1	1	trends:NOUN	trend(2)			3	C1		head already in lexicon (tier 2)
5	version	LINK	eldon	eldono	edition, issue (published item), release, version	ok	NOUN	2	2	1	1	versions:NOUN	version(2)		proversia, traduko, versia, versio	3	C1		head already in lexicon (tier 2); multiple EO senses — verify anchor
5	welfare	LINK	bonfar	bonfara	beneficent, beneficial, charitable, humanitarian, welfare	ok	NOUN	no	1	1	0	welfare:NOUN			bonstato	3	C1		single-form family (head only)
5	whereas	LINK	dum	dum	during, while, for, whereas, whilst	ok	SCONJ	2	1	0	1		whereas(2)		ĉar	3	C1		head already in lexicon (tier 2); single-form family (head only)
6	abstract	NEW	deten	deteni	to abstract, restrain, detain, hold	ok	ADJ	no	5	5	0	abstract:ADJ;abstraction:NOUN;abstractions:NOUN;abstractly:ADV;abstracts:NOUN			abstrakta, abstrakti, abstrakto, forpreni, konkludi	3	C1		multiple EO senses — verify anchor
6	accurate	LINK	fidel	fidela	accurate, exact, faithful, loyal, staunch, trusty, trustworthy	ok	ADJ	2	6	4	2	accuracy:NOUN;inaccuracies:NOUN;inaccuracy:NOUN;inaccurate:NOUN	accurate(2);accurately(2)		akurata, ekzakta, preciza, skrupula	3	C1		head already in lexicon (tier 2); multiple EO senses — verify anchor
6	acknowledge	LINK	agnosk	agnoski	to acknowledge, recognize (as official)	ok	VERB	2	6	5	1	acknowledged:VERB;acknowledgemens:NOUN;acknowledgement:NOUN;acknowledges:VERB;acknowledging:VERB	acknowledge(2)		konfesi, konfirmi	3	C1		head already in lexicon (tier 2)
6	aggregate	LINK	sum	suma	aggregate	ok	VERB	no	5	5	0	aggregate:VERB;aggregated:VERB;aggregates:NOUN;aggregating:VERB;aggregation:NOUN			agrega, agregaĵo, agregato, agregi, agregiĝi	3	C1		multiple EO senses — verify anchor
6	allocate	LINK	okup	okupi	to occupy, employ, engage, allocate	ok	VERB	no	6	6	0	allocate:VERB;allocated:VERB;allocates:NOUN;allocating:VERB;allocation:NOUN;allocations:NOUN			asigni, distribui, kvotigi	3	C1		multiple EO senses — verify anchor
6	assign	LINK	task	taski	to assign	ok	VERB	no	11	10	1	assign:VERB;assigned:VERB;assigning:VERB;assignments:NOUN;assigns:VERB;reassign:ADJ;reassigned:VERB;reassigning:VERB;reassigns:NOUN;unassigned:VERB	assignment(2)		alpostenigi, asigni, atribui, destini, komisii	3	C1		multiple EO senses — verify anchor
6	attach	LINK	fiks	fiksi	to attach, determine, fasten, fix, affix, make fast, secure, freeze, latch	ok	VERB	2	7	6	1	attached:VERB;attaches:NOUN;attaching:VERB;attachment:NOUN;attachments:NOUN;unattached:ADJ	attach(2)		afiksi, alfiksi, alfiksiĝi, alfortikigi, alkroĉi	3	C1		head already in lexicon (tier 2); multiple EO senses — verify anchor
6	author	LINK	aŭtor	aŭtori	to author	ok	NOUN	2	5	4	1	authored:VERB;authoring:VERB;authors:NOUN;authorship:NOUN	author(2)		aŭtoro, beletristo, klasikulo, publicisto, verkanto	3	C1		head already in lexicon (tier 2); multiple EO senses — verify anchor
6	bond	LINK	ligil	ligilo	band, strap, bond, tie, leash, tether, linker, link (WWW)	ok	NOUN	2	4	3	1	bonded:VERB;bonding:VERB;bonds:NOUN	bond(2)		aglutini, obligacio	3	C1		head already in lexicon (tier 2)
6	brief	LINK	lakon	lakona	brief, laconic, concise, succinct	ok	ADJ	2	6	5	1	brevity:NOUN;briefed:VERB;briefing:NOUN;briefly:ADV;briefs:NOUN	brief(2)		maldaŭra, mallonga, nedaŭra, sendaŭra	3	C1		head already in lexicon (tier 2); multiple EO senses — verify anchor
6	capable	LINK	kapabl	kapabla	able, capable, apt, qualified	ok	ADJ	2	4	3	1	capabilities:NOUN;capability:NOUN;incapable:ADJ	capable(2)		kompetenta	3	C1		head already in lexicon (tier 2)
6	cite	LINK	cit	citi	to cite, quote, mention	ok	VERB	2	6	5	1	citation:NOUN;citations:NOUN;cited:VERB;cites:VERB;citing:VERB	cite(2)			3	C1		head already in lexicon (tier 2)
6	cooperate	LINK	kunag	kunagi	to cooperate	ok	VERB	2	13	11	2	co-operate:VERB;co-operated:ADJ;co-operates:NOUN;co-operation:NOUN;co-operative:ADJ;co-operatively:ADV;cooperated:VERB;cooperates:NOUN;cooperating:VERB;cooperative:ADJ;cooperatively:ADV	cooperate(2);cooperation(2)		kunhelpi, kunlabori	3	C1		head already in lexicon (tier 2)
6	discriminate	NEW	disting	distingi	to differentiate, discern, discriminate, distinguish, mark	ok	VERB	no	5	5	0	discriminate:VERB;discriminated:VERB;discriminates:VERB;discriminating:VERB;discrimination:NOUN			diskriminacii, diskrimini	3	C1		
6	display	LINK	pomp	pompo	display, pomp, splendor	ok	VERB	2	4	3	1	displayed:VERB;displaying:VERB;displays:NOUN	display(2)		ekrano, eksponi, elmontraĵo, elmontri, elmontro	3	C1		head already in lexicon (tier 2); multiple EO senses — verify anchor
6	diverse	LINK	divers	diversa	different, diverse, varied, various, sundry, miscellaneous	ok	ADJ	no	8	8	0	diverse:ADJ;diversely:ADV;diversification:NOUN;diversified:VERB;diversifies:NOUN;diversify:VERB;diversifying:VERB;diversity:NOUN			diverskultura, multspeca	3	C1		
6	domain	LINK	bien	bieno	domain, estate, farm, property, ranch, land, ground(s)	ok	NOUN	no	2	2	0	domain:NOUN;domains:NOUN			domajno, variejo	3	C1		
6	edit	LINK	eldon	eldoni	to issue, publish, edit, release	ok	NOUN	2	10	7	3	edited:VERB;editing:VERB;editions:NOUN;editorial:NOUN;editorials:NOUN;editors:NOUN;edits:NOUN	edit(2);edition(2);editor(2)		editori, redakta, redakti, redakto	3	C1		head already in lexicon (tier 2); multiple EO senses — verify anchor
6	enhance	LINK	plibonig	plibonigi	to ameliorate, improve, reform, enhance, upgrade	ok	NOUN	2	5	4	1	enhanced:VERB;enhancement:NOUN;enhances:VERB;enhancing:VERB	enhance(2)		plimultigi	3	C1		head already in lexicon (tier 2)
6	estate	LINK	bien	bieno	domain, estate, farm, property, ranch, land, ground(s)	ok	NOUN	2	2	1	1	estates:NOUN	estate(2)		nemoveblaĵo, postlasaĵo	3	C1		head already in lexicon (tier 2)
6	exceed	LINK	super	superi	to exceed, excel, prevail, surpass, outdo, top, be superior to	ok	VERB	no	4	4	0	exceed:VERB;exceeded:VERB;exceeding:VERB;exceeds:NOUN				3	C1		
6	expert	LINK	lert	lerta	able, adroit, clever, dexterous, skillful, expert, talented, handy	ok	NOUN	2	4	3	1	expertise:VERB;expertly:ADV;experts:NOUN	expert(2)		eksperta, ekspertisto, eksperto, ekzercita, fakulo	3	C1		head already in lexicon (tier 2); multiple EO senses — verify anchor
6	explicit	LINK	klar	klara	clear, distinct, plain, explicit, lucid, manifest	ok	ADJ	no	2	2	0	explicit:ADJ;explicitly:ADV			eksplicita	3	C1		
6	federal	LINK	feder	federa	federal, federative	ok	ADJ	2	3	2	1	federation:NOUN;federations:NOUN	federal(2)		federacia, federala	3	C1		head already in lexicon (tier 2)
6	fee	LINK	honorari	honorario	fee, honorarium, remuneration	compound	NOUN	2	2	1	1	fees:NOUN	fee(2)	honor+ari		3	C1		head already in lexicon (tier 2)
6	flexible	LINK	fleks	fleksa	flexible	ok	ADJ	2	4	3	1	flexibility:NOUN;inflexibility:NOUN;inflexible:ADJ	flexible(2)		fleksebla, fleksia, fleksiebla, fleksiĝema	3	C1		head already in lexicon (tier 2); multiple EO senses — verify anchor
6	furthermore	LINK	plu	plue	besides, furthermore, in addition, moreover, further	ok	ADV	2	1	0	1		furthermore(2)		krome	3	C1		head already in lexicon (tier 2); single-form family (head only)
6	gender	NEW	genr	genro	gender, genus	ok	NOUN	no	2	2	0	gender:NOUN;genders:NOUN			sekso	3	C1		
6	ignorant	LINK	malkler	malklera	dull, stupid, ignorant, illiterate, uncultured, uneducated, simple	ok	ADJ	2	6	3	3	ignored:VERB;ignores:VERB;ignoring:VERB	ignorant(2);ignorance(2);ignore(2)			3	C1		head already in lexicon (tier 2)
6	incentive	LINK	kaŭz	kaŭzo	cause, reason, incentive, motive	ok	NOUN	no	2	2	0	incentive:NOUN;incentives:NOUN			motivo, stimulo	3	C1		
6	incidence					no_match	NOUN	no	4	3	1	incidence:NOUN;incidentally:ADV;incidents:NOUN	incident(2)			3	C1		
6	incorporate	NEW	enkorpig	enkorpigi	to embed, incorporate, embody	ok	VERB	no	5	5	0	incorporate:VERB;incorporated:VERB;incorporates:VERB;incorporating:VERB;incorporation:NOUN			inkludi	3	C1		
6	index	LINK	indic	indico	index, indicant	ok	NOUN	2	4	3	1	indexed:VERB;indexes:NOUN;indexing:NOUN	index(2)		indeksi, indekso, nomaro, tabelo	3	C1		head already in lexicon (tier 2); multiple EO senses — verify anchor
6	inhibit	NEW	inhib	inhibi	to inhibit	ok	VERB	no	6	6	0	inhibit:VERB;inhibited:VERB;inhibiting:VERB;inhibition:NOUN;inhibitions:NOUN;inhibits:NOUN			inhibicii, malebligi, malhelpi	3	C1		multiple EO senses — verify anchor
6	initiate	NEW	inic	inici	to introduce to, let into, initiate	ok	VERB	no	10	9	1	initiate:VERB;initiated:VERB;initiates:VERB;initiating:VERB;initiation:NOUN;initiations:NOUN;initiatives:NOUN;initiator:NOUN;initiators:NOUN	initiative(2)		adepto, iniciati, inicito	3	C1		multiple EO senses — verify anchor
6	input	NEW	enig	enigi	to enter, input, put in, insert	ok	VERB	no	2	2	0	input:VERB;inputs:NOUN			enigaj, enigajn, enigo	3	C1		multiple EO senses — verify anchor
6	instruct	NEW	edukad	edukadi	to educate, instruct	ok	VERB	no	9	7	2	instruct:VERB;instructed:VERB;instructing:VERB;instructions:NOUN;instructive:ADJ;instructors:NOUN;instructs:VERB	instruction(2);instructor(2)		instrui, instrukcii, komisii	3	C1		multiple EO senses — verify anchor
6	intelligent	LINK	inteligent	inteligenta	intelligent, sagacious	ok	ADJ	2	4	2	2	intelligently:ADV;unintelligent:NOUN	intelligent(2);intelligence(2)			3	C1		head already in lexicon (tier 2)
6	interval	LINK	paŭz	paŭzo	break, intermission, pause, recess, interval, rest, stop	ok	NOUN	no	2	2	0	interval:NOUN;intervals:NOUN			interspaco, intertempo, intervalo	3	C1		multiple EO senses — verify anchor
6	lecture	LINK	lekci	lekcii	to lecture	ok	NOUN	2	6	5	1	lectured:VERB;lecturer:NOUN;lecturers:NOUN;lectures:NOUN;lecturing:VERB	lecture(2)		lekcio, parolado, prelegi, prelego, referi	3	C1		head already in lexicon (tier 2); multiple EO senses — verify anchor
6	migrate	LINK	migr	migri	to migrate, roam, wander, wander about, travel about	ok	NOUN	no	9	9	0	migrate:NOUN;migrant:NOUN;migrants:NOUN;migrated:VERB;migrates:VERB;migrating:NOUN;migration:NOUN;migrations:NOUN;migratory:NOUN			migrigi	3	C1		
6	minimum	LINK	minimum	minimuma	minimal, minimum	ok	ADJ	2	1	0	1		minimum(2)		minimumo	3	C1		head already in lexicon (tier 2); single-form family (head only)
6	ministry	NEW	ordin	ordino	holy order, ministry	ok	NOUN	no	5	5	0	ministry:NOUN;ministered:VERB;ministerial:NOUN;ministering:VERB;ministries:NOUN			ministerio, ministraro, ministrejo, pastrado, pastreco	3	C1		multiple EO senses — verify anchor
6	motive	LINK	kaŭz	kaŭzo	cause, reason, incentive, motive	ok	NOUN	no	9	9	0	motive:NOUN;motivate:VERB;motivated:VERB;motivates:NOUN;motivating:VERB;motivation:NOUN;motivations:NOUN;motives:NOUN;unmotivated:VERB			motivo, moviga, tialo	3	C1		multiple EO senses — verify anchor
6	neutral	NEW	neŭtr	neŭtra	neuter, neutral	ok	ADJ	no	12	12	0	neutral:ADJ;neutralisation:NOUN;neutralise:VERB;neutralised:VERB;neutralises:NOUN;neutralising:VERB;neutrality:NOUN;neutralization:NOUN;neutralize:VERB;neutralized:VERB;neutralizes:VERB;neutralizing:VERB			eksterpartia, nepartia, neŭtrala, senpartia	3	C1		multiple EO senses — verify anchor
6	nevertheless	LINK	tam	tamen	but, however, nevertheless, yet, notwithstanding, still	ok	ADJ	2	1	0	1		nevertheless(2)		malgraŭe	3	C1		head already in lexicon (tier 2); single-form family (head only)
6	overseas	LINK	fremdland	fremdlanda	alien, foreign, offshore, overseas	ok	ADV	2	1	0	1		overseas(2)		transmara, transmare	3	C1		head already in lexicon (tier 2); single-form family (head only)
6	precede	LINK	antaŭ	antaŭi	to precede	ok	VERB	no	7	7	0	precede:VERB;preceded:VERB;precedence:NOUN;precedent:NOUN;precedes:NOUN;preceding:VERB;unprecedented:ADJ			antaŭiri, antaŭveni	3	C1		
6	presume	LINK	supoz	supozi	to assume, guess, presume, suppose, surmise	ok	VERB	no	8	8	0	presume:VERB;presumably:ADV;presumed:VERB;presumes:NOUN;presuming:VERB;presumption:NOUN;presumptions:NOUN;presumptuous:ADJ			antaŭpremisi, antaŭsupozi, pretendi	3	C1		multiple EO senses — verify anchor
6	rational	LINK	raci	racia	rational, sane, reasonable	ok	NOUN	no	16	16	0	rational:NOUN;irrational:ADJ;rationalisation:NOUN;rationalisations:NOUN;rationalise:VERB;rationalised:VERB;rationalises:VERB;rationalising:VERB;rationalism:NOUN;rationality:NOUN;rationalization:NOUN;rationalizations:NOUN;rationalize:VERB;rationalized:VERB;rationalizes:VERB;rationally:ADV			racionala	3	C1		
6	recover	LINK	ripar	ripari	to fix, repair, mend, redress, amend, restore, recover	ok	VERB	2	6	4	2	recoverable:ADJ;recovered:VERB;recovering:VERB;recovers:NOUN	recover(2);recovery(2)		bonsani, reakiri, reboniĝi, resaniĝi, retrovi	3	C1		head already in lexicon (tier 2); multiple EO senses — verify anchor
6	reveal	LINK	konig	konigi	to divulge, let know, reveal	ok	VERB	2	6	5	1	revealed:VERB;revealing:VERB;reveals:VERB;revelation:NOUN;revelations:NOUN	reveal(2)		malkaŝi, malkovri, publikigi, revelacii, riveli	3	C1		head already in lexicon (tier 2); multiple EO senses — verify anchor
6	scope	LINK	region	regiono	region, scope, district, tract (of land)	ok	NOUN	no	1	1	0	scope:NOUN			amplekso	3	C1		single-form family (head only)
6	subsidy	NEW	subvenci	subvencio	grant, subsidy	ok	NOUN	no	11	11	0	subsidy:NOUN;subsidiary:NOUN;subsidies:NOUN;subsidise:VERB;subsidised:VERB;subsidises:NOUN;subsidising:VERB;subsidize:VERB;subsidized:VERB;subsidizes:NOUN;subsidizing:VERB				3	C1		
6	tape	LINK	bend	bendi	to tape	ok	NOUN	2	4	3	1	taped:VERB;tapes:NOUN;taping:VERB	tape(2)		bendo, bendskribi, glubendo, kotonrubando, rubando	3	C1		head already in lexicon (tier 2); multiple EO senses — verify anchor
6	trace	NEW	paŭs	paŭsi	to slavishly reproduce, trace	ok	NOUN	no	5	5	0	trace:NOUN;traceable:ADJ;traced:VERB;traces:NOUN;tracing:VERB			limdifini, postsigno, sekvosigno, spuri, spuro	3	C1		multiple EO senses — verify anchor
6	transform	LINK	aliig	aliigi	to alter, change, turn, modify, transform (sth into sth)	ok	VERB	2	6	5	1	transformation:NOUN;transformations:NOUN;transformed:VERB;transforming:VERB;transforms:VERB	transform(2)		aliformigi, aliformigiiĝo, konverti, metamorfozi, transformi	3	C1		head already in lexicon (tier 2); multiple EO senses — verify anchor
6	transport	LINK	transig	transigi	to pass, transmit, transport, transfer	ok	NOUN	2	7	5	2	transported:VERB;transporter:NOUN;transporters:NOUN;transporting:VERB;transports:NOUN	transport(2);transportation(2)		transporti, transportilo, transporto, veturigi	3	C1		head already in lexicon (tier 2); multiple EO senses — verify anchor
6	underlie	NEW	subten	subteni	to abet, support, sustain, maintain, shore up, underlie	ok	VERB	no	4	4	0	underlie:VERB;underlay:NOUN;underlies:NOUN;underlying:VERB			subtavoli	3	C1		
6	utilise	NEW	utilig	utiligi	to make use of, turn to good account, utilize	ok	VERB	no	14	14	0	utilise:VERB;utilisation:NOUN;utilised:VERB;utiliser:NOUN;utilisers:NOUN;utilises:VERB;utilising:VERB;utilities:NOUN;utility:NOUN;utilization:NOUN;utilize:VERB;utilized:VERB;utilizes:VERB;utilizing:VERB			ekspluati	3	C1		anchored via US spelling (utilise→utilize)
7	adapt	LINK	adapt	adapti	to accommodate, adapt, adjust, attune, fix, fit, mount, place, tune	ok	VERB	2	9	8	1	adaptability:NOUN;adaptable:ADJ;adaptation:NOUN;adaptations:NOUN;adapted:VERB;adapting:VERB;adaptive:ADJ;adapts:NOUN	adapt(2)		adepti, akomodi, alaranĝi, alfari, alkonformigi	3	C1		head already in lexicon (tier 2); multiple EO senses — verify anchor
7	adult	LINK	adolt	adolto	adult	ok	NOUN	1/2	3	2	1	adulthood:NOUN;adults:NOUN	adult(1/2)		adultaĵo, maturaĝa, maturulo, plenaĝa, plenaĝulo	3	C1		head already in lexicon (tier 1/2); multiple EO senses — verify anchor
7	advocate	LINK	propon	proponi	to propose, offer, advocate, suggest	ok	VERB	no	5	5	0	advocate:VERB;advocacy:NOUN;advocated:VERB;advocates:NOUN;advocating:VERB			advokati, advokato, defendisto, partiano, porbatalanto	3	C1		multiple EO senses — verify anchor
7	aid	LINK	help	helpi	to accommodate, aid, assist, help	ok	NOUN	2	5	4	1	aided:VERB;aiding:VERB;aids:NOUN;unaided:ADJ	aid(2)		asistanto, asisti, asisto, helpanto, helpilo	3	C1		head already in lexicon (tier 2); multiple EO senses — verify anchor
7	channel	LINK	tub	tubo	barrel, channel, pipe, tube, conduit, duct, stem	ok	NOUN	2	4	3	1	channelled:VERB;channelling:VERB;channels:NOUN	channel(2)		babilejo, kanalo, markolo, ŝanelo	3	C1		head already in lexicon (tier 2); multiple EO senses — verify anchor
7	chemical	LINK	kemi	kemia	chemical	ok	ADJ	2	3	2	1	chemically:ADV;chemicals:NOUN	chemical(2)		ĥemia, ĥemiaĵo, kemiaĵo	3	C1		head already in lexicon (tier 2); multiple EO senses — verify anchor
7	classic	LINK	klasik	klasika	classic, classical	ok	NOUN	2	3	1	2	classics:NOUN	classic(2);classical(2)		klasikaĵo	3	C1		head already in lexicon (tier 2)
7	comprehensive	LINK	ampleks	ampleksa	ample, bulky, extensive, comprehensive	ok	NOUN	3	2	1	1	comprehensively:ADV	comprehensive(3)		multampleksa	3	C1		head already in lexicon (tier 3)
7	comprise	LINK	enhav	enhavi	to comprise, contain, include, hold	ok	VERB	no	4	4	0	comprise:VERB;comprised:VERB;comprises:VERB;comprising:VERB			ampleksi	3	C1		
7	confirm	LINK	jesig	jesigi	to certify, confirm	ok	VERB	2	5	4	1	confirmation:NOUN;confirmed:VERB;confirming:VERB;confirms:VERB	confirm(2)		definitivigi, konfermi, konfirmacii, konfirmi	3	C1		head already in lexicon (tier 2); multiple EO senses — verify anchor
7	contrary	LINK	mal	mala	contrary, opposite, converse	ok	ADJ	no	2	2	0	contrary:ADJ;contrarily:ADV			konflikta, kontraŭa, male	3	C1		multiple EO senses — verify anchor
7	convert	LINK	konvert	konverti	to convert, proselytize, transform	ok	VERB	2	7	6	1	conversion:NOUN;conversions:NOUN;converted:VERB;convertible:ADJ;converting:VERB;converts:NOUN	convert(2)		konvertiĝi, konvertito, prozelito	3	C1		head already in lexicon (tier 2); multiple EO senses — verify anchor
7	couple	LINK	du	duo	couple, pair	ok	NOUN	2	4	3	1	coupled:VERB;couples:NOUN;coupling:VERB	couple(2)		duopo, geedzoj, kopli, kunigi, kupli	3	C1		head already in lexicon (tier 2); multiple EO senses — verify anchor
7	decade	LINK	dekad	dekado	decade	ok	NOUN	2	2	1	1	decades:NOUN	decade(2)		jardeko	3	C1		head already in lexicon (tier 2)
7	definite	LINK	nepr	nepri	to be absolute, definite	ok	ADJ	2	5	3	2	definitive:ADJ;indefinite:ADJ;indefinitely:ADV	definite(2);definitely(2)		definitiva, difinita, difinitiva, eksterduba	3	C1		head already in lexicon (tier 2); multiple EO senses — verify anchor
7	deny	LINK	ne	nei	to deny, say no, disown, repudiate, negate	ok	VERB	2	8	7	1	deniable:ADJ;denial:NOUN;denials:NOUN;denied:VERB;denies:VERB;denying:VERB;undeniable:ADJ	deny(2)		fornei, malkonfesi, malkonfirmi, malkonsenti, negi	3	C1		head already in lexicon (tier 2); multiple EO senses — verify anchor
7	differentiate	NEW	deriv	derivi	to derive, differentiate	ok	VERB	no	5	5	0	differentiate:VERB;differentiated:VERB;differentiates:NOUN;differentiating:VERB;differentiation:NOUN			diferenciali, diferencigi, distingi	3	C1		multiple EO senses — verify anchor
7	dispose	NEW	destin	destini	to assign, consign, designate, destine, dispose, earmark, ordain	ok	VERB	no	6	6	0	dispose:VERB;disposable:ADJ;disposal:NOUN;disposed:VERB;disposes:NOUN;disposing:VERB			disponi, dispozicii, malokupi	3	C1		multiple EO senses — verify anchor
7	dynamic	NEW	dinamik	dinamika	dynamic	compound	ADJ	no	3	3	0	dynamic:ADJ;dynamically:ADV;dynamics:NOUN		din+amik	pasperkuta, rultempa	3	C1		
7	eliminate	NEW	elmet	elmeti	to eliminate, expose, show goods	ok	VERB	no	5	5	0	eliminate:VERB;eliminated:VERB;eliminates:NOUN;eliminating:VERB;elimination:NOUN			elimini, forigi	3	C1		
7	empirical	NEW	empiri	empiria	empirical, objective	ok	ADJ	no	3	3	0	empirical:ADJ;empirically:ADV;empiricism:NOUN				3	C1		
7	equip	LINK	ekip	ekipi	to equip, outfit	ok	NOUN	no	5	4	1	equip:NOUN;equipped:VERB;equipping:VERB;equips:NOUN	equipment(2)		garni	3	C1		
7	extract	LINK	ĉerp	ĉerpi	to bail, draw (water), excerpt, extract, spoon	ok	VERB	no	5	5	0	extract:VERB;extracted:VERB;extracting:VERB;extraction:NOUN;extracts:VERB			detiri, ekstrakti, ekstrakto, elpremi, elpreni	3	C1		multiple EO senses — verify anchor
7	file	LINK	ar	aro	collection, group, set, bunch, cluster, file, pool; are (100 square meters)	ok	NOUN	2	4	3	1	filed:VERB;files:NOUN;filing:VERB	file(2)		arkivo, deponi, dosiero, fajli, fajlilo	3	C1		head already in lexicon (tier 2); multiple EO senses — verify anchor
7	finite	NEW	fini	finia	finite	ok	NOUN	no	3	3	0	finite:NOUN;infinite:VERB;infinitely:ADV			finitivo, limhava	3	C1		
7	foundation	LINK	fund	fundo	bottom, foundation, ground	ok	NOUN	no	2	2	0	foundation:NOUN;foundations:NOUN			fondaĵo, fondiĝo, fundamento, subkonstruaĵo	3	C1		multiple EO senses — verify anchor
7	globe	LINK	glob	globo	ball, ball bearing, globe, billiard ball, sphere	ok	NOUN	no	5	4	1	globe:NOUN;globalisation:NOUN;globalization:NOUN;globally:ADV	global(2)		globuso, terglobo	3	C1		
7	grade	LINK	not	noto	annotation, note, grade, memorandum, bulletin, mark	ok	NOUN	2	4	3	1	graded:VERB;grades:NOUN;grading:VERB	grade(2)		grado, graduso, rango, verticgrado	3	C1		head already in lexicon (tier 2); multiple EO senses — verify anchor
7	guarantee	LINK	aval	avalo	guarantee (of payment), backing	ok	NOUN	2	4	3	1	guaranteed:VERB;guaranteeing:VERB;guarantees:VERB	guarantee(2)		delkredero, garantia, garantiaĵo, garantii, garantio	3	C1		head already in lexicon (tier 2); multiple EO senses — verify anchor
7	hierarchy	NEW	hierarki	hierarkio	hierarchy	ok	NOUN	no	3	3	0	hierarchy:NOUN;hierarchical:ADJ;hierarchies:NOUN			hierarĥio	3	C1		
7	identical	LINK	ident	identa	identical	ok	ADJ	2	2	1	1	identically:ADV	identical(2)			3	C1		head already in lexicon (tier 2)
7	ideology	NEW	ideologi	ideologio	ideology	ok	NOUN	no	4	4	0	ideology:NOUN;ideological:ADJ;ideologically:ADV;ideologies:NOUN				3	C1		
7	infer	LINK	implik	impliki	to entangle, implicate, infer	ok	NOUN	no	6	6	0	infer:NOUN;inference:NOUN;inferences:NOUN;inferred:VERB;inferring:VERB;infers:NOUN			indukti, konkludi	3	C1		
7	innovate					no_match	VERB	no	9	9	0	innovate:VERB;innovated:VERB;innovates:VERB;innovating:VERB;innovation:NOUN;innovations:NOUN;innovative:ADJ;innovator:NOUN;innovators:NOUN				3	C1		
7	insert	LINK	anig	anigu	include, insert	ok	NOUN	2	5	4	1	inserted:VERB;inserting:NOUN;insertion:NOUN;inserts:NOUN	insert(2)		enigi, eniĝi, enmeti, enmeto, enmetu	3	C1		head already in lexicon (tier 2); multiple EO senses — verify anchor
7	intervene	NEW	interven	interveni	to interfere, intervene	ok	VERB	no	6	6	0	intervene:VERB;intervened:VERB;intervenes:NOUN;intervening:VERB;intervention:NOUN;interventions:NOUN				3	C1		
7	isolate	NEW	izol	izoli	to insulate, isolate, seclude	ok	VERB	no	6	6	0	isolate:VERB;isolated:VERB;isolates:NOUN;isolating:VERB;isolation:NOUN;isolationism:NOUN				3	C1		
7	media	LINK	prikomunikil	prikomunikila	media, about media	ok	NOUN	2	1	0	1		media(2)		amaskomunikiloj, aŭdvidaĵo	3	C1		head already in lexicon (tier 2); single-form family (head only)
7	mode	LINK	mod	modo	fashion, mode, mood	ok	NOUN	no	2	2	0	mode:NOUN;modes:VERB			maniero, moduso, reĝimo	3	C1		multiple EO senses — verify anchor
7	paradigm	NEW	paradigm	paradigmo	paradigm	ok	NOUN	no	2	2	0	paradigm:NOUN;paradigms:NOUN				3	C1		
7	phenomenon	LINK	fenomen	fenomeno	phenomenon	ok	NOUN	2	3	2	1	phenomena:NOUN;phenomenal:ADJ	phenomenon(2)			3	C1		head already in lexicon (tier 2)
7	priority	LINK	antaŭec	antaŭeco	precedence, priority	ok	NOUN	2	12	11	1	priorities:NOUN;prioritisation:NOUN;prioritise:VERB;prioritised:VERB;prioritises:NOUN;prioritising:VERB;prioritization:NOUN;prioritize:VERB;prioritized:VERB;prioritizes:NOUN;prioritizing:VERB	priority(2)		prioritata, prioritato	3	C1		head already in lexicon (tier 2)
7	prohibit	NEW	tabu	tabui	to make taboo, prohibit, outlaw	ok	NOUN	no	7	7	0	prohibit:NOUN;prohibited:VERB;prohibiting:VERB;prohibition:NOUN;prohibitions:NOUN;prohibitive:ADJ;prohibits:VERB			malebligi, malpermesi, prohibi	3	C1		multiple EO senses — verify anchor
7	publication	LINK	eldonaĵ	eldonaĵo	publication	ok	NOUN	2	2	1	1	publications:NOUN	publication(2)		publikigo	3	C1		head already in lexicon (tier 2)
7	quote	LINK	cit	citi	to cite, quote, mention	ok	INTJ	2	6	4	2	quotations:NOUN;quoted:VERB;quotes:NOUN;quoting:VERB	quote(2);quotation(2)		citaĵo, citilo	3	C1		head already in lexicon (tier 2)
7	release	LINK	las	lasi	to allow, leave, let, release, quit	ok	NOUN	2	4	3	1	released:VERB;releases:NOUN;releasing:VERB	release(2)		eldona, eldonaj, eldoni, eldono, ellasi	3	C1		head already in lexicon (tier 2); multiple EO senses — verify anchor
7	reverse	LINK	invers	inversa	inverse, inverted, reverse, reversed	ok	VERB	2	8	7	1	irreversible:ADJ;reversal:NOUN;reversals:NOUN;reversed:VERB;reverses:NOUN;reversible:ADJ;reversing:VERB	reverse(2)		dorsflanko, inversaĵo, inversigi, malantaŭenigi, malprogresigi	3	C1		head already in lexicon (tier 2); multiple EO senses — verify anchor
7	simulate	NEW	simul	simuli	to dissemble, feign, pretend, simulate	ok	VERB	no	5	5	0	simulate:VERB;simulated:VERB;simulates:NOUN;simulating:VERB;simulation:NOUN			ŝajniga, ŝajnigi	3	C1		
7	sole	LINK	nur	nura	mere, solitary, sole, pure	ok	NOUN	no	2	2	0	sole:NOUN;solely:ADV			piedplato, plando, plandumo, sola, soleo	3	C1		multiple EO senses — verify anchor
7	somewhat	LINK	iom	iom	a little, rather, some, somewhat, to some extent, a bit	ok	ADV	2	1	0	1		somewhat(2)			3	C1		head already in lexicon (tier 2); single-form family (head only)
7	submit	LINK	send	sendi	to forward, remit, send, transmit, submit	ok	VERB	2	6	5	1	submission:NOUN;submissions:NOUN;submits:VERB;submitted:VERB;submitting:VERB	submit(2)		subiĝi, submeti, submetiĝi	3	C1		head already in lexicon (tier 2); multiple EO senses — verify anchor
7	successor	NEW	tujaĵ	tujaĵo	successor	ok	NOUN	no	6	6	0	successor:NOUN;succession:NOUN;successions:NOUN;successive:ADJ;successively:ADV;successors:NOUN			epigono, postanto, posteulo, postsekvanto, postumo	3	C1		multiple EO senses — verify anchor
7	survive	LINK	traviv	travivi	to experience, live through, survive	ok	VERB	2	7	6	1	survival:NOUN;survived:VERB;survives:VERB;surviving:VERB;survivor:NOUN;survivors:NOUN	survive(2)		postvivi, supervivi, transvivi	3	C1		head already in lexicon (tier 2); multiple EO senses — verify anchor
7	thesis	NEW	tez	tezo	essay, thesis	ok	NOUN	no	2	2	0	thesis:NOUN;theses:VERB			disertacio, disertaĵo	3	C1		
7	topic	LINK	tem	temo	theme, subject, topic	ok	NOUN	1	3	2	1	topical:ADJ;topics:NOUN	topic(1)		aktualaĵo, subjekto	3	C1		head already in lexicon (tier 1)
7	transmit	LINK	send	sendi	to forward, remit, send, transmit, submit	ok	VERB	no	6	5	1	transmit:VERB;transmissions:NOUN;transmits:VERB;transmitted:VERB;transmitting:VERB	transmission(3)		elsendi, transdiri, transigi, transmisii, transsendi	3	C1		multiple EO senses — verify anchor
7	ultimate	LINK	last	lasta	hindermost, last, ultimate	ok	ADJ	2	2	0	2		ultimate(2);ultimately(2)		finfina, kulmina, pintega, pleja, ultimata	3	C1		head already in lexicon (tier 2); multiple EO senses — verify anchor
7	unique	LINK	unik	unika	unique	ok	ADJ	2	3	2	1	uniquely:ADV;uniqueness:NOUN	unique(2)		senegala, ununura	3	C1		head already in lexicon (tier 2)
7	visible	NEW	videbl	videbla	visible, apparent, obvious	ok	ADJ	no	5	5	0	visible:ADJ;invisibility:NOUN;invisible:ADJ;visibility:NOUN;visibly:ADV				3	C1		
7	voluntary	NEW	laŭvol	laŭvola	free, freestyle, optional, voluntary	ok	ADJ	no	6	5	1	voluntary:ADJ;voluntarily:ADV;volunteered:VERB;volunteering:VERB;volunteers:NOUN	volunteer(2)		honorofica, libervola, memvola, propramova, propravola	3	C1		multiple EO senses — verify anchor
8	abandon	LINK	delas	delasi	to abandon	ok	NOUN	2	5	4	1	abandoned:VERB;abandoning:VERB;abandonment:NOUN;abandons:NOUN	abandon(2)		fordoni, forlasi, malinhibicio, pasilibereco, rezigni	3	C1		head already in lexicon (tier 2); multiple EO senses — verify anchor
8	accompany	LINK	kunlud	kunludi	to accompany	ok	VERB	2	6	5	1	accompanied:VERB;accompanies:VERB;accompaniment:NOUN;accompanying:VERB;unaccompanied:VERB	accompany(2)		akompanadi, akompani, kunkanti	3	C1		head already in lexicon (tier 2); multiple EO senses — verify anchor
8	accumulate	NEW	akumul	akumuli	to accumulate, heap, pile up, stack, hoard	ok	VERB	no	5	5	0	accumulate:VERB;accumulated:VERB;accumulates:NOUN;accumulating:VERB;accumulation:NOUN			akumuliĝi, amasigi, amasiĝi	3	C1		multiple EO senses — verify anchor
8	ambiguous	NEW	ambigu	ambigua	ambiguous	ok	ADJ	no	5	5	0	ambiguous:ADJ;ambiguities:NOUN;ambiguity:NOUN;unambiguous:ADJ;unambiguously:ADV			dubasenca, dubsenca, dusenca, dusignifa, plursenca	3	C1		multiple EO senses — verify anchor
8	append	LINK	aldon	aldoni	to add (to), append, supplement	ok	NOUN	no	7	7	0	append:NOUN;appended:VERB;appendices:NOUN;appending:VERB;appendix:VERB;appendixes:NOUN;appends:VERB			alpendigi, inkluzivigi, postaldoni, postglui	3	C1		multiple EO senses — verify anchor
8	appreciate	LINK	ŝat	ŝati	to appreciate, like, prize, value, esteem, think highly of, relish	ok	VERB	2	8	6	2	appreciable:ADJ;appreciably:ADV;appreciated:VERB;appreciates:NOUN;appreciating:VERB;unappreciated:ADJ	appreciate(2);appreciation(2)		apreci, aprezi, konscii, plivalorigi, plivaloriĝi	3	C1		head already in lexicon (tier 2); multiple EO senses — verify anchor
8	arbitrary	LINK	a	ajn	any kind of, whatsoever, arbitrary	ok	ADJ	no	3	3	0	arbitrary:ADJ;arbitrarily:ADV;arbitrariness:NOUN			ajna, arbitra	3	C1		
8	automate	LINK	aŭtomat	aŭtomato	acceptor, automate, automaton	ok	ADJ	no	7	5	2	automate:ADJ;automated:VERB;automates:NOUN;automating:VERB;automation:NOUN	automatic(2);automatically(2)		aŭtomacii, aŭtomatigi, aŭtomatizi	3	C1		multiple EO senses — verify anchor
8	bias	NEW	bias	biaso	bias	ok	NOUN	no	5	5	0	bias:NOUN;biased:VERB;biases:NOUN;biasing:VERB;unbiased:ADJ			antaŭjuĝemo, ekarto, favoremo, tendenco	3	C1		multiple EO senses — verify anchor
8	chart	LINK	abak	abako	abacus, ball frame, counting frame, calculating frame, chart	ok	NOUN	1/2	5	4	1	charted:VERB;charting:VERB;charts:NOUN;uncharted:ADJ	chart(1/2)		diagramo, skemo	3	C1		head already in lexicon (tier 1/2)
8	clarify	NEW	klarig	klarigi	to account for, clarify, explain, elucidate, make clear	ok	VERB	no	6	4	2	clarify:VERB;clarifies:NOUN;clarifying:VERB;clarity:NOUN	clarification(3);clarified(3)			3	C1		
8	commodity	LINK	var	varo	commodity, ware, good(s), merchandise	ok	NOUN	no	2	2	0	commodity:NOUN;commodities:NOUN			artiklo, komercaĵo, krudaĵo	3	C1		multiple EO senses — verify anchor
8	complement	NEW	komplement	komplementi	to complement	ok	NOUN	no	5	5	0	complement:NOUN;complementary:NOUN;complemented:VERB;complementing:VERB;complements:NOUN			komplemento, plennombro	3	C1		
8	conform	NEW	konform	konformi	to be in line with, conform, fit (in)	ok	VERB	no	17	16	1	conform:VERB;conformability:NOUN;conformable:ADJ;conformance:NOUN;conformation:NOUN;conformed:VERB;conforming:VERB;conformist:NOUN;conformists:NOUN;conforms:VERB;non-conformist:NOUN;non-conformists:NOUN;non-conformity:NOUN;nonconformist:NOUN;nonconformists:NOUN;nonconformity:NOUN	conformity(3)		konformigi, konformiĝi	3	C1		
8	contemporary	LINK	aktual	aktuala	contemporary, current, present(-day) topical, up-to-date, live	ok	NOUN	2	2	1	1	contemporaries:NOUN	contemporary(2)		samaĝulo, sammomenta, samtempa, samtempano, samtempulo	3	C1		head already in lexicon (tier 2); multiple EO senses — verify anchor
8	contradict	NEW	kontraŭdir	kontraŭdiri	to contradict, gainsay	compound	VERB	no	7	7	0	contradict:VERB;contradicted:VERB;contradicting:VERB;contradiction:NOUN;contradictions:NOUN;contradictory:ADJ;contradicts:NOUN		kontraŭ+dir		3	C1		
8	crucial	LINK	kern	kerna	central, crucial, key	ok	ADJ	2	2	1	1	crucially:ADV	crucial(2)		kruca, nemankipova	3	C1		head already in lexicon (tier 2)
8	currency	LINK	valut	valuta	currency	ok	NOUN	2	2	1	1	currencies:NOUN	currency(2)		valuto	3	C1		head already in lexicon (tier 2)
8	denote	NEW	montr	montri	to indicate, point out, show, denote, expose, view	ok	NOUN	no	6	6	0	denote:NOUN;denotation:NOUN;denotations:NOUN;denoted:VERB;denotes:NOUN;denoting:VERB				3	C1		
8	detect	LINK	detekt	detekti	to detect	ok	VERB	2	10	8	2	detectable:ADJ;detected:VERB;detecting:VERB;detection:NOUN;detectives:NOUN;detector:NOUN;detectors:NOUN;detects:NOUN	detect(2);detective(2)		eltrovi	3	C1		head already in lexicon (tier 2)
8	deviate	NEW	devi	devii	to deviate, turn	ok	NOUN	no	6	6	0	deviate:NOUN;deviated:VERB;deviates:NOUN;deviating:VERB;deviation:NOUN;deviations:NOUN			aberacii, dekliniĝi, malrektiĝi	3	C1		multiple EO senses — verify anchor
8	displace	NEW	delok	deloki	to displace	ok	VERB	no	5	5	0	displace:VERB;displaced:VERB;displacement:NOUN;displaces:NOUN;displacing:VERB			transloki	3	C1		
8	drama	LINK	dram	dramo	drama, thriller	ok	NOUN	2	18	16	2	dramas:NOUN;dramatically:ADV;dramatisation:NOUN;dramatisations:NOUN;dramatise:VERB;dramatised:VERB;dramatises:NOUN;dramatising:VERB;dramatist:NOUN;dramatists:NOUN;dramatization:NOUN;dramatizations:NOUN;dramatize:VERB;dramatized:VERB;dramatizes:NOUN;dramatizing:VERB	drama(2);dramatic(2)			3	C1		head already in lexicon (tier 2)
8	eventual	NEW	eventual	eventuala	contingent, eventual	ok	ADJ	no	3	2	1	eventual:ADJ;eventuality:NOUN	eventually(2)			3	C1		
8	exhibit	LINK	ekzib	ekzibi	to exhibit	ok	NOUN	2	6	4	2	exhibited:VERB;exhibiting:VERB;exhibitions:NOUN;exhibits:NOUN	exhibit(2);exhibition(2)		ekshibicii, eksponi, ekspozi, ekspoziciaĵo, ekspozicii	3	C1		head already in lexicon (tier 2); multiple EO senses — verify anchor
8	exploit	NEW	misuz	misuzi	to abuse, misuse, exploit	ok	VERB	no	5	5	0	exploit:VERB;exploitation:NOUN;exploited:VERB;exploiting:VERB;exploits:NOUN			ekspluati, ekspluatilo, heroaĵo, misuzo, troprofiti	3	C1		multiple EO senses — verify anchor
8	fluctuate	NEW	fluktu	fluktui	to fluctuate	ok	NOUN	no	6	6	0	fluctuate:NOUN;fluctuated:VERB;fluctuates:VERB;fluctuating:VERB;fluctuation:NOUN;fluctuations:NOUN			variadi	3	C1		
8	guideline	LINK	gvidlini	gvidlinio	guideline	compound	NOUN	3	2	1	1	guidelines:NOUN	guideline(3)	gvid+lini	gvidnormo	3	C1		head already in lexicon (tier 3)
8	highlight	LINK	mark	marki	to mark, tag, highlight	ok	NOUN	2	4	3	1	highlighted:VERB;highlighting:VERB;highlights:NOUN	highlight(2)		emfazi, reliefigi	3	C1		head already in lexicon (tier 2)
8	implicit	LINK	implic	implica	implicit, implicative	ok	NOUN	no	2	2	0	implicit:NOUN;implicitly:ADV				3	C1		
8	induce	LINK	tent	tenti	to entice, induce, tempt	ok	VERB	no	5	5	0	induce:VERB;induced:VERB;induces:VERB;inducing:VERB;induction:NOUN			decidigi, induki, indukti, inklinigi, konkludi	3	C1		multiple EO senses — verify anchor
8	inevitable	LINK	fatal	fatala	fated, fateful, ill-fated, inevitable, ruinous	ok	ADJ	2	3	1	2	inevitability:NOUN	inevitable(2);inevitably(2)		neevitebla	3	C1		head already in lexicon (tier 2)
8	infrastructure	NEW	infrstruktur	infrstrukturo	infrastructure	ok	NOUN	no	2	2	0	infrastructure:NOUN;infrastructures:NOUN			infrastrukturo	3	C1		
8	inspect	NEW	reviz	revizi	to audit, inspect, overhaul, revise	ok	VERB	no	8	7	1	inspect:VERB;inspected:VERB;inspecting:VERB;inspections:NOUN;inspector:NOUN;inspectors:NOUN;inspects:NOUN	inspection(2)		ekzameni, inspekti	3	C1		
8	intense	LINK	eg	ega	considerable, major, great, enormous, intense, extreme	ok	ADJ	2	12	10	2	intenseness:NOUN;intensification:NOUN;intensified:VERB;intensifies:NOUN;intensify:VERB;intensifying:VERB;intension:NOUN;intensity:NOUN;intensive:ADJ;intensively:ADV	intense(2);intensely(2)		intensa	3	C1		head already in lexicon (tier 2)
8	manipulate	NEW	manuz	manuzi	to handle, manipulate, use	ok	NOUN	no	7	6	1	manipulate:NOUN;manipulated:VERB;manipulates:NOUN;manipulating:VERB;manipulations:NOUN;manipulative:ADJ	manipulation(3)		manipuli	3	C1		
8	minimise	NEW	plejetig	plejetigi	to minimize	ok	VERB	no	8	8	0	minimise:VERB;minimised:VERB;minimises:NOUN;minimising:VERB;minimize:VERB;minimized:VERB;minimizes:NOUN;minimizing:VERB			minimumigi	3	C1		anchored via US spelling (minimise→minimize)
8	nuclear	LINK	nukle	nuklea	nuclear	ok	ADJ	2	1	0	1		nuclear(2)			3	C1		head already in lexicon (tier 2); single-form family (head only)
8	offset	NEW	deiĝ	deiĝo	offset	ok	VERB	no	3	3	0	offset:VERB;offsets:NOUN;offsetting:VERB			deŝovo, distanco, kompensi, kontraŭpezi	3	C1		multiple EO senses — verify anchor
8	paragraph	LINK	aline	alineo	paragraph (text), indentation	ok	NOUN	1	3	2	1	paragraphing:NOUN;paragraphs:NOUN	paragraph(1)		paragrafo	3	C1		head already in lexicon (tier 1)
8	plus	LINK	pl	plus	plus	ok	CCONJ	2	2	1	1	pluses:NOUN	plus(2)		plusa	3	C1		head already in lexicon (tier 2)
8	practitioner	NEW	praktikant	praktikanto	practitioner	ok	NOUN	no	2	2	0	practitioner:NOUN;practitioners:NOUN				3	C1		
8	predominant	LINK	precip	precipa	chief, main, predominant, principal	ok	ADJ	no	7	7	0	predominant:ADJ;predominance:NOUN;predominantly:ADV;predominate:VERB;predominated:VERB;predominates:VERB;predominating:VERB				3	C1		
8	prospect	LINK	ŝanc	ŝanco	chance, luck, prospect	ok	NOUN	2	3	2	1	prospective:ADJ;prospects:NOUN	prospect(2)		esplori, perspektivo, prospektori, vidaĵo	3	C1		head already in lexicon (tier 2); multiple EO senses — verify anchor
8	radical	LINK	radik	radiko	root, radical	ok	ADJ	no	3	3	0	radical:ADJ;radically:ADV;radicals:NOUN			radikala, radikalo, radikalulo	3	C1		multiple EO senses — verify anchor
8	random	NEW	lotec	loteca	random	ok	ADJ	no	3	3	0	random:ADJ;randomly:ADV;randomness:NOUN			aleatora, hazarda, rektatinga, senorda	3	C1		multiple EO senses — verify anchor
8	reinforce	LINK	arm	armi	to arm (weapons), reinforce (concrete)	ok	VERB	no	6	6	0	reinforce:VERB;reinforced:VERB;reinforcement:NOUN;reinforcements:NOUN;reinforces:NOUN;reinforcing:VERB			garni, plifirmigi, plifortigi	3	C1		multiple EO senses — verify anchor
8	restore	LINK	redon	redoni	to compensate, give back, return, render, restore, pay back, refund, repay, retaliate, return, reflect, reproduce	ok	VERB	2	5	4	1	restoration:NOUN;restored:VERB;restores:NOUN;restoring:VERB	restore(2)		refari, restarigi, restaŭra, restaŭri, restaŭro	3	C1		head already in lexicon (tier 2); multiple EO senses — verify anchor
8	revise	LINK	reviz	revizi	to audit, inspect, overhaul, revise	ok	VERB	2	6	5	1	revised:VERB;revises:NOUN;revising:VERB;revision:NOUN;revisions:NOUN	revise(2)		improveekzameni, korekti, revizii	3	C1		head already in lexicon (tier 2); multiple EO senses — verify anchor
8	schedule	LINK	plan	plani	to organize, plan, schedule	ok	NOUN	2	9	8	1	reschedule:NOUN;rescheduled:VERB;reschedules:VERB;rescheduling:VERB;scheduled:VERB;schedules:NOUN;scheduling:NOUN;unscheduled:VERB	schedule(2)		enhorarigi, horaro, horplano, katalogo, tempoplano	3	C1		head already in lexicon (tier 2); multiple EO senses — verify anchor
8	tense	LINK	temp	tempo	time, beat, tense	ok	ADJ	2	6	5	1	tensely:ADV;tenser:NOUN;tensest:ADJ;tension:NOUN;tensions:NOUN	tense(2)		streĉi, tenso	3	C1		head already in lexicon (tier 2)
8	terminate	LINK	fin	fini	to end, finish, terminate, close, conclude	ok	NOUN	no	8	8	0	terminate:NOUN;terminal:NOUN;terminals:NOUN;terminated:VERB;terminates:VERB;terminating:VERB;termination:NOUN;terminations:NOUN			finiĝo, fortempiĝi	3	C1		
8	theme	LINK	tem	temo	theme, subject, topic	ok	NOUN	2	4	3	1	thematic:ADJ;thematically:ADV;themes:NOUN	theme(2)		etoso, haŭto, refreno, teksbazo	3	C1		head already in lexicon (tier 2); multiple EO senses — verify anchor
8	thereby				thereby	no_match	ADV	no	1	1	0	thereby:ADV			per tio	3	C1		single-form family (head only)
8	uniform	LINK	liver	livero	delivery, uniform	ok	NOUN	2	3	2	1	uniformity:NOUN;uniformly:ADV	uniform(2)		unuforma	3	C1		head already in lexicon (tier 2)
8	vehicle	LINK	vehikl	vehiklo	carrier, vector, vehicle	ok	NOUN	2	2	1	1	vehicles:NOUN	vehicle(2)		verturilo, veturilo	3	C1		head already in lexicon (tier 2)
8	via	LINK				no_match	ADP	2	1	0	1		via(2)			3	C1		head already in lexicon (tier 2); single-form family (head only)
8	virtual	LINK	preskaŭ	preskaŭa	near, virtual	ok	ADJ	2	2	1	1	virtually:ADV	virtual(2)		virtuala	3	C1		head already in lexicon (tier 2)
8	visual	LINK	vid	vida	visual	ok	NOUN	2	10	9	1	visualisation:NOUN;visualise:VERB;visualised:VERB;visualising:VERB;visualization:NOUN;visualize:VERB;visualized:VERB;visualizing:VERB;visually:ADV	visual(2)			3	C1		head already in lexicon (tier 2)
8	widespread	LINK	vast	vasta	extensive, spacious, vast, wide, immense, roomy, widespread	ok	ADJ	no	1	1	0	widespread:ADJ			disvastiĝinta, ĝenerala	3	C1		single-form family (head only)
9	accommodate	LINK	ced	cedi	to cede, give in, yield, comply, concede, grant, accommodate	ok	VERB	no	5	5	0	accommodate:VERB;accommodated:VERB;accommodates:VERB;accommodating:VERB;accommodation:NOUN			adapti, akomodi, akomodiĝi, alfari, enloĝigi	3	C1		multiple EO senses — verify anchor
9	analogy	NEW	analogi	analogio	analogy	ok	NOUN	no	3	3	0	analogy:NOUN;analogies:VERB;analogous:ADJ			analogeco	3	C1		
9	anticipate	LINK	anticip	anticipi	to anticipate, expect, think ahead	ok	VERB	no	6	5	1	anticipate:VERB;anticipated:VERB;anticipates:VERB;anticipating:VERB;unanticipated:VERB	anticipation(2)		antaŭopinii, antaŭvidi, atendadi, prikalkuli	3	C1		multiple EO senses — verify anchor
9	assure	LINK	asekur	asekuri	to assure, insure, underwrite	ok	NOUN	2	7	6	1	assurance:NOUN;assurances:NOUN;assured:VERB;assuredly:ADV;assures:NOUN;assuring:VERB	assure(2)		certigi	3	C1		head already in lexicon (tier 2)
9	attain	LINK	akir	akiri	to achieve, acquire, attain, get, obtain	ok	NOUN	no	8	8	0	attain:NOUN;attainable:ADJ;attained:VERB;attaining:VERB;attainment:NOUN;attainments:NOUN;attains:NOUN;unattainable:ADJ			atingi, trafi	3	C1		
9	behalf	LINK	part	parto	part, share, portion, section, quota, behalf	ok	NOUN	3	1	0	1		behalf(3)			3	C1		head already in lexicon (tier 3); single-form family (head only)
9	bulk	LINK	amas	amasa	heavy, mass, massive, bulk	ok	NOUN	no	2	2	0	bulk:NOUN;bulky:ADJ			amplekso, dikeco, korpaĉo, korpego	3	C1		multiple EO senses — verify anchor
9	cease	LINK	ĉes	ĉesi	to cease, stop, leave off, desist, quit, end	ok	NOUN	no	5	5	0	cease:NOUN;ceased:VERB;ceaseless:ADJ;ceases:VERB;ceasing:VERB				3	C1		
9	coherent	NEW	koher	kohera	coherent, connected, consistent, stuck together	ok	ADJ	no	5	5	0	coherent:ADJ;coherence:NOUN;coherently:ADV;incoherent:ADJ;incoherently:ADV				3	C1		
9	coincide	LINK	kongru	kongrui	to agree, be compatible, coincide, fit together, match, correspond (to)	ok	NOUN	no	8	8	0	coincide:NOUN;coincided:VERB;coincidence:NOUN;coincidences:NOUN;coincident:NOUN;coincidental:ADJ;coincides:VERB;coinciding:VERB			koincidi	3	C1		
9	commence	NEW	ekig	ekigi	to begin, commence, start	ok	NOUN	no	8	8	0	commence:NOUN;commenced:VERB;commencement:NOUN;commences:NOUN;commencing:VERB;recommenced:VERB;recommences:NOUN;recommencing:VERB			ekestiĝi, komenci, komenciĝi	3	C1		multiple EO senses — verify anchor
9	compatible	LINK	akord	akorda	compatible, consistent	ok	ADJ	no	4	4	0	compatible:ADJ;compatibility:NOUN;incompatibility:NOUN;incompatible:ADJ			kongrua	3	C1		
9	concurrent	NEW	kunkur	kunkura	concurrent	ok	ADJ	no	2	2	0	concurrent:ADJ;concurrently:ADV			kunrula	3	C1		
9	confine	NEW	limig	limigi	to abridge, confine, limit, restrict, circumscribe, delimit	ok	NOUN	no	5	5	0	confine:NOUN;confined:VERB;confines:NOUN;confining:VERB;unconfined:VERB			enfermi, enkaĝigi, internigi, lokalizi, restrikti	3	C1		multiple EO senses — verify anchor
9	controversy	NEW	polemik	polemiko	controversy, polemic, dispute	ok	NOUN	no	5	5	0	controversy:NOUN;controversial:ADJ;controversially:ADV;controversies:NOUN;uncontroversial:ADJ			disputado, kontestado	3	C1		
9	converse	LINK	mal	mala	contrary, opposite, converse	ok	NOUN	no	2	2	0	converse:NOUN;conversely:ADV			interparoladi, interparoli, konversacii, konversi	3	C1		multiple EO senses — verify anchor
9	device	LINK	deviz	devizo	device, motto, watchword, slogan, rallying cry; draft on foreign bank	ok	NOUN	2	2	1	1	devices:NOUN	device(2)		aparato, aranĝaĵo, disponaĵo	3	C1		head already in lexicon (tier 2); multiple EO senses — verify anchor
9	devote	NEW	iĉ	iĉi	to devote	ok	VERB	no	7	7	0	devote:VERB;devoted:VERB;devotedly:ADV;devotes:NOUN;devoting:VERB;devotion:NOUN;devotions:NOUN			dediĉi, konsekri	3	C1		
9	diminish	NEW	diminu	diminui	to diminish	ok	VERB	no	6	6	0	diminish:VERB;diminished:VERB;diminishes:VERB;diminishing:VERB;diminution:NOUN;undiminished:VERB			malkreski, malpliiĝi, plietiĝi, plimalgrandiĝi	3	C1		multiple EO senses — verify anchor
9	distort	NEW	misig	misigi	to distort	ok	NOUN	no	6	6	0	distort:NOUN;distorted:VERB;distorting:VERB;distortion:NOUN;distortions:NOUN;distorts:VERB			deformi, distordi, fuŝformi, tordigi	3	C1		multiple EO senses — verify anchor
9	duration	LINK	daŭr	daŭro	duration, space (time), lapse (of time)	ok	NOUN	no	1	1	0	duration:NOUN			tempodaŭro	3	C1		single-form family (head only)
9	erode	NEW	erozi	erozii	to erode	ok	VERB	no	5	5	0	erode:VERB;eroded:VERB;erodes:NOUN;eroding:VERB;erosion:NOUN				3	C1		
9	ethic	LINK	etik	etiko	ethic, ethics, morals	ok	ADJ	no	5	4	1	ethic:ADJ;ethically:ADV;ethics:NOUN;unethical:ADJ	ethical(2)			3	C1		
9	format	LINK	aranĝ	aranĝo	accommodation, adjustment, arrangement, layout, format	ok	NOUN	no	4	4	0	format:NOUN;formats:NOUN;formatted:VERB;formatting:VERB			dosierformo, formati, formato, strukturi, strukturo	3	C1		multiple EO senses — verify anchor
9	found	LINK	fond	fondi	to erect, establish, form, found, institute	ok	VERB	2	6	5	1	founded:VERB;founder:NOUN;founders:NOUN;founding:VERB;unfounded:ADJ	found(2)		fundamenti, renkonita, surbazigi, trovita	3	C1		head already in lexicon (tier 2); multiple EO senses — verify anchor
9	inherent	NEW	imanent	imanenta	immanent, indwelling, inherent (in), intrinsic	ok	ADJ	no	2	2	0	inherent:ADJ;inherently:ADV				3	C1		
9	insight	LINK	elsciad	elsciado	insight	ok	NOUN	2	3	2	1	insightful:ADJ;insights:NOUN	insight(2)		ekkompreno	3	C1		head already in lexicon (tier 2)
9	integral	LINK	plen	plena	complete, full, integral, plenary, thorough, whole	ok	ADJ	no	1	1	0	integral:ADJ			entjera, havenda, integra, integraĵo, integrala	3	C1		multiple EO senses — verify anchor; single-form family (head only)
9	intermediate	LINK	inter	intera	intermediate	ok	ADJ	no	1	1	0	intermediate:ADJ			intermeza, mezdaŭra, meznivela	3	C1		multiple EO senses — verify anchor; single-form family (head only)
9	manual	LINK	man	mana	manual	ok	NOUN	no	3	3	0	manual:NOUN;manually:ADV;manuals:NOUN			gvidilo, lernolibro, manlibro	3	C1		multiple EO senses — verify anchor
9	mature	LINK	matur	matura	mature, ripe, full-grown, mature	ok	NOUN	no	9	9	0	mature:NOUN;immature:NOUN;immaturity:NOUN;maturation:NOUN;maturational:NOUN;matured:VERB;matures:NOUN;maturing:VERB;maturity:NOUN			maturigi, maturigiiĝi, maturiĝi	3	C1		multiple EO senses — verify anchor
9	mediate	LINK	per	peri	to act as agent, act as go-between, mediate	ok	NOUN	no	5	5	0	mediate:NOUN;mediated:VERB;mediates:NOUN;mediating:VERB;mediation:NOUN			interpacigi, mediacii, propeti	3	C1		multiple EO senses — verify anchor
9	medium	LINK	mez	meza	average, mean, middle, medium, central	ok	ADJ	2	1	0	1		medium(2)		medio, mediumo, meznivela, perilo	3	C1		head already in lexicon (tier 2); multiple EO senses — verify anchor; single-form family (head only)
9	military	LINK	arme	armea	military	ok	NOUN	2	1	0	1		military(2)		milita, militista, soldatoj	3	C1		head already in lexicon (tier 2); multiple EO senses — verify anchor; single-form family (head only)
9	minimal	NEW	plejet	plejeta	minimal	ok	ADJ	no	15	15	0	minimal:ADJ;minimalisation:NOUN;minimalise:VERB;minimalised:VERB;minimalises:NOUN;minimalising:VERB;minimalist:NOUN;minimalistic:NOUN;minimalists:NOUN;minimalization:NOUN;minimalize:VERB;minimalized:VERB;minimalizes:VERB;minimalizing:VERB;minimally:ADV			minimuma	3	C1		
9	mutual	LINK	mutual	mutuala	friendly, mutual	ok	ADJ	3	2	1	1	mutually:ADV	mutual(3)		reciproka	3	C1		head already in lexicon (tier 3)
9	norm	LINK	norm	normi	to standardize, norm	ok	NOUN	no	2	2	0	norm:NOUN;norms:NOUN			normo, unitigi	3	C1		
9	overlap	NEW	surmetec	surmeteco	overlap	ok	VERB	no	4	4	0	overlap:VERB;overlapped:VERB;overlapping:VERB;overlaps:VERB				3	C1		
9	passive	LINK	flegm	flegma	impassive, passive, stolid, indifferent, calm	ok	ADJ	no	3	3	0	passive:ADJ;passively:ADV;passivity:NOUN			malaktiva, neagema, pasiva	3	C1		multiple EO senses — verify anchor
9	portion	LINK	on	ono	portion, fraction, fragment, share, digit	ok	NOUN	2	2	1	1	portions:NOUN	portion(2)		doto, dozo, parto, porcio	3	C1		head already in lexicon (tier 2); multiple EO senses — verify anchor
9	preliminary	LINK	prepar	prepara	preliminary, preparatory, prior	ok	ADJ	no	2	2	0	preliminary:ADJ;preliminaries:NOUN			antaŭafero, antaŭpreparo	3	C1		
9	protocol	LINK	etiket	etiketo	code of conduct, etiquette, protocol, rules of behavior; label, tag	ok	NOUN	3	2	1	1	protocols:NOUN	protocol(3)		protokola, protokolo	3	C1		head already in lexicon (tier 3)
9	qualitative					no_match	VERB	no	2	2	0	qualitative:VERB;qualitatively:ADV				3	C1		
9	refine	NEW	rafin	rafini	to refine	ok	VERB	no	6	6	0	refine:VERB;refined:VERB;refinement:NOUN;refinements:NOUN;refines:NOUN;refining:VERB			afinacii, fajnigi	3	C1		
9	relax	LINK	amuz	amuzi	to amuse, divert, entertain, unbend, relax	ok	VERB	1	5	2	3	relaxation:NOUN;relaxes:VERB	relax(1);relaxed(2);relaxing(2)		distri, malakceli, malpliigi, malrigidiĝi, malstreĉiĝi	3	C1		head already in lexicon (tier 1); multiple EO senses — verify anchor
9	restrain	LINK	reg	regi	to control, govern, restrain, rule, reign	ok	NOUN	no	7	7	0	restrain:NOUN;restrained:VERB;restraining:VERB;restrains:VERB;restraint:NOUN;restraints:NOUN;unrestrained:ADJ			bridi, deteni, enkatenigi, estri, haltigi	3	C1		multiple EO senses — verify anchor
9	revolution	LINK	rivolu	rivoluo	revolution	ok	NOUN	2	14	13	1	revolutionaries:NOUN;revolutionary:NOUN;revolutionise:VERB;revolutionised:VERB;revolutionises:NOUN;revolutionising:VERB;revolutionist:NOUN;revolutionists:NOUN;revolutionize:VERB;revolutionized:VERB;revolutionizes:NOUN;revolutionizing:VERB;revolutions:NOUN	revolution(2)		revolucio	3	C1		head already in lexicon (tier 2)
9	rigid	LINK	rigid	rigida	inflexible, rigid, stiff	ok	ADJ	no	4	4	0	rigid:ADJ;rigidities:NOUN;rigidity:NOUN;rigidly:ADV			severa	3	C1		
9	route	LINK	voj	vojo	course, passage, path, pathway, road, route, way	ok	NOUN	2	4	3	1	routed:VERB;routes:NOUN;routing:VERB	route(2)		enkursigi, itinero, kurso, vojplano	3	C1		head already in lexicon (tier 2); multiple EO senses — verify anchor
9	scenario	LINK	scenar	scenaro	scenario, screenplay, script	ok	NOUN	3	2	1	1	scenarios:NOUN	scenario(3)			3	C1		head already in lexicon (tier 3)
9	sphere	LINK	glob	globo	ball, ball bearing, globe, billiard ball, sphere	ok	ADV	2	4	3	1	spheres:NOUN;spherical:ADJ;spherically:ADV	sphere(2)		sfero	3	C1		head already in lexicon (tier 2)
9	subordinate	LINK	sub	suba	lower, bottom, under, subordinate	ok	ADJ	no	3	3	0	subordinate:ADJ;subordinates:NOUN;subordination:NOUN			malpreferi, subalterna, subordigi, subulo	3	C1		multiple EO senses — verify anchor
9	supplement	LINK	aldon	aldoni	to add (to), append, supplement	ok	NOUN	no	5	5	0	supplement:NOUN;supplementary:ADJ;supplemented:VERB;supplementing:VERB;supplements:NOUN			aldono, kompletigo, suplementi, suplemento	3	C1		multiple EO senses — verify anchor
9	suspend	LINK	haltet	halteti	to sleep, suspend	ok	VERB	2	5	4	1	suspended:VERB;suspending:VERB;suspends:NOUN;suspension:NOUN	suspend(2)		elpendigi, paŭzigi, pendigi, prokrasti, suspendi	3	C1		head already in lexicon (tier 2); multiple EO senses — verify anchor
9	team	LINK	skip	skipo	shift, team	ok	NOUN	1	4	3	1	teamed:VERB;teaming:VERB;teams:NOUN	team(1)		jungitaro, kunbatalantaro, taĉmento, teamo	3	C1		head already in lexicon (tier 1); multiple EO senses — verify anchor
9	temporary	LINK	dum	duma	momentary, temporary, short-lived, transient	ok	ADJ	2	2	1	1	temporarily:ADV	temporary(2)		dummomenta, dumtempa, intertempa, iutempa, kelkatempa	3	C1		head already in lexicon (tier 2); multiple EO senses — verify anchor
9	trigger	LINK	ĉan	ĉano	hammer (of a gun), trigger	ok	NOUN	2	4	3	1	triggered:VERB;triggering:VERB;triggers:NOUN	trigger(2)		baskulo, ekagigi, ekagilo, ekkaŭzi, ekruli	3	C1		head already in lexicon (tier 2); multiple EO senses — verify anchor
9	unify	NEW	unuig	unuigi	to join, unite, unify	ok	VERB	no	5	5	0	unify:VERB;unification:NOUN;unified:VERB;unifies:NOUN;unifying:VERB				3	C1		
9	violate	NEW	atenc	atenci	to assault, violate, attempt (to kill someone)	ok	NOUN	no	6	6	0	violate:NOUN;violated:VERB;violates:VERB;violating:VERB;violation:NOUN;violations:NOUN			malobservi, malrespekti, perforti	3	C1		multiple EO senses — verify anchor
9	vision	LINK	vid	vido	sight, view, vision	ok	NOUN	2	2	1	1	visions:NOUN	vision(2)		aperaĵo, konceptado, vidado, vidpovo, vizio	3	C1		head already in lexicon (tier 2); multiple EO senses — verify anchor
10	adjacent	LINK	apud	apuda	adjacent, adjoining, contiguous, next to, neighboring	ok	ADJ	no	1	1	0	adjacent:ADJ			borda, limtuŝanta, najbara, samlatera, tuŝanta	3	C1		multiple EO senses — verify anchor; single-form family (head only)
10	albeit	LINK	kvankam	kvankam	albeit, though, although, while	ok	SCONJ	no	1	1	0	albeit:SCONJ				3	C1		single-form family (head only)
10	assemble	LINK	munt	munti	to assemble, link, mount, set, build	ok	VERB	2	6	5	1	assembled:VERB;assembles:NOUN;assemblies:NOUN;assembling:VERB;assembly:NOUN	assemble(2)		asembli, kolekti, kunmeti, kunmunti, kunveni	3	C1		head already in lexicon (tier 2); multiple EO senses — verify anchor
10	collapse	LINK	disfal	disfali	to collapse, fall to pieces	ok	VERB	2	5	4	1	collapsed:VERB;collapses:VERB;collapsible:ADJ;collapsing:VERB	collapse(2)		disfalo, kolapsi, kolapso, maletendi, malŝveli	3	C1		head already in lexicon (tier 2); multiple EO senses — verify anchor
10	colleague	LINK	koleg	kolego	associate, classmate, coworker, colleague, companion, comrade, schoolmate	ok	NOUN	2	2	1	1	colleagues:NOUN	colleague(2)		samprofesiano	3	C1		head already in lexicon (tier 2)
10	compile	NEW	kompil	kompili	to compile	ok	NOUN	no	6	6	0	compile:NOUN;compilation:NOUN;compilations:NOUN;compiled:VERB;compiles:NOUN;compiling:VERB			redakti, traduki	3	C1		
10	conceive	NEW	koncip	koncipi	to become pregnant, conceive	ok	VERB	no	8	8	0	conceive:VERB;conceivable:ADJ;conceivably:ADV;conceived:VERB;conceives:NOUN;conceiving:VERB;inconceivable:ADJ;inconceivably:ADV			gravediĝi, koncepcii, koncepti	3	C1		multiple EO senses — verify anchor
10	convince	LINK	konvink	konvinki	to convince, persuade	ok	NOUN	2	6	4	2	convinces:NOUN;convincing:VERB;convincingly:ADV;unconvinced:ADJ	convince(2);convinced(2)			3	C1		head already in lexicon (tier 2)
10	depress	LINK	prem	premi	to press, oppress, squeeze, grasp, push, hold down, depress, hit (a key)	ok	NOUN	no	5	3	2	depress:NOUN;depresses:VERB;depression:NOUN	depressed(2);depressing(2)		depremi, deprimi, deprimiĝi, malleveti	3	C1		multiple EO senses — verify anchor
10	encounter	LINK	traf	trafi	to attain, catch, encounter, find, hit, run across, score, strike	ok	VERB	2	4	3	1	encountered:VERB;encountering:VERB;encounters:NOUN	encounter(2)		renkonti, renkonto	3	C1		head already in lexicon (tier 2)
10	enormous	LINK	eg	ega	considerable, major, great, enormous, intense, extreme	ok	ADJ	2	3	2	1	enormity:NOUN;enormously:ADV	enormous(2)		enorma, grandega	3	C1		head already in lexicon (tier 2)
10	forthcoming					no_match	ADJ	no	1	1	0	forthcoming:ADJ				3	C1		single-form family (head only)
10	incline	LINK	klin	klini	to bend, incline, tilt, lean, slope, tilt	ok	VERB	no	6	6	0	incline:VERB;inclination:NOUN;inclinations:NOUN;inclined:VERB;inclines:NOUN;inclining:VERB			deklivo	3	C1		
10	integrity	NEW	rektec	rekteco	integrity, rectitude, uprightness	ok	NOUN	no	1	1	0	integrity:NOUN			integreco	3	C1		single-form family (head only)
10	intrinsic	LINK	ver	vera	genuine, intrinsic, true, veritable, authentic	ok	ADJ	no	2	2	0	intrinsic:ADJ;intrinsically:ADV			apriora, imanenta	3	C1		
10	invoke	NEW	alvok	alvoki	to appeal to, invoke	ok	NOUN	no	4	4	0	invoke:NOUN;invoked:VERB;invokes:NOUN;invoking:VERB			alpreĝi, elpetigi, envoki	3	C1		multiple EO senses — verify anchor
10	levy	NEW	pagig	pagigo	levy	ok	NOUN	no	2	2	0	levy:NOUN;levies:NOUN				3	C1		
10	likewise	LINK	sam	same	equally, likewise	ok	VERB	no	1	1	0	likewise:VERB			ankaŭ, simile	3	C1		single-form family (head only)
10	nonetheless					no_match	ADJ	no	1	1	0	nonetheless:ADJ				3	C1		single-form family (head only)
10	notwithstanding	NEW	tam	tamen	but, however, nevertheless, yet, notwithstanding, still	ok	ADP	no	1	1	0	notwithstanding:ADP			malgraŭ	3	C1		single-form family (head only)
10	odd	LINK	bizar	bizara	bizarre, odd, weird, eccentric, strange, odd	ok	ADJ	2	2	1	1	odds:NOUN	odd(2)		kurioza, malpara, malpareca, nepara, stranga	3	C1		head already in lexicon (tier 2); multiple EO senses — verify anchor
10	ongoing					no_match	ADJ	no	1	1	0	ongoing:ADJ				3	C1		single-form family (head only)
10	panel	LINK	panel	panelo	board, panel, dashboard	ok	NOUN	2	4	3	1	panelled:VERB;panelling:VERB;panels:NOUN	panel(2)		enkadraĵo, fakularo, respondantaro, spertularo	3	C1		head already in lexicon (tier 2); multiple EO senses — verify anchor
10	persist	LINK	daŭr	daŭri	to continue, endure, keep on, last, go on, persist	ok	NOUN	no	7	5	2	persist:NOUN;persisted:VERB;persistently:ADV;persisting:VERB;persists:NOUN	persistence(2);persistent(2)		insistadi, obstini, persisti	3	C1		multiple EO senses — verify anchor
10	pose	LINK	poz	pozi	to pose	ok	VERB	2	4	3	1	posed:VERB;poses:VERB;posing:VERB	pose(2)		afektaĵo, afekti, pozicio, pozo	3	C1		head already in lexicon (tier 2); multiple EO senses — verify anchor
10	reluctance	NEW	nevolem	nevolemo	reluctance	ok	NOUN	no	3	2	1	reluctance:NOUN;reluctant:ADJ	reluctantly(2)		malinklino	3	C1		
10	so-called	NEW	laŭdir	laŭdira	alleged, so-called	ok	ADV	no	1	1	0	so-called:ADV			tielnomata	3	C1		single-form family (head only)
10	straightforward	LINK	simpl	simpla	simple, straightforward, unaffected, unvarnished, plain, unpretending	ok	ADV	no	1	1	0	straightforward:ADV				3	C1		single-form family (head only)
10	undergo	LINK	sufer	suferi	to abide, bear, endure, put up with, suffer, undergo	ok	VERB	no	5	5	0	undergo:VERB;undergoes:NOUN;undergoing:VERB;undergone:NOUN;underwent:NOUN				3	C1		
10	whereby				whereby	no_match	SCONJ	no	1	1	0	whereby:SCONJ			per kio	3	C1		single-form family (head only)
