token	frequency	bucket	is_propn	caps_majority	lemma
lily	4354	proper_noun	1	1	lily
timmy	1829	proper_noun	1	1	timmy
ben	1631	proper_noun	1	1	ben
tom	1600	proper_noun	1	1	tom
mommy	1441	proper_noun	1	0	mommy
tim	1201	proper_noun	1	1	tim
jack	1086	proper_noun	1	1	jack
sam	766	proper_noun	1	1	sam
max	753	proper_noun	1	1	max
john	717	proper_noun	1	1	john
lucy	672	proper_noun	1	1	lucy
hugged	655	common_gap	0	0	hug
anna	648	proper_noun	1	1	anna
mum	633	proper_noun	1	0	mum
bob	533	proper_noun	1	1	bob
jane	500	proper_noun	1	1	jane
sara	441	proper_noun	1	1	sara
mia	435	proper_noun	1	1	mia
rabbit	426	proper_noun	1	0	rabbit
nodded	404	common_gap	0	0	nod
joe	397	proper_noun	1	1	joe
curious	388	proper_noun	1	0	curious
molly	385	proper_noun	1	1	molly
hug	384	proper_noun	1	0	hug
daisy	382	proper_noun	1	1	daisy
sue	370	proper_noun	1	1	sue
sarah	361	proper_noun	1	1	sarah
okay	343	proper_noun	1	0	okay
hopped	339	common_gap	0	0	hop
daddy	338	proper_noun	1	1	daddy
sally	314	proper_noun	1	1	sally
tommy	289	proper_noun	1	1	tommy
bunny	263	proper_noun	1	0	bunny
mama	263	proper_noun	1	1	mama
jill	257	proper_noun	1	1	jill
butterfly	253	common_gap	0	0	butterfly
doll	249	common_gap	0	0	doll
grandma	249	proper_noun	1	0	grandma
yummy	243	proper_noun	1	0	yummy
pond	242	common_gap	0	0	pond
mummy	236	proper_noun	1	1	mummy
amy	235	proper_noun	1	1	amy
lila	225	proper_noun	1	1	lila
puppy	224	proper_noun	1	0	puppy
billy	221	proper_noun	1	1	billy
jimmy	220	proper_noun	1	1	jimmy
fox	211	proper_noun	1	0	fox
bug	202	common_gap	0	0	bug
magical	202	common_gap	0	0	magical
mary	197	proper_noun	1	1	mary
benny	193	proper_noun	1	1	benny
squirrel	191	proper_noun	1	0	squirrel
fluffy	174	proper_noun	1	1	fluffy
emma	165	proper_noun	1	1	emma
swing	163	common_gap	0	0	swing
cheered	158	common_gap	0	0	cheer
clapped	156	common_gap	0	0	clap
owl	156	proper_noun	1	0	owl
balloon	150	common_gap	0	0	balloon
colorful	146	proper_noun	1	0	colorful
teddy	146	proper_noun	1	0	teddy
kitty	144	proper_noun	1	1	kitty
nearby	143	common_gap	0	0	nearby
castle	142	proper_noun	1	0	castle
relieved	141	common_gap	0	0	relieve
sunny	138	proper_noun	1	0	sunny
cave	136	proper_noun	1	0	cave
dragon	136	common_gap	0	0	dragon
monster	135	proper_noun	1	0	monster
cookies	134	common_gap	0	0	cooky
duck	134	common_gap	0	0	duck
bucket	131	common_gap	0	0	bucket
fairy	130	proper_noun	1	0	fairy
jenny	129	proper_noun	1	1	jenny
kite	128	common_gap	0	0	kite
jake	124	proper_noun	1	1	jake
backyard	123	common_gap	0	0	backyard
naughty	122	common_gap	0	0	naughty
emily	121	proper_noun	1	1	emily
alice	119	proper_noun	1	1	alice
nap	115	common_gap	0	0	nap
swam	114	common_gap	0	0	swam
treasure	112	common_gap	0	0	treasure
blanket	109	common_gap	0	0	blanket
pete	109	proper_noun	1	1	pete
tasty	106	common_gap	0	0	tasty
dolls	105	common_gap	0	0	doll
basket	104	common_gap	0	0	basket
shining	104	common_gap	0	0	shin
sunshine	103	common_gap	0	0	sunshine
cozy	100	proper_noun	1	0	cozy
sack	100	common_gap	0	0	sack
kitten	99	proper_noun	1	0	kitten
peter	98	proper_noun	1	1	peter
jim	97	proper_noun	1	1	jim
grandpa	94	proper_noun	1	1	grandpa
sammy	94	proper_noun	1	1	sammy
lovely	92	common_gap	0	0	lovely
rainbow	92	common_gap	0	0	rainbow
furry	90	proper_noun	1	0	furry
hop	90	proper_noun	1	0	hop
bugs	89	common_gap	0	0	bug
hoped	89	common_gap	0	0	hop
cute	87	common_gap	0	0	cute
bobby	85	proper_noun	1	1	bobby
susie	85	proper_noun	1	1	susie
jungle	84	proper_noun	1	0	jungle
meadow	84	common_gap	0	0	meadow
johnny	83	proper_noun	1	1	johnny
sandy	83	proper_noun	1	1	sandy
tweety	83	proper_noun	1	1	tweety
jen	82	proper_noun	1	1	jen
bow	81	common_gap	0	0	bow
jar	81	common_gap	0	0	jar
playground	81	common_gap	0	0	playground
andy	79	proper_noun	1	1	andy
colourful	79	common_gap	0	0	colourful
picnic	78	common_gap	0	0	picnic
swings	78	common_gap	0	0	swing
gently	75	common_gap	0	0	gently
sparkly	75	common_gap	0	0	sparkly
angel	74	common_gap	0	0	angel
hopping	74	common_gap	0	0	hop
tightly	74	common_gap	0	0	tightly
playing	73	inflection_miss	0	0	play
yelled	72	common_gap	0	0	yell
dependable	71	proper_noun	1	0	dependable
nest	71	common_gap	0	0	nest
smelly	71	common_gap	0	0	smelly
couch	70	common_gap	0	0	couch
goat	70	proper_noun	1	0	goat
jealous	70	common_gap	0	0	jealous
papa	70	proper_noun	1	1	papa
puddle	70	common_gap	0	0	puddle
grace	69	proper_noun	1	1	grace
hugs	69	common_gap	0	0	hug
snack	69	common_gap	0	0	snack
shore	68	common_gap	0	0	shore
splash	68	proper_noun	1	0	splash
whistle	68	proper_noun	1	0	whistle
mr.	67	common_gap	0	0	mr
selfish	67	common_gap	0	0	selfish
ant	66	proper_noun	1	0	ant
caterpillar	66	proper_noun	1	0	caterpillar
realised	66	common_gap	0	0	realise
sour	66	proper_noun	1	0	sour
thankful	66	common_gap	0	0	thankful
wagon	66	common_gap	0	0	wagon
chased	65	common_gap	0	0	chase
crayons	65	common_gap	0	0	crayon
ladder	65	common_gap	0	0	ladder
alex	64	proper_noun	1	1	alex
mrs.	64	common_gap	0	0	mrs
pizza	64	proper_noun	1	0	pizza
polly	64	proper_noun	1	1	polly
skipped	64	common_gap	0	0	skip
sleepy	64	common_gap	0	0	sleepy
lisa	63	proper_noun	1	1	lisa
tag	63	common_gap	0	0	tag
clumsy	62	proper_noun	1	0	clumsy
james	62	proper_noun	1	1	james
tiger	62	common_gap	0	0	tiger
bull	61	proper_noun	1	0	bull
clay	61	common_gap	0	0	clay
frustrated	61	common_gap	0	0	frustrate
honey	61	proper_noun	1	0	honey
bench	60	common_gap	0	0	bench
cactus	60	proper_noun	1	0	cactus
excitedly	60	proper_noun	1	0	excitedly
peanut	60	proper_noun	1	0	peanut
snacks	60	common_gap	0	0	snack
brightly	59	common_gap	0	0	brightly
delighted	58	common_gap	0	0	delight
ducks	58	common_gap	0	0	duck
eager	58	proper_noun	1	0	eager
giggled	58	proper_noun	1	0	giggle
messy	58	common_gap	0	0	messy
mittens	58	proper_noun	1	1	mitten
delight	57	common_gap	0	0	delight
jog	57	proper_noun	1	0	jog
puzzle	57	common_gap	0	0	puzzle
tidy	57	proper_noun	1	0	tidy
toby	57	proper_noun	1	1	toby
bald	56	common_gap	0	0	bald
icy	56	proper_noun	1	0	icy
sophie	56	proper_noun	1	1	sophie
accidentally	55	common_gap	0	0	accidentally
adventurous	55	common_gap	0	0	adventurous
obedient	55	common_gap	0	0	obedient
raven	55	proper_noun	1	0	raven
sighed	55	common_gap	0	0	sigh
favourite	54	common_gap	0	0	favourite
gem	54	proper_noun	1	0	gem
joey	54	proper_noun	1	1	joey
maze	54	common_gap	0	0	maze
spin	54	common_gap	0	0	spin
splashed	54	common_gap	0	0	splash
turkey	54	common_gap	0	0	turkey
barber	53	common_gap	0	0	barber
comet	53	proper_noun	1	0	comet
crawled	53	common_gap	0	0	crawl
dizzy	53	common_gap	0	0	dizzy
fred	53	proper_noun	1	1	fre
rocket	53	common_gap	0	0	rocket
crown	52	common_gap	0	0	crown
fridge	52	common_gap	0	0	fridge
george	52	proper_noun	1	1	george
grumpy	52	common_gap	0	0	grumpy
lola	52	proper_noun	1	1	lola
octopus	52	common_gap	0	0	octopus
skip	52	proper_noun	1	0	skip
stumbled	52	common_gap	0	0	stumble
dolphin	51	common_gap	0	0	dolphin
hive	51	common_gap	0	0	hive
lizard	51	common_gap	0	0	lizard
smith	51	proper_noun	1	1	smith
violin	51	common_gap	0	0	violin
barked	50	common_gap	0	0	bark
delicate	50	common_gap	0	0	delicate
mighty	50	proper_noun	1	0	mighty
exclaimed	49	common_gap	0	0	exclaim
maria	49	proper_noun	1	1	maria
zoom	49	proper_noun	1	0	zoom
fin	48	proper_noun	1	1	fin
henry	48	proper_noun	1	1	henry
higher	48	common_gap	0	0	higher
leash	48	common_gap	0	0	leash
rosie	48	proper_noun	1	1	rosie
dinosaur	47	common_gap	0	0	dinosaur
eraser	47	common_gap	0	0	eraser
ignorant	47	proper_noun	1	0	ignorant
jet	47	proper_noun	1	0	jet
mandy	47	proper_noun	1	1	mandy
persistent	47	common_gap	0	0	persistent
bella	46	proper_noun	1	1	bella
crayon	46	proper_noun	1	0	crayon
dull	46	common_gap	0	0	dull
flute	46	proper_noun	1	0	flute
glue	46	common_gap	0	0	glue
pirate	46	common_gap	0	0	pirate
pit	46	proper_noun	1	0	pit
poppy	46	proper_noun	1	0	poppy
ruined	46	common_gap	0	0	ruin
shopkeeper	46	common_gap	0	0	shopkeeper
witch	46	common_gap	0	0	witch
elly	45	proper_noun	1	1	elly
foolish	45	common_gap	0	0	foolish
hippo	45	proper_noun	1	0	hippo
loyal	45	common_gap	0	0	loyal
otter	45	common_gap	0	0	otter
pole	45	proper_noun	1	0	pole
safely	45	common_gap	0	0	safely
bounce	44	common_gap	0	0	bounce
clown	44	proper_noun	1	0	clown
crab	44	common_gap	0	0	crab
danny	44	proper_noun	1	1	danny
deer	44	common_gap	0	0	deer
ducky	44	proper_noun	1	1	ducky
fountain	44	common_gap	0	0	fountain
juicy	44	common_gap	0	0	juicy
kindness	44	common_gap	0	0	kindness
leo	44	proper_noun	1	1	leo
nosy	44	common_gap	0	0	nosy
purse	44	common_gap	0	0	purse
roar	44	proper_noun	1	0	roar
turtle	44	proper_noun	1	0	turtle
whale	44	common_gap	0	0	whale
arrow	43	common_gap	0	0	arrow
cage	43	common_gap	0	0	cage
charming	43	common_gap	0	0	charming
kayak	43	proper_noun	1	0	kayak
log	43	common_gap	0	0	log
parade	43	common_gap	0	0	parade
rose	43	inflection_miss	1	0	rise
ted	43	proper_noun	1	1	te
weird	43	common_gap	0	0	weird
cabin	42	common_gap	0	0	cabin
candle	42	common_gap	0	0	candle
gasped	42	common_gap	0	0	gasp
josh	42	proper_noun	1	1	josh
paw	42	common_gap	0	0	paw
vase	42	common_gap	0	0	vase
wand	42	common_gap	0	0	wand
zoo	42	common_gap	0	0	zoo
chubby	41	proper_noun	1	0	chubby
rachel	41	proper_noun	1	1	rachel
sweetheart	41	proper_noun	1	0	sweetheart
tutor	41	common_gap	0	0	tutor
wolf	41	common_gap	0	0	wolf
berries	40	common_gap	0	0	berry
cone	40	proper_noun	1	0	cone
dave	40	proper_noun	1	1	dave
frank	40	proper_noun	1	1	frank
laundry	40	common_gap	0	0	laundry
lightning	40	common_gap	0	0	lightning
patch	40	common_gap	0	0	patch
proudly	40	common_gap	0	0	proudly
raft	40	common_gap	0	0	raft
remy	40	proper_noun	1	1	remy
trunk	40	common_gap	0	0	trunk
tummy	40	common_gap	0	0	tummy
volcano	40	proper_noun	1	0	volcano
wander	40	common_gap	0	0	wander
alert	39	common_gap	0	0	alert
barn	39	common_gap	0	0	barn
oyster	39	common_gap	0	0	oyster
peeked	39	common_gap	0	0	peek
shark	39	common_gap	0	0	shark
sparkled	39	common_gap	0	0	sparkle
stubborn	39	common_gap	0	0	stubborn
velvet	39	proper_noun	1	0	velvet
wagged	39	common_gap	0	0	wag
wiped	39	common_gap	0	0	wipe
butterflies	38	common_gap	0	0	butterfly
fake	38	common_gap	0	0	fake
fierce	38	common_gap	0	0	fierce
flashlight	38	common_gap	0	0	flashlight
hairy	38	common_gap	0	0	hairy
millie	38	proper_noun	1	1	millie
mole	38	common_gap	0	0	mole
peek	38	common_gap	0	0	peek
spinning	38	common_gap	0	0	spin
spun	38	common_gap	0	0	spin
treasures	38	common_gap	0	0	treasure
tuna	38	proper_noun	1	0	tuna
twirled	38	common_gap	0	0	twirl
chase	37	proper_noun	1	0	chase
cocoa	37	common_gap	0	0	cocoa
crack	37	proper_noun	1	0	crack
graceful	37	common_gap	0	0	graceful
harbor	37	proper_noun	1	0	harbor
harmless	37	common_gap	0	0	harmless
jewel	37	proper_noun	1	0	jewel
knight	37	common_gap	0	0	knight
pillow	37	common_gap	0	0	pillow
playful	37	common_gap	0	0	playful
triangle	37	common_gap	0	0	triangle
trophy	37	common_gap	0	0	trophy
cane	36	common_gap	0	0	cane
crane	36	common_gap	0	0	crane
lilly	36	proper_noun	1	1	lilly
necklace	36	common_gap	0	0	necklace
olive	36	proper_noun	1	0	olive
scissors	36	common_gap	0	0	scissor
tony	36	proper_noun	1	1	tony
vine	36	common_gap	0	0	vine
betty	35	proper_noun	1	1	betty
colours	35	common_gap	0	0	colour
cushion	35	common_gap	0	0	cushion
knob	35	common_gap	0	0	knob
loved	35	inflection_miss	1	0	love
mushroom	35	proper_noun	1	0	mushroom
rat	35	proper_noun	1	0	rat
shrimp	35	common_gap	0	0	shrimp
attic	34	common_gap	0	0	attic
axe	34	common_gap	0	0	axe
chamber	34	common_gap	0	0	chamber
chasing	34	common_gap	0	0	chase
clap	34	common_gap	0	0	clap
clapping	34	common_gap	0	0	clapping
doggy	34	proper_noun	1	0	doggy
dove	34	common_gap	0	0	dove
hay	34	proper_noun	1	0	hay
kate	34	proper_noun	1	1	kate
knot	34	common_gap	0	0	knot
laser	34	proper_noun	1	0	laser
mailbox	34	common_gap	0	0	mailbox
miserable	34	common_gap	0	0	miserable
nod	34	proper_noun	1	0	nod
paul	34	proper_noun	1	1	paul
spaghetti	34	common_gap	0	0	spaghetti
sweetie	34	proper_noun	1	0	sweetie
berry	33	common_gap	0	0	berry
blinked	33	common_gap	0	0	blink
bossy	33	common_gap	0	0	bossy
charlie	33	proper_noun	1	1	charlie
chew	33	common_gap	0	0	chew
fragile	33	common_gap	0	0	fragile
freddy	33	proper_noun	1	1	freddy
frowned	33	common_gap	0	0	frown
harsh	33	common_gap	0	0	harsh
jolly	33	common_gap	0	0	jolly
leak	33	common_gap	0	0	leak
maddy	33	proper_noun	1	1	maddy
modest	33	common_gap	0	0	modest
nods	33	common_gap	0	0	nod
ow	33	proper_noun	1	1	ow
razor	33	common_gap	0	0	razor
squash	33	proper_noun	1	0	squash
swan	33	common_gap	0	0	swan
swinging	33	common_gap	0	0	swing
ann	32	proper_noun	1	1	ann
cube	32	common_gap	0	0	cube
ella	32	proper_noun	1	1	ella
envious	32	common_gap	0	0	envious
faucet	32	proper_noun	1	0	faucet
goose	32	proper_noun	1	0	goose
licked	32	common_gap	0	0	lick
mike	32	proper_noun	1	1	mike
pigeon	32	proper_noun	1	0	pigeon
snowy	32	proper_noun	1	1	snowy
sparkling	32	common_gap	0	0	sparkle
thoughtful	32	common_gap	0	0	thoughtful
balloons	31	common_gap	0	0	balloon
blackboard	31	proper_noun	1	0	blackboard
bloom	31	proper_noun	1	0	bloom
distant	31	proper_noun	1	0	distant
filthy	31	common_gap	0	0	filthy
gloomy	31	common_gap	0	0	gloomy
golden	31	common_gap	0	0	golden
leopard	31	proper_noun	1	0	leopard
louder	31	common_gap	0	0	louder
mechanic	31	common_gap	0	0	mechanic
mill	31	common_gap	0	0	mill
pear	31	common_gap	0	0	pear
pup	31	proper_noun	1	0	pup
steve	31	proper_noun	1	1	steve
surrender	31	proper_noun	1	0	surrender
swamp	31	common_gap	0	0	swamp
yell	31	common_gap	0	0	yell
zebra	31	common_gap	0	0	zebra
zip	31	proper_noun	1	0	zip
annie	30	proper_noun	1	1	annie
beep	30	proper_noun	1	0	beep
bounced	30	common_gap	0	0	bounce
buzz	30	proper_noun	1	1	buzz
chimney	30	common_gap	0	0	chimney
compassionate	30	common_gap	0	0	compassionate
creek	30	common_gap	0	0	creek
envelope	30	common_gap	0	0	envelope
folder	30	common_gap	0	0	folder
giggle	30	common_gap	0	0	giggle
hammer	30	common_gap	0	0	hammer
lemonade	30	proper_noun	1	0	lemonade
mixer	30	common_gap	0	0	mixer
perfume	30	common_gap	0	0	perfume
thread	30	common_gap	0	0	thread
tilly	30	proper_noun	1	1	tilly
tweetie	30	proper_noun	1	1	tweetie
veil	30	common_gap	0	0	veil
vendor	30	common_gap	0	0	vendor
wheat	30	common_gap	0	0	wheat
awe	29	proper_noun	1	0	awe
beetle	29	common_gap	0	0	beetle
disgusting	29	common_gap	0	0	disgust
hoop	29	common_gap	0	0	hoop
horn	29	common_gap	0	0	horn
jogged	29	common_gap	0	0	jog
pill	29	common_gap	0	0	pill
pine	29	proper_noun	1	0	pine
skipping	29	common_gap	0	0	skip
spike	29	proper_noun	1	1	spike
wandered	29	common_gap	0	0	wander
yacht	29	common_gap	0	0	yacht
yogurt	29	proper_noun	1	0	yogurt
boo	28	proper_noun	1	1	boo
bouncing	28	common_gap	0	0	bounce
glow	28	common_gap	0	0	glow
hook	28	common_gap	0	0	hook
jelly	28	common_gap	0	0	jelly
mask	28	common_gap	0	0	mask
nicely	28	common_gap	0	0	nicely
nora	28	proper_noun	1	1	nora
pie	28	common_gap	0	0	pie
ralph	28	proper_noun	1	1	ralph
rug	28	common_gap	0	0	rug
scooter	28	common_gap	0	0	scooter
stirred	28	common_gap	0	0	stir
sunflower	28	proper_noun	1	0	sunflower
tray	28	common_gap	0	0	tray
troubled	28	inflection_miss	0	0	trouble
tucked	28	common_gap	0	0	tuck
tweet	28	proper_noun	1	1	tweet
amazement	27	common_gap	0	0	amazement
calendar	27	common_gap	0	0	calendar
cherry	27	common_gap	0	0	cherry
eagerly	27	common_gap	0	0	eagerly
grown	27	inflection_miss	0	0	grow
helpless	27	common_gap	0	0	helpless
hut	27	proper_noun	1	0	hut
lid	27	common_gap	0	0	lid
lollipop	27	common_gap	0	0	lollipop
maggie	27	proper_noun	1	1	maggie
massage	27	common_gap	0	0	massage
microscope	27	common_gap	0	0	microscope
neighbourhood	27	common_gap	0	0	neighbourhood
peanuts	27	common_gap	0	0	peanut
rod	27	proper_noun	1	0	rod
snowman	27	common_gap	0	0	snowman
soar	27	common_gap	0	0	soar
softly	27	common_gap	0	0	softly
spilled	27	common_gap	0	0	spill
splashing	27	common_gap	0	0	splash
zigzag	27	proper_noun	1	0	zigzag
zipper	27	common_gap	0	0	zipper
blueberry	26	common_gap	0	0	blueberry
cindy	26	proper_noun	1	1	cindy
crib	26	common_gap	0	0	crib
dishwasher	26	common_gap	0	0	dishwasher
fascinated	26	common_gap	0	0	fascinated
forth	26	common_gap	0	0	forth
gary	26	proper_noun	1	1	gary
kangaroo	26	proper_noun	1	0	kangaroo
marble	26	common_gap	0	0	marble
nemo	26	proper_noun	1	1	nemo
peach	26	proper_noun	1	0	peach
pebble	26	common_gap	0	0	pebble
polish	26	common_gap	0	0	polish
pumpkin	26	common_gap	0	0	pumpkin
rabbits	26	common_gap	0	0	rabbit
roared	26	common_gap	0	0	roar
sneeze	26	common_gap	0	0	sneeze
spoiled	26	common_gap	0	0	spoil
stir	26	common_gap	0	0	stir
trumpet	26	common_gap	0	0	trumpet
whistling	26	common_gap	0	0	whistle
yoga	26	common_gap	0	0	yoga
abigail	25	proper_noun	1	1	abigail
beamed	25	common_gap	0	0	beam
beneath	25	common_gap	0	0	beneath
breeze	25	common_gap	0	0	breeze
clara	25	proper_noun	1	1	clara
counter	25	common_gap	0	0	counter
deaf	25	proper_noun	1	0	deaf
dough	25	common_gap	0	0	dough
drawer	25	common_gap	0	0	drawer
emmy	25	proper_noun	1	1	emmy
gifted	25	inflection_miss	0	0	gift
gum	25	common_gap	0	0	gum
hiding	25	proper_noun	1	0	hiding
hoping	25	common_gap	0	0	hop
ink	25	common_gap	0	0	ink
missile	25	common_gap	0	0	missile
pastry	25	common_gap	0	0	pastry
petals	25	common_gap	0	0	petal
scare	25	common_gap	0	0	scare
sharing	25	inflection_miss	1	0	share
snuggled	25	common_gap	0	0	snuggle
spade	25	common_gap	0	0	spade
strawberry	25	common_gap	0	0	strawberry
yay	25	proper_noun	1	1	yay
beak	24	common_gap	0	0	beak
beth	24	proper_noun	1	1	beth
cherries	24	common_gap	0	0	cherry
fearful	24	common_gap	0	0	fearful
gear	24	common_gap	0	0	gear
gust	24	common_gap	0	0	gust
jail	24	common_gap	0	0	jail
oat	24	common_gap	0	0	oat
popcorn	24	common_gap	0	0	popcorn
reef	24	common_gap	0	0	reef
shampoo	24	common_gap	0	0	shampoo
sunlight	24	common_gap	0	0	sunlight
sunset	24	common_gap	0	0	sunset
trap	24	common_gap	0	0	trap
wipe	24	common_gap	0	0	wipe
apron	23	common_gap	0	0	apron
ash	23	common_gap	0	0	ash
birdcage	23	common_gap	0	0	birdcage
bravely	23	common_gap	0	0	bravely
chess	23	common_gap	0	0	chess
chirping	23	common_gap	0	0	chirp
chirpy	23	proper_noun	1	1	chirpy
clearing	23	common_gap	0	0	clearing
collar	23	common_gap	0	0	collar
comb	23	common_gap	0	0	comb
copper	23	proper_noun	1	0	copper
crawl	23	common_gap	0	0	crawl
crawling	23	common_gap	0	0	crawl
gorilla	23	proper_noun	1	0	gorilla
heal	23	common_gap	0	0	heal
humble	23	common_gap	0	0	humble
jerry	23	proper_noun	1	1	jerry
loops	23	proper_noun	1	0	loop
makeup	23	common_gap	0	0	makeup
microphone	23	common_gap	0	0	microphone
milly	23	proper_noun	1	1	milly
oats	23	common_gap	0	0	oats
opera	23	common_gap	0	0	opera
pastel	23	common_gap	0	0	pastel
paws	23	common_gap	0	0	paw
rex	23	proper_noun	1	1	rex
sniffed	23	common_gap	0	0	sniff
sofa	23	common_gap	0	0	sofa
spray	23	common_gap	0	0	spray
squirrels	23	common_gap	0	0	squirrel
stickers	23	common_gap	0	0	sticker
vroom	23	common_gap	0	0	vroom
anchor	22	common_gap	0	0	anchor
bobo	22	proper_noun	1	1	bobo
bracelet	22	common_gap	0	0	bracelet
chloe	22	proper_noun	1	1	chloe
dive	22	common_gap	0	0	dive
grinned	22	common_gap	0	0	grin
haircut	22	common_gap	0	0	haircut
julia	22	proper_noun	1	1	julia
magnet	22	common_gap	0	0	magnet
palm	22	common_gap	0	0	palm
pride	22	common_gap	0	0	pride
quarrel	22	common_gap	0	0	quarrel
rake	22	common_gap	0	0	rake
restless	22	common_gap	0	0	restless
skeleton	22	proper_noun	1	0	skeleton
squeeze	22	common_gap	0	0	squeeze
twig	22	common_gap	0	0	twig
claire	21	proper_noun	1	1	claire
cooler	21	inflection_miss	0	0	cool
darkness	21	common_gap	0	0	darkness
firework	21	common_gap	0	0	firework
flapped	21	common_gap	0	0	flap
fuzzy	21	proper_noun	1	1	fuzzy
granny	21	proper_noun	1	1	granny
herb	21	common_gap	0	0	herb
mimi	21	proper_noun	1	1	mimi
paused	21	common_gap	0	0	pause
penguin	21	common_gap	0	0	penguin
thunder	21	common_gap	0	0	thunder
trail	21	common_gap	0	0	trail
trembling	21	common_gap	0	0	tremble
twisted	21	common_gap	0	0	twisted
veterinarian	21	proper_noun	1	0	veterinarian
zoomed	21	common_gap	0	0	zoom
adorable	20	common_gap	0	0	adorable
bandage	20	common_gap	0	0	bandage
blueberries	20	common_gap	0	0	blueberry
bookcase	20	common_gap	0	0	bookcase
buzzy	20	proper_noun	1	1	buzzy
cart	20	common_gap	0	0	cart
grey	20	common_gap	0	0	grey
grill	20	common_gap	0	0	grill
hedge	20	common_gap	0	0	hedge
igloo	20	common_gap	0	0	igloo
infant	20	common_gap	0	0	infant
jellyfish	20	common_gap	0	0	jellyfish
lime	20	proper_noun	1	0	lime
luna	20	proper_noun	1	1	luna
neighbour	20	common_gap	0	0	neighbour
overjoyed	20	common_gap	0	0	overjoy
panda	20	common_gap	0	0	panda
perched	20	common_gap	0	0	perch
porch	20	common_gap	0	0	porch
puzzles	20	proper_noun	1	0	puzzle
refreshed	20	common_gap	0	0	refresh
rhinoceros	20	common_gap	0	0	rhinoceros
sandcastle	20	common_gap	0	0	sandcastle
slippery	20	common_gap	0	0	slippery
suitcase	20	common_gap	0	0	suitcase
suzy	20	proper_noun	1	1	suzy
thermometer	20	common_gap	0	0	thermometer
vest	20	common_gap	0	0	vest
warmth	20	common_gap	0	0	warmth
yarn	20	common_gap	0	0	yarn
abbie	19	proper_noun	1	1	abbie
alright	19	common_gap	0	0	alright
betsy	19	proper_noun	1	1	betsy
binky	19	proper_noun	1	1	binky
blouse	19	common_gap	0	0	blouse
cereal	19	common_gap	0	0	cereal
chewed	19	common_gap	0	0	chew
chores	19	common_gap	0	0	chore
coloured	19	common_gap	0	0	colour
hunter	19	common_gap	0	0	hunter
julie	19	proper_noun	1	1	julie
luckily	19	proper_noun	0	1	luckily
marbles	19	common_gap	0	0	marble
muffin	19	common_gap	0	0	muffin
puddles	19	common_gap	0	0	puddle
rot	19	common_gap	0	0	rot
sandbox	19	common_gap	0	0	sandbox
scooped	19	common_gap	0	0	scoop
screw	19	proper_noun	1	0	screw
shrugged	19	common_gap	0	0	shrug
sneezed	19	common_gap	0	0	sneeze
squeezed	19	common_gap	0	0	squeeze
stack	19	common_gap	0	0	stack
thumb	19	common_gap	0	0	thumb
unite	19	proper_noun	1	0	unite
waist	19	common_gap	0	0	waist
worm	19	common_gap	0	0	worm
yawned	19	common_gap	0	0	yawn
zipped	19	common_gap	0	0	zip
bark	18	proper_noun	1	0	bark
birdie	18	common_gap	0	0	birdie
blankets	18	common_gap	0	0	blanket
broccoli	18	common_gap	0	0	broccoli
buckle	18	common_gap	0	0	buckle
bumped	18	common_gap	0	0	bump
cheer	18	common_gap	0	0	cheer
crept	18	common_gap	0	0	creep
fireman	18	common_gap	0	0	fireman
fort	18	common_gap	0	0	fort
hidden	18	inflection_miss	0	0	hide
kindly	18	common_gap	0	0	kindly
liz	18	proper_noun	1	1	liz
mop	18	common_gap	0	0	mop
mule	18	common_gap	0	0	mule
mustache	18	common_gap	0	0	mustache
ornaments	18	common_gap	0	0	ornament
pandy	18	proper_noun	1	1	pandy
poked	18	common_gap	0	0	poke
rag	18	common_gap	0	0	rag
reindeer	18	common_gap	0	0	reindeer
ripe	18	common_gap	0	0	ripe
roaring	18	common_gap	0	0	roar
scarf	18	common_gap	0	0	scarf
shield	18	common_gap	0	0	shield
spoil	18	common_gap	0	0	spoil
steak	18	common_gap	0	0	steak
todd	18	proper_noun	1	1	todd
twigs	18	common_gap	0	0	twig
unpack	18	common_gap	0	0	unpack
vet	18	common_gap	0	0	vet
villagers	18	common_gap	0	0	villager
anytime	17	common_gap	0	0	anytime
avocado	17	common_gap	0	0	avocado
bathe	17	common_gap	0	0	bathe
chalk	17	common_gap	0	0	chalk
colour	17	common_gap	0	0	colour
fireplace	17	common_gap	0	0	fireplace
glowing	17	common_gap	0	0	glow
growled	17	common_gap	0	0	growl
helmet	17	common_gap	0	0	helmet
jacky	17	proper_noun	1	1	jacky
kelly	17	proper_noun	1	1	kelly
lumber	17	common_gap	0	0	lumber
nana	17	proper_noun	1	1	nana
ouch	17	proper_noun	1	1	ouch
pat	17	proper_noun	1	1	pat
respectful	17	common_gap	0	0	respectful
shrink	17	common_gap	0	0	shrink
skull	17	common_gap	0	0	skull
snap	17	proper_noun	1	0	snap
sparkles	17	proper_noun	1	0	sparkle
super	17	proper_noun	1	0	super
sword	17	common_gap	0	0	sword
tina	17	proper_noun	1	1	tina
wardrobe	17	common_gap	0	0	wardrobe
yum	17	proper_noun	1	1	yum
barrel	16	common_gap	0	0	barrel
boom	16	common_gap	0	0	boom
bouncy	16	common_gap	0	0	bouncy
bulb	16	proper_noun	1	0	bulb
candles	16	common_gap	0	0	candle
cauliflower	16	common_gap	0	0	cauliflower
chirped	16	common_gap	0	0	chirp
floppy	16	proper_noun	1	1	floppy
fog	16	common_gap	0	0	fog
frown	16	common_gap	0	0	frown
glowed	16	common_gap	0	0	glow
hanger	16	common_gap	0	0	hanger
jogging	16	common_gap	0	0	jog
lizzie	16	proper_noun	1	1	lizzie
meow	16	proper_noun	1	0	meow
meowed	16	common_gap	0	0	meow
mug	16	proper_noun	1	0	mug
napkin	16	common_gap	0	0	napkin
patiently	16	common_gap	0	0	patiently
pinch	16	common_gap	0	0	pinch
reverse	16	common_gap	0	0	reverse
sausages	16	common_gap	0	0	sausage
seal	16	common_gap	0	0	seal
steam	16	common_gap	0	0	steam
stitch	16	common_gap	0	0	stitch
sunrise	16	common_gap	0	0	sunrise
tap	16	common_gap	0	0	tap
toast	16	common_gap	0	0	toast
unlock	16	common_gap	0	0	unlock
whip	16	common_gap	0	0	whip
zooming	16	common_gap	0	0	zoom
arrows	15	common_gap	0	0	arrow
bowed	15	common_gap	0	0	bow
bun	15	proper_noun	1	1	bun
cautiously	15	common_gap	0	0	cautiously
disturbed	15	common_gap	0	0	disturb
drain	15	common_gap	0	0	drain
elf	15	proper_noun	1	0	elf
getting	15	inflection_miss	0	0	get
hose	15	common_gap	0	0	hose
itch	15	common_gap	0	0	itch
johnson	15	proper_noun	1	1	johnson
larry	15	proper_noun	1	1	larry
lulu	15	proper_noun	1	1	lulu
mrs	15	proper_noun	1	1	mrs
neighbours	15	common_gap	0	0	neighbour
notebook	15	common_gap	0	0	notebook
oak	15	common_gap	0	0	oak
oxygen	15	common_gap	0	0	oxygen
pajamas	15	common_gap	0	0	pajama
pearl	15	common_gap	0	0	pearl
prettiest	15	common_gap	0	0	prettiest
ranch	15	common_gap	0	0	ranch
reminder	15	common_gap	0	0	reminder
robbie	15	proper_noun	1	1	robbie
sadness	15	common_gap	0	0	sadness
scattered	15	common_gap	0	0	scatter
snapped	15	common_gap	0	0	snap
tide	15	common_gap	0	0	tide
ventured	15	common_gap	0	0	venture
weep	15	common_gap	0	0	weep
whiskers	15	proper_noun	1	1	whisker
backpack	14	common_gap	0	0	backpack
barely	14	common_gap	0	0	barely
bloomed	14	common_gap	0	0	bloom
buzzing	14	common_gap	0	0	buzz
canvas	14	common_gap	0	0	canvas
celery	14	common_gap	0	0	celery
comfy	14	common_gap	0	0	comfy
cop	14	common_gap	0	0	cop
counting	14	inflection_miss	0	0	count
curiosity	14	proper_noun	1	0	curiosity
daniel	14	proper_noun	1	1	daniel
doug	14	proper_noun	1	1	doug
freezer	14	common_gap	0	0	freezer
giggling	14	proper_noun	1	0	giggle
giraffe	14	common_gap	0	0	giraffe
goodnight	14	proper_noun	1	0	goodnight
intrigued	14	common_gap	0	0	intrigue
jeep	14	common_gap	0	0	jeep
kim	14	proper_noun	1	1	kim
ladybug	14	proper_noun	1	0	ladybug
pillows	14	common_gap	0	0	pillow
rita	14	proper_noun	1	1	rita
ryan	14	proper_noun	1	1	ryan
scurried	14	common_gap	0	0	scurry
shovel	14	common_gap	0	0	shovel
sore	14	common_gap	0	0	sore
sprayed	14	common_gap	0	0	spray
starfish	14	common_gap	0	0	starfish
sticker	14	common_gap	0	0	sticker
stuck	14	inflection_miss	0	0	stick
surrendered	14	common_gap	0	0	surrender
suzie	14	proper_noun	1	1	suzie
thrilled	14	common_gap	0	0	thrill
tremble	14	common_gap	0	0	tremble
underneath	14	common_gap	0	0	underneath
abby	13	proper_noun	1	1	abby
airplane	13	common_gap	0	0	airplane
ambulance	13	common_gap	0	0	ambulance
bedtime	13	common_gap	0	0	bedtime
brighter	13	common_gap	0	0	brighter
cabinet	13	common_gap	0	0	cabinet
campfire	13	common_gap	0	0	campfire
cheek	13	common_gap	0	0	cheek
cricket	13	common_gap	0	0	cricket
cupcake	13	common_gap	0	0	cupcake
cushions	13	common_gap	0	0	cushion
eagle	13	common_gap	0	0	eagle
flora	13	proper_noun	1	1	flora
fluttering	13	common_gap	0	0	flutter
forgave	13	common_gap	0	0	forgave
foxes	13	common_gap	0	0	fox
gaze	13	common_gap	0	0	gaze
grape	13	common_gap	0	0	grape
hallway	13	common_gap	0	0	hallway
judy	13	proper_noun	1	1	judy
knelt	13	common_gap	0	0	knelt
lotion	13	common_gap	0	0	lotion
monsters	13	common_gap	0	0	monster
muffins	13	common_gap	0	0	muffin
nina	13	proper_noun	1	1	nina
olives	13	common_gap	0	0	olive
onwards	13	common_gap	0	0	onwards
outfit	13	common_gap	0	0	outfit
pears	13	common_gap	0	0	pear
poke	13	common_gap	0	0	poke
rob	13	proper_noun	1	1	rob
rockets	13	common_gap	0	0	rocket
rover	13	proper_noun	1	1	rover
sausage	13	common_gap	0	0	sausage
scolded	13	common_gap	0	0	scold
scrubbed	13	common_gap	0	0	scrub
seagull	13	common_gap	0	0	seagull
shed	13	common_gap	0	0	shed
shiver	13	common_gap	0	0	shiver
sip	13	common_gap	0	0	sip
soaring	13	common_gap	0	0	soar
spark	13	common_gap	0	0	spark
spit	13	common_gap	0	0	spit
stella	13	proper_noun	1	1	stella
sting	13	common_gap	0	0	sting
stirring	13	common_gap	0	0	stir
tease	13	common_gap	0	0	tease
tugged	13	common_gap	0	0	tug
twirl	13	common_gap	0	0	twirl
twist	13	common_gap	0	0	twist
unpacked	13	common_gap	0	0	unpacked
wiggly	13	proper_noun	1	1	wiggly
zipping	13	common_gap	0	0	zip
applauded	12	common_gap	0	0	applaud
barking	12	common_gap	0	0	bark
bathtub	12	common_gap	0	0	bathtub
batter	12	common_gap	0	0	batter
cardboard	12	common_gap	0	0	cardboard
carriage	12	common_gap	0	0	carriage
coral	12	common_gap	0	0	coral
crystal	12	proper_noun	1	0	crystal
daisies	12	common_gap	0	0	daisy
fireworks	12	common_gap	0	0	firework
flo	12	proper_noun	1	1	flo
holly	12	proper_noun	1	1	holly
hopes	12	inflection_miss	0	0	hope
kayla	12	proper_noun	1	1	kayla
lawn	12	common_gap	0	0	lawn
lick	12	common_gap	0	0	lick
mailman	12	common_gap	0	0	mailman
melon	12	common_gap	0	0	melon
michelle	12	proper_noun	1	1	michelle
muddy	12	common_gap	0	0	muddy
nectar	12	proper_noun	1	0	nectar
nutty	12	proper_noun	1	1	nutty
pam	12	proper_noun	1	1	pam
parrot	12	proper_noun	1	0	parrot
rory	12	proper_noun	1	1	rory
rusty	12	proper_noun	1	0	rusty
shannon	12	proper_noun	1	1	shannon
sidewalk	12	common_gap	0	0	sidewalk
snail	12	proper_noun	1	0	snail
soared	12	common_gap	0	0	soar
sparkle	12	common_gap	0	0	sparkle
superhero	12	common_gap	0	0	superhero
swung	12	common_gap	0	0	swung
tabby	12	proper_noun	1	1	tabby
temple	12	proper_noun	1	0	temple
warrior	12	common_gap	0	0	warrior
whistled	12	common_gap	0	0	whistle
armchair	11	common_gap	0	0	armchair
bang	11	proper_noun	1	0	bang
barks	11	common_gap	0	0	bark
becky	11	proper_noun	1	1	becky
brownie	11	proper_noun	1	1	brownie
bumpy	11	proper_noun	1	1	bumpy
burst	11	common_gap	0	0	burst
charles	11	proper_noun	1	1	charles
chirp	11	proper_noun	1	0	chirp
circus	11	common_gap	0	0	circus
claws	11	common_gap	0	0	claws
crackers	11	common_gap	0	0	cracker
creamy	11	common_gap	0	0	creamy
curled	11	common_gap	0	0	curl
denise	11	proper_noun	1	1	denise
dina	11	proper_noun	1	1	dina
dotty	11	proper_noun	1	1	dotty
drank	11	common_gap	0	0	drank
ernie	11	proper_noun	1	1	ernie
exhausted	11	common_gap	0	0	exhaust
exploring	11	inflection_miss	0	0	explore
fabric	11	common_gap	0	0	fabric
fisherman	11	common_gap	0	0	fisherman
ginger	11	proper_noun	1	1	ginger
gracefully	11	common_gap	0	0	gracefully
honking	11	common_gap	0	0	honking
horizon	11	common_gap	0	0	horizon
louie	11	proper_noun	1	1	louie
marshmallows	11	common_gap	0	0	marshmallow
maya	11	proper_noun	1	1	maya
melody	11	proper_noun	1	1	melody
mmm	11	proper_noun	1	1	mmm
nick	11	proper_noun	1	1	nick
noon	11	proper_noun	1	0	noon
oasis	11	common_gap	0	0	oasis
ostrich	11	common_gap	0	0	ostrich
paddle	11	common_gap	0	0	paddle
panic	11	common_gap	0	0	panic
pasta	11	common_gap	0	0	pasta
patrick	11	proper_noun	1	1	patrick
pedal	11	common_gap	0	0	pedal
precious	11	common_gap	0	0	precious
puppies	11	common_gap	0	0	puppy
scratch	11	common_gap	0	0	scratch
siblings	11	common_gap	0	0	sibling
sigh	11	common_gap	0	0	sigh
snuck	11	common_gap	0	0	snuck
soak	11	common_gap	0	0	soak
spaceship	11	common_gap	0	0	spaceship
spear	11	common_gap	0	0	spear
teasing	11	common_gap	0	0	tease
tess	11	proper_noun	1	1	tess
tigers	11	common_gap	0	0	tiger
trapped	11	common_gap	0	0	trap
tricky	11	common_gap	0	0	tricky
tug	11	common_gap	0	0	tug
vanished	11	common_gap	0	0	vanish
wags	11	common_gap	0	0	wag
wallet	11	common_gap	0	0	wallet
woof	11	proper_noun	1	1	woof
yelling	11	common_gap	0	0	yell
yucky	11	common_gap	0	0	yucky
angie	10	proper_noun	1	1	angie
ants	10	common_gap	0	0	ant
billboard	10	common_gap	0	0	billboard
bin	10	proper_noun	1	0	bin
budge	10	common_gap	0	0	budge
carla	10	proper_noun	1	1	carla
castles	10	common_gap	0	0	castle
cheering	10	common_gap	0	0	cheer
compassion	10	common_gap	0	0	compassion
crow	10	proper_noun	1	0	crow
cuddle	10	common_gap	0	0	cuddle
dare	10	common_gap	0	0	dare
david	10	proper_noun	1	1	david
dresser	10	common_gap	0	0	dresser
drifted	10	common_gap	0	0	drift
ellie	10	proper_noun	1	1	ellie
fluttered	10	common_gap	0	0	flutter
gazed	10	common_gap	0	0	gaze
grandbaby	10	proper_noun	1	0	grandbaby
grandchild	10	common_gap	0	0	grandchild
grin	10	common_gap	0	0	grin
hannah	10	proper_noun	1	1	hannah
helper	10	common_gap	0	0	helper
hider	10	common_gap	0	0	hider
hopeful	10	common_gap	0	0	hopeful
isabel	10	proper_noun	1	1	isabel
itchy	10	common_gap	0	0	itchy
jana	10	proper_noun	1	1	jana
jewels	10	proper_noun	1	0	jewel
jonas	10	proper_noun	1	1	jona
jug	10	common_gap	0	0	jug
kneeled	10	common_gap	0	0	kneel
linda	10	proper_noun	1	1	linda
liza	10	proper_noun	1	1	liza
logs	10	common_gap	0	0	log
luggage	10	common_gap	0	0	luggage
macy	10	proper_noun	1	1	macy
mae	10	proper_noun	1	1	mae
margaret	10	proper_noun	1	1	margaret
maxi	10	proper_noun	1	1	maxi
navy	10	proper_noun	1	0	navy
paddled	10	common_gap	0	0	paddle
patience	10	common_gap	0	0	patience
pippin	10	proper_noun	1	1	pippin
potion	10	common_gap	0	0	potion
quiz	10	common_gap	0	0	quiz
ray	10	common_gap	0	0	ray
ribbon	10	common_gap	0	0	ribbon
ribbons	10	common_gap	0	0	ribbon
russel	10	proper_noun	1	1	russel
scatter	10	common_gap	0	0	scatter
slap	10	common_gap	0	0	slap
slimy	10	common_gap	0	0	slimy
snatched	10	common_gap	0	0	snatch
sneak	10	common_gap	0	0	sneak
soapy	10	common_gap	0	0	soapy
someday	10	common_gap	0	0	someday
sophia	10	proper_noun	1	1	sophia
squealed	10	common_gap	0	0	squeal
storekeeper	10	common_gap	0	0	storekeeper
strip	10	proper_noun	1	0	strip
timothy	10	proper_noun	1	1	timothy
vowed	10	common_gap	0	0	vow
willow	10	proper_noun	1	1	willow
wisdom	10	common_gap	0	0	wisdom
wizard	10	proper_noun	1	0	wizard
yawn	10	common_gap	0	0	yawn
yuck	10	proper_noun	1	1	yuck
aeroplane	9	common_gap	0	0	aeroplane
ashley	9	proper_noun	1	1	ashley
ayla	9	proper_noun	1	1	ayla
banged	9	common_gap	0	0	bang
beam	9	common_gap	0	0	beam
beard	9	common_gap	0	0	beard
bongo	9	proper_noun	1	1	bongo
bravery	9	common_gap	0	0	bravery
bruce	9	proper_noun	1	1	bruce
cari	9	proper_noun	1	1	cari
chop	9	common_gap	0	0	chop
chris	9	proper_noun	1	1	chris
chuckled	9	common_gap	0	0	chuckle
cobweb	9	common_gap	0	0	cobweb
cuddled	9	common_gap	0	0	cuddle
diana	9	proper_noun	1	1	diana
dolly	9	common_gap	0	0	dolly
emilda	9	proper_noun	1	1	emilda
firefighters	9	common_gap	0	0	firefighter
gavin	9	proper_noun	1	1	gavin
gracie	9	proper_noun	1	1	gracie
grapes	9	common_gap	0	0	grape
greedy	9	common_gap	0	0	greedy
harry	9	proper_noun	1	1	harry
jean	9	proper_noun	1	1	jean
jeff	9	proper_noun	1	1	jeff
kingdom	9	common_gap	0	0	kingdom
kneel	9	common_gap	0	0	kneel
maisy	9	proper_noun	1	1	maisy
martin	9	proper_noun	1	1	martin
mattress	9	common_gap	0	0	mattress
nancy	9	proper_noun	1	1	nancy
nodding	9	common_gap	0	0	nod
oliver	9	proper_noun	1	1	oliver
onward	9	common_gap	0	0	onward
pancake	9	proper_noun	1	1	pancake
pancakes	9	common_gap	0	0	pancake
peered	9	common_gap	0	0	peer
pinky	9	proper_noun	1	1	pinky
purred	9	common_gap	0	0	purr
raccoon	9	common_gap	0	0	raccoon
reluctantly	9	common_gap	0	0	reluctantly
restore	9	common_gap	0	0	restore
roger	9	proper_noun	1	1	roger
ruby	9	proper_noun	1	1	ruby
sailboat	9	common_gap	0	0	sailboat
seeker	9	common_gap	0	0	seeker
slapped	9	common_gap	0	0	slap
speedy	9	proper_noun	1	1	speedy
startled	9	proper_noun	1	1	startle
stitches	9	common_gap	0	0	stitch
sunglasses	9	common_gap	0	0	sunglass
sylvester	9	proper_noun	1	1	sylvester
tub	9	common_gap	0	0	tub
twinkle	9	proper_noun	1	0	twinkle
uh	9	proper_noun	0	1	uh
unlocked	9	common_gap	0	0	unlocked
x	9	common_gap	0	0	x
yield	9	common_gap	0	0	yield
zoomy	9	proper_noun	1	1	zoomy
acceptor	8	proper_noun	1	1	acceptor
accomplishment	8	common_gap	0	0	accomplishment
adam	8	proper_noun	1	1	adam
ali	8	proper_noun	1	1	ali
applaud	8	common_gap	0	0	applaud
ashtray	8	proper_noun	1	0	ashtray
bat	8	common_gap	0	0	bat
beads	8	common_gap	0	0	bead
beloved	8	common_gap	0	0	belove
bluey	8	proper_noun	1	1	bluey
bows	8	common_gap	0	0	bow
chipmunk	8	common_gap	0	0	chipmunk
chirpie	8	proper_noun	1	1	chirpie
crumbs	8	common_gap	0	0	crumb
dan	8	proper_noun	1	1	dan
doves	8	common_gap	0	0	dove
dragonfly	8	common_gap	0	0	dragonfly
enjoyed	8	inflection_miss	0	0	enjoy
firemen	8	common_gap	0	0	fireman
gemma	8	proper_noun	1	1	gemma
gems	8	common_gap	0	0	gem
glee	8	common_gap	0	0	glee
glimmering	8	common_gap	0	0	glimmer
harper	8	proper_noun	1	1	harper
healed	8	common_gap	0	0	heal
hugging	8	common_gap	0	0	hug
jackie	8	proper_noun	1	1	jackie
jailer	8	common_gap	0	0	jailer
janie	8	proper_noun	1	1	janie
jenna	8	proper_noun	1	1	jenna
jennifer	8	proper_noun	1	1	jennifer
jessica	8	proper_noun	1	1	jessica
katie	8	proper_noun	1	1	katie
keeper	8	common_gap	0	0	keeper
lizzy	8	proper_noun	1	1	lizzy
magician	8	common_gap	0	0	magician
maple	8	proper_noun	1	1	maple
marching	8	common_gap	0	0	marching
masks	8	common_gap	0	0	mask
matt	8	proper_noun	1	1	matt
mazzy	8	proper_noun	1	1	mazzy
meri	8	proper_noun	1	1	meri
mermaid	8	common_gap	0	0	mermaid
nan	8	proper_noun	1	1	nan
pap	8	proper_noun	1	1	pap
pastels	8	common_gap	0	0	pastel
playtime	8	common_gap	0	0	playtime
prune	8	common_gap	0	0	prune
prunes	8	common_gap	0	0	prune
pudding	8	proper_noun	1	1	pudding
pupils	8	common_gap	0	0	pupil
quack	8	common_gap	0	0	quack
refreshing	8	common_gap	0	0	refresh
ripped	8	common_gap	0	0	rip
rumble	8	common_gap	0	0	rumble
sal	8	proper_noun	1	1	sal
sandcastles	8	common_gap	0	0	sandcastle
scampered	8	common_gap	0	0	scamper
sew	8	common_gap	0	0	sew
shined	8	common_gap	0	0	shin
shrinking	8	common_gap	0	0	shrink
sneezing	8	common_gap	0	0	sneeze
soaked	8	common_gap	0	0	soak
spidey	8	proper_noun	1	1	spidey
spikes	8	common_gap	0	0	spike
spooky	8	common_gap	0	0	spooky
spraying	8	common_gap	0	0	spray
sprinkles	8	common_gap	0	0	sprinkle
stem	8	common_gap	0	0	stem
stew	8	common_gap	0	0	stew
stirs	8	common_gap	0	0	stir
stripes	8	common_gap	0	0	stripe
t	8	proper_noun	1	1	t
telescope	8	common_gap	0	0	telescope
tick	8	common_gap	0	0	tick
tickle	8	common_gap	0	0	tickle
tiptoed	8	common_gap	0	0	tiptoe
twinkling	8	common_gap	0	0	twinkle
twisting	8	common_gap	0	0	twisting
unsure	8	common_gap	0	0	unsure
wagging	8	common_gap	0	0	wag
warmly	8	common_gap	0	0	warmly
acorns	7	common_gap	0	0	acorn
admiration	7	common_gap	0	0	admiration
afar	7	common_gap	0	0	afar
backwards	7	common_gap	0	0	backwards
bandages	7	common_gap	0	0	bandage
basement	7	common_gap	0	0	basement
bea	7	proper_noun	1	1	bea
beartie	7	proper_noun	1	1	beartie
beehive	7	common_gap	0	0	beehive
biggy	7	proper_noun	1	1	biggy
broom	7	common_gap	0	0	broom
buddy	7	proper_noun	1	1	buddy
buggy	7	proper_noun	1	1	buggy
bully	7	common_gap	0	0	bully
bump	7	common_gap	0	0	bump
burrow	7	common_gap	0	0	burrow
carol	7	proper_noun	1	1	carol
cheeks	7	common_gap	0	0	cheek
cherie	7	proper_noun	1	1	cherie
clarice	7	proper_noun	1	1	clarice
cliff	7	common_gap	0	0	cliff
cottage	7	common_gap	0	0	cottage
cracker	7	common_gap	0	0	cracker
crunchy	7	common_gap	0	0	crunchy
cubes	7	common_gap	0	0	cube
curiously	7	common_gap	0	0	curiously
diving	7	common_gap	0	0	diving
doorway	7	common_gap	0	0	doorway
dusty	7	common_gap	0	0	dusty
echoed	7	common_gap	0	0	echo
elin	7	proper_noun	1	1	elin
elle	7	proper_noun	1	1	elle
eric	7	proper_noun	1	1	eric
explorers	7	common_gap	0	0	explorer
faraway	7	common_gap	0	0	faraway
feast	7	common_gap	0	0	feast
flapping	7	common_gap	0	0	flap
flutter	7	common_gap	0	0	flutter
frankie	7	proper_noun	1	1	frankie
gabby	7	proper_noun	1	1	gabby
gina	7	proper_noun	1	1	gina
growling	7	common_gap	0	0	growl
hen	7	common_gap	0	0	hen
jessi	7	proper_noun	1	1	jessi
jessie	7	proper_noun	1	1	jessie
juliet	7	proper_noun	1	1	juliet
jumping	7	inflection_miss	0	0	jump
kaitlyn	7	proper_noun	1	1	kaitlyn
karen	7	proper_noun	1	1	karen
kari	7	proper_noun	1	1	kari
katy	7	proper_noun	1	1	katy
kin	7	proper_noun	1	1	kin
laughing	7	inflection_miss	0	0	laugh
leaking	7	common_gap	0	0	leak
leticia	7	proper_noun	1	1	leticia
libby	7	proper_noun	1	1	libby
licks	7	common_gap	0	0	lick
loop	7	common_gap	0	0	loop
maia	7	proper_noun	1	1	maia
mane	7	common_gap	0	0	mane
marker	7	common_gap	0	0	marker
marlon	7	proper_noun	1	1	marlon
marvin	7	proper_noun	1	1	marvin
mitten	7	common_gap	0	0	mitten
mona	7	proper_noun	1	1	mona
mosquito	7	common_gap	0	0	mosquito
noah	7	proper_noun	1	1	noah
paintbrush	7	common_gap	0	0	paintbrush
patty	7	proper_noun	1	1	patty
pause	7	common_gap	0	0	pause
pebbles	7	common_gap	0	0	pebble
pedals	7	common_gap	0	0	pedal
petey	7	proper_noun	1	1	petey
piper	7	proper_noun	1	1	piper
pirates	7	common_gap	0	0	pirate
pixie	7	proper_noun	1	1	pixie
poking	7	common_gap	0	0	poke
polishing	7	common_gap	0	0	polish
politely	7	common_gap	0	0	politely
popper	7	common_gap	0	0	popper
quackers	7	proper_noun	1	1	quacker
quilt	7	common_gap	0	0	quilt
ranger	7	common_gap	0	0	ranger
reassured	7	common_gap	0	0	reassure
ribbit	7	proper_noun	1	1	ribbit
ricky	7	proper_noun	1	1	ricky
riddle	7	common_gap	0	0	riddle
sabina	7	proper_noun	1	1	sabina
scaring	7	common_gap	0	0	scar
scratches	7	common_gap	0	0	scratch
screwdriver	7	common_gap	0	0	screwdriver
scurrying	7	common_gap	0	0	scurry
sharon	7	proper_noun	1	1	sharon
shivering	7	common_gap	0	0	shiver
spices	7	common_gap	0	0	spice
spoonful	7	common_gap	0	0	spoonful
squeezing	7	common_gap	0	0	squeeze
sternly	7	common_gap	0	0	sternly
stomped	7	common_gap	0	0	stomp
swooped	7	common_gap	0	0	swoop
teased	7	common_gap	0	0	tease
therese	7	proper_noun	1	1	therese
thomas	7	proper_noun	1	1	thomas
tickled	7	common_gap	0	0	tickle
tractor	7	common_gap	0	0	tractor
trampoline	7	common_gap	0	0	trampoline
treehouse	7	common_gap	0	0	treehouse
twirling	7	common_gap	0	0	twirl
waffles	7	common_gap	0	0	waffle
whoosh	7	proper_noun	1	0	whoosh
willie	7	proper_noun	1	1	willie
windy	7	common_gap	0	0	windy
worms	7	common_gap	0	0	worm
abi	6	proper_noun	1	1	abi
accomplished	6	common_gap	0	0	accomplish
alligator	6	common_gap	0	0	alligator
amanda	6	proper_noun	1	1	amanda
ana	6	proper_noun	1	1	ana
auntie	6	proper_noun	1	1	auntie
awake	6	common_gap	0	0	awake
beaver	6	common_gap	0	0	beaver
blooming	6	common_gap	0	0	bloom
bobbie	6	proper_noun	1	1	bobbie
brick	6	common_gap	0	0	brick
buckets	6	common_gap	0	0	bucket
bullies	6	common_gap	0	0	bully
buzzed	6	common_gap	0	0	buzz
caroline	6	proper_noun	1	1	caroline
cashier	6	common_gap	0	0	cashier
chad	6	proper_noun	1	1	chad
chases	6	common_gap	0	0	chase
chopping	6	common_gap	0	0	chop
connie	6	proper_noun	1	1	connie
cough	6	common_gap	0	0	cough
creativity	6	common_gap	0	0	creativity
dared	6	common_gap	0	0	dare
darling	6	common_gap	0	0	darling
devastated	6	common_gap	0	0	devastate
dinosaurs	6	common_gap	0	0	dinosaur
dipped	6	common_gap	0	0	dip
dippy	6	proper_noun	1	1	dippy
disturb	6	common_gap	0	0	disturb
dots	6	common_gap	0	0	dot
drift	6	common_gap	0	0	drift
dripping	6	common_gap	0	0	dripping
driveway	6	common_gap	0	0	driveway
ellen	6	proper_noun	1	1	ellen
faded	6	common_gap	0	0	fade
farewell	6	common_gap	0	0	farewell
fido	6	proper_noun	1	1	fido
flap	6	common_gap	0	0	flap
flavor	6	common_gap	0	0	flavor
flavors	6	common_gap	0	0	flavor
froggy	6	proper_noun	1	1	froggy
frosting	6	common_gap	0	0	frost
frowning	6	common_gap	0	0	frown
gobbled	6	common_gap	0	0	gobble
grassy	6	common_gap	0	0	grassy
ha	6	common_gap	0	0	ha
handy	6	common_gap	0	0	handy
hesitant	6	common_gap	0	0	hesitant
hissed	6	common_gap	0	0	hiss
honk	6	common_gap	0	0	honk
hood	6	common_gap	0	0	hood
horns	6	common_gap	0	0	horn
instantly	6	common_gap	0	0	instantly
jacob	6	proper_noun	1	1	jacob
jamie	6	proper_noun	1	1	jamie
jasmine	6	proper_noun	1	1	jasmine
jose	6	proper_noun	1	1	jose
josie	6	proper_noun	1	1	josie
joyfully	6	common_gap	0	0	joyfully
kimmy	6	proper_noun	1	1	kimmy
lacy	6	proper_noun	1	1	lacy
laura	6	proper_noun	1	1	laura
lee	6	proper_noun	1	1	lee
looking	6	inflection_miss	0	0	look
marc	6	proper_noun	1	1	marc
margo	6	proper_noun	1	1	margo
markers	6	common_gap	0	0	marker
marky	6	proper_noun	1	1	marky
medal	6	common_gap	0	0	medal
medals	6	common_gap	0	0	medal
mickey	6	proper_noun	1	1	mickey
minnie	6	proper_noun	1	1	minnie
missy	6	proper_noun	1	1	missy
mist	6	common_gap	0	0	mist
nathan	6	proper_noun	1	1	nathan
neenee	6	proper_noun	1	1	neenee
nervously	6	common_gap	0	0	nervously
newfound	6	common_gap	0	0	newfound
olly	6	proper_noun	1	1	olly
paola	6	proper_noun	1	1	paola
pecked	6	common_gap	0	0	pecked
pedaling	6	common_gap	0	0	pedal
pinchy	6	proper_noun	1	1	pinchy
pleaded	6	common_gap	0	0	plead
porcupine	6	proper_noun	1	0	porcupine
practised	6	common_gap	0	0	practise
prank	6	common_gap	0	0	prank
pupil	6	common_gap	0	0	pupil
racer	6	common_gap	0	0	racer
rainbows	6	common_gap	0	0	rainbow
rainy	6	common_gap	0	0	rainy
recorder	6	common_gap	0	0	recorder
reversed	6	common_gap	0	0	reverse
riley	6	proper_noun	1	1	riley
robin	6	proper_noun	1	1	robin
ruining	6	common_gap	0	0	ruin
ruler	6	common_gap	0	0	ruler
rustling	6	common_gap	0	0	rustle
satisfaction	6	common_gap	0	0	satisfaction
scent	6	common_gap	0	0	scent
scrubbing	6	common_gap	0	0	scrub
seth	6	proper_noun	1	1	seth
shauna	6	proper_noun	1	1	shauna
shivered	6	common_gap	0	0	shiver
shoo	6	proper_noun	1	0	shoo
silently	6	common_gap	0	0	silently
simone	6	proper_noun	1	1	simone
spanish	6	proper_noun	1	1	spanish
sponge	6	common_gap	0	0	sponge
squeaky	6	proper_noun	1	0	squeaky
stroked	6	common_gap	0	0	stroke
sweeties	6	common_gap	0	0	sweetie
sweety	6	proper_noun	1	1	sweety
tangled	6	common_gap	0	0	tangle
tock	6	common_gap	0	0	tock
toddler	6	common_gap	0	0	toddler
toni	6	proper_noun	1	1	toni
tornado	6	common_gap	0	0	tornado
trembled	6	common_gap	0	0	tremble
turnip	6	common_gap	0	0	turnip
ty	6	proper_noun	1	1	ty
tyler	6	proper_noun	1	1	tyler
vanish	6	common_gap	0	0	vanish
wandering	6	common_gap	0	0	wander
weeping	6	common_gap	0	0	weeping
widened	6	common_gap	0	0	widen
wiggled	6	common_gap	0	0	wiggle
wink	6	common_gap	0	0	wink
zoey	6	proper_noun	1	1	zoey
zookeeper	6	common_gap	0	0	zookeeper
acorn	5	common_gap	0	0	acorn
alfie	5	proper_noun	1	1	alfie
alicia	5	proper_noun	1	1	alicia
alvin	5	proper_noun	1	1	alvin
andrew	5	proper_noun	1	1	andrew
anny	5	proper_noun	1	1	anny
anticipation	5	common_gap	0	0	anticipation
appreciation	5	common_gap	0	0	appreciation
astronaut	5	common_gap	0	0	astronaut
bathrobe	5	common_gap	0	0	bathrobe
belly	5	common_gap	0	0	belly
blender	5	common_gap	0	0	blender
brad	5	proper_noun	1	1	brad
brian	5	proper_noun	1	1	brian
bumps	5	common_gap	0	0	bump
bunnies	5	common_gap	0	0	bunnie
buyer	5	common_gap	0	0	buyer
cactuses	5	common_gap	0	0	cactuse
calmly	5	common_gap	0	0	calmly
cape	5	common_gap	0	0	cape
carl	5	proper_noun	1	1	carl
choo	5	proper_noun	1	0	choo
clarissa	5	proper_noun	1	1	clarissa
cobwebs	5	common_gap	0	0	cobwebs
combed	5	common_gap	0	0	comb
comets	5	common_gap	0	0	comet
conquered	5	common_gap	0	0	conquer
daring	5	common_gap	0	0	dare
den	5	common_gap	0	0	den
doggie	5	common_gap	0	0	doggie
donkey	5	common_gap	0	0	donkey
dragons	5	common_gap	0	0	dragon
drip	5	common_gap	0	0	drip
ease	5	common_gap	0	0	ease
elsie	5	proper_noun	1	1	elsie
fins	5	common_gap	0	0	fins
fireflies	5	common_gap	0	0	firefly
firefly	5	common_gap	0	0	firefly
firmly	5	common_gap	0	0	firmly
flea	5	common_gap	0	0	flea
garry	5	proper_noun	1	1	garry
gigi	5	proper_noun	1	1	gigi
glittered	5	common_gap	0	0	glitter
gorgeous	5	common_gap	0	0	gorgeous
granddad	5	proper_noun	1	0	granddad
granddaughter	5	proper_noun	1	0	granddaughter
gratitude	5	common_gap	0	0	gratitude
groom	5	common_gap	0	0	groom
growl	5	common_gap	0	0	growl
hamster	5	common_gap	0	0	hamster
handful	5	common_gap	0	0	handful
handsome	5	common_gap	0	0	handsome
healing	5	common_gap	0	0	healing
instincts	5	common_gap	0	0	instinct
inviting	5	inflection_miss	0	0	invite
jaqui	5	proper_noun	1	1	jaqui
jason	5	proper_noun	1	1	jason
jay	5	proper_noun	1	1	jay
joseph	5	proper_noun	1	1	joseph
junk	5	common_gap	0	0	junk
kayaking	5	common_gap	0	0	kayak
knobs	5	common_gap	0	0	knob
lap	5	common_gap	0	0	lap
lava	5	common_gap	0	0	lava
leaks	5	common_gap	0	0	leak
lettuce	5	common_gap	0	0	lettuce
licking	5	common_gap	0	0	lick
lina	5	proper_noun	1	1	lina
mabel	5	proper_noun	1	1	mabel
marty	5	proper_noun	1	1	marty
masterpiece	5	common_gap	0	0	masterpiece
meg	5	proper_noun	1	1	meg
mel	5	proper_noun	1	1	mel
micky	5	proper_noun	1	1	micky
mint	5	common_gap	0	0	mint
moni	5	proper_noun	1	1	moni
mr	5	proper_noun	1	1	mr
mushrooms	5	common_gap	0	0	mushroom
nasty	5	common_gap	0	0	nasty
naughtiness	5	common_gap	0	0	naughtiness
neatly	5	common_gap	0	0	neatly
oatmeal	5	common_gap	0	0	oatmeal
pandas	5	common_gap	0	0	panda
patted	5	common_gap	0	0	pat
peacefully	5	common_gap	0	0	peacefully
peculiar	5	common_gap	0	0	peculiar
pedaled	5	common_gap	0	0	pedal
peggy	5	proper_noun	1	1	peggy
pies	5	common_gap	0	0	pie
pinched	5	common_gap	0	0	pinch
pistol	5	common_gap	0	0	pistol
pitcher	5	common_gap	0	0	pitcher
pitchfork	5	common_gap	0	0	pitchfork
plucked	5	common_gap	0	0	pluck
pouted	5	common_gap	0	0	pout
preschool	5	common_gap	0	0	preschool
prickly	5	common_gap	0	0	prickly
rail	5	common_gap	0	0	rail
raindrops	5	common_gap	0	0	raindrop
rang	5	proper_noun	1	0	rang
reunited	5	common_gap	0	0	reunite
reversing	5	common_gap	0	0	reverse
richie	5	proper_noun	1	1	richie
rip	5	common_gap	0	0	rip
ruin	5	common_gap	0	0	ruin
salty	5	common_gap	0	0	salty
sandpit	5	common_gap	0	0	sandpit
santa	5	proper_noun	1	1	santa
scratched	5	common_gap	0	0	scratch
seashells	5	common_gap	0	0	seashell
shaun	5	proper_noun	1	1	shaun
simon	5	proper_noun	1	1	simon
skips	5	common_gap	0	0	skip
smiley	5	common_gap	0	0	smiley
sneaky	5	common_gap	0	0	sneaky
snowflakes	5	common_gap	0	0	snowflake
sol	5	proper_noun	1	1	sol
sprinkled	5	common_gap	0	0	sprinkle
spy	5	common_gap	0	0	spy
steven	5	proper_noun	1	1	steven
straw	5	common_gap	0	0	straw
streamers	5	common_gap	0	0	streamer
sway	5	common_gap	0	0	sway
swaying	5	common_gap	0	0	sway
sweetest	5	proper_noun	1	0	sweetest
syrup	5	common_gap	0	0	syrup
tara	5	proper_noun	1	1	tara
terrified	5	common_gap	0	0	terrify
textures	5	common_gap	0	0	texture
threads	5	common_gap	0	0	thread
tickling	5	common_gap	0	0	tickle
tingle	5	common_gap	0	0	tingle
torn	5	inflection_miss	0	0	tear
townspeople	5	common_gap	0	0	townspeople
twisty	5	common_gap	0	0	twisty
unfamiliar	5	common_gap	0	0	unfamiliar
wept	5	common_gap	0	0	weep
wetter	5	common_gap	0	0	wetter
whee	5	proper_noun	1	1	whee
whipped	5	common_gap	0	0	whip
wiggle	5	common_gap	0	0	wiggle
wobble	5	common_gap	0	0	wobble
workman	5	common_gap	0	0	workman
yelped	5	common_gap	0	0	yelp
aisle	4	common_gap	0	0	aisle
amelia	4	proper_noun	1	1	amelia
angrily	4	common_gap	0	0	angrily
apologised	4	common_gap	0	0	apologise
astonished	4	common_gap	0	0	astonish
avocados	4	common_gap	0	0	avocado
badge	4	common_gap	0	0	badge
bakery	4	common_gap	0	0	bakery
behaviour	4	common_gap	0	0	behaviour
belongings	4	common_gap	0	0	belonging
bizzy	4	proper_noun	1	1	bizzy
blink	4	common_gap	0	0	blink
bog	4	common_gap	0	0	bog
bolt	4	common_gap	0	0	bolt
bookmark	4	common_gap	0	0	bookmark
bounded	4	common_gap	0	0	bound
bowing	4	common_gap	0	0	bow
braver	4	common_gap	0	0	braver
brightened	4	common_gap	0	0	brighten
bubbly	4	common_gap	0	0	bubbly
bushy	4	common_gap	0	0	bushy
caw	4	proper_noun	1	1	caw
centre	4	common_gap	0	0	centre
cheetah	4	common_gap	0	0	cheetah
chewing	4	common_gap	0	0	chew
chews	4	common_gap	0	0	chew
chilli	4	proper_noun	1	0	chilli
chilly	4	common_gap	0	0	chilly
chopped	4	common_gap	0	0	chop
claps	4	common_gap	0	0	clap
cleaning	4	inflection_miss	0	0	clean
clover	4	common_gap	0	0	clover
clucked	4	common_gap	0	0	cluck
coco	4	proper_noun	1	1	coco
compass	4	common_gap	0	0	compass
confusion	4	common_gap	0	0	confusion
cord	4	common_gap	0	0	cord
cosy	4	common_gap	0	0	cosy
cracked	4	common_gap	0	0	crack
croaked	4	common_gap	0	0	croak
crystals	4	common_gap	0	0	crystal
cuddles	4	common_gap	0	0	cuddle
cuddling	4	common_gap	0	0	cuddle
cynthia	4	proper_noun	1	1	cynthia
debby	4	proper_noun	1	1	debby
disappointment	4	common_gap	0	0	disappointment
disturbing	4	common_gap	0	0	disturb
dolphins	4	common_gap	0	0	dolphin
donna	4	proper_noun	1	1	donna
dory	4	proper_noun	1	1	dory
dreammaker	4	common_gap	0	0	dreammaker
embarrassment	4	common_gap	0	0	embarrassment
energetic	4	common_gap	0	0	energetic
explorer	4	common_gap	0	0	explorer
fade	4	common_gap	0	0	fade
fairies	4	common_gap	0	0	fairy
felt	4	inflection_miss	0	0	feel
fetch	4	common_gap	0	0	fetch
fetched	4	common_gap	0	0	fetch
finished	4	inflection_miss	0	0	finish
flopped	4	common_gap	0	0	flop
foal	4	common_gap	0	0	foal
folders	4	common_gap	0	0	folder
fondly	4	common_gap	0	0	fondly
freddie	4	proper_noun	1	1	freddie
gator	4	common_gap	0	0	gator
gladly	4	common_gap	0	0	gladly
glittering	4	common_gap	0	0	glitter
guardian	4	proper_noun	1	0	guardian
halley	4	proper_noun	1	1	halley
halloween	4	proper_noun	1	1	halloween
handed	4	inflection_miss	0	0	hand
handkerchief	4	common_gap	0	0	handkerchief
hedgehog	4	common_gap	0	0	hedgehog
helmets	4	common_gap	0	0	helmet
herbs	4	common_gap	0	0	herb
hideout	4	common_gap	0	0	hideout
hind	4	common_gap	0	0	hind
hips	4	common_gap	0	0	hip
hungrily	4	common_gap	0	0	hungrily
icicle	4	common_gap	0	0	icicle
igloos	4	proper_noun	1	0	igloo
jemma	4	proper_noun	1	1	jemma
jojo	4	proper_noun	1	1	jojo
ken	4	proper_noun	1	1	ken
kittens	4	common_gap	0	0	kitten
leah	4	proper_noun	1	1	leah
limes	4	common_gap	0	0	lime
lizards	4	common_gap	0	0	lizard
louise	4	proper_noun	1	1	louise
maid	4	common_gap	0	0	maid
matty	4	proper_noun	1	1	matty
meant	4	inflection_miss	0	0	mean
mesmerized	4	common_gap	0	0	mesmerize
miracle	4	common_gap	0	0	miracle
mischievous	4	common_gap	0	0	mischievous
mister	4	proper_noun	1	0	mister
momma	4	proper_noun	1	0	momma
moo	4	proper_noun	1	0	moo
mueca	4	proper_noun	1	0	mueca
munch	4	common_gap	0	0	munch
necklaces	4	common_gap	0	0	necklace
overcome	4	common_gap	0	0	overcome
overhead	4	common_gap	0	0	overhead
owls	4	common_gap	0	0	owl
paige	4	proper_noun	1	1	paige
peck	4	common_gap	0	0	peck
peeking	4	common_gap	0	0	peek
peel	4	common_gap	0	0	peel
peeped	4	common_gap	0	0	peep
penguins	4	common_gap	0	0	penguin
pepperoni	4	common_gap	0	0	pepperoni
petal	4	common_gap	0	0	petal
picnics	4	common_gap	0	0	picnic
piggy	4	proper_noun	1	0	piggy
pizzas	4	common_gap	0	0	pizza
playroom	4	common_gap	0	0	playroom
plopped	4	common_gap	0	0	plop
pods	4	common_gap	0	0	pod
polar	4	common_gap	0	0	polar
polished	4	common_gap	0	0	polish
puff	4	common_gap	0	0	puff
pumpkins	4	common_gap	0	0	pumpkin
quieter	4	common_gap	0	0	quieter
racers	4	common_gap	0	0	racer
radish	4	common_gap	0	0	radish
raincoat	4	common_gap	0	0	raincoat
randy	4	proper_noun	1	1	randy
riding	4	inflection_miss	0	0	rid
ringing	4	inflection_miss	0	0	ring
roars	4	common_gap	0	0	roar
robby	4	proper_noun	1	1	robby
rooster	4	common_gap	0	0	rooster
saila	4	proper_noun	1	1	saila
scoop	4	common_gap	0	0	scoop
scooted	4	common_gap	0	0	scoot
scrambled	4	common_gap	0	0	scramble
scrub	4	common_gap	0	0	scrub
shave	4	common_gap	0	0	shave
shone	4	inflection_miss	0	0	shine
sighs	4	common_gap	0	0	sigh
smashed	4	common_gap	0	0	smash
sniff	4	common_gap	0	0	sniff
sniffing	4	common_gap	0	0	sniff
snuggle	4	common_gap	0	0	snuggle
sobbed	4	common_gap	0	0	sob
sparks	4	common_gap	0	0	spark
spits	4	common_gap	0	0	spit
splashes	4	common_gap	0	0	splash
squishy	4	common_gap	0	0	squishy
stacked	4	common_gap	0	0	stack
stan	4	proper_noun	1	1	stan
stern	4	common_gap	0	0	stern
stormy	4	common_gap	0	0	stormy
stretching	4	inflection_miss	1	0	stretch
stuffing	4	inflection_miss	0	0	stuff
stumble	4	common_gap	0	0	stumble
suitcases	4	common_gap	0	0	suitcase
sunscreen	4	common_gap	0	0	sunscreen
swans	4	common_gap	0	0	swan
swayed	4	common_gap	0	0	sway
swirl	4	common_gap	0	0	swirl
tablecloth	4	common_gap	0	0	tablecloth
taped	4	common_gap	0	0	tap
tapping	4	common_gap	0	0	tap
theatre	4	common_gap	0	0	theatre
thud	4	common_gap	0	0	thud
thumbs	4	common_gap	0	0	thumb
tidied	4	common_gap	0	0	tidy
tidying	4	common_gap	0	0	tidying
timer	4	common_gap	0	0	timer
toddlers	4	common_gap	0	0	toddler
toto	4	proper_noun	1	1	toto
trotted	4	common_gap	0	0	trot
tummies	4	common_gap	0	0	tummy
twinkled	4	common_gap	0	0	twinkle
underwater	4	common_gap	0	0	underwater
unkind	4	common_gap	0	0	unkind
unripe	4	common_gap	0	0	unripe
untied	4	common_gap	0	0	untie
vanilla	4	common_gap	0	0	vanilla
veggies	4	common_gap	0	0	veggie
vessel	4	common_gap	0	0	vessel
vibrant	4	common_gap	0	0	vibrant
wally	4	proper_noun	1	1	wally
wanna	4	common_gap	0	0	wanna
watering	4	inflection_miss	0	0	water
wax	4	common_gap	0	0	wax
wilbur	4	proper_noun	1	1	wilbur
winnie	4	proper_noun	1	1	winnie
wipes	4	common_gap	0	0	wipe
wiping	4	common_gap	0	0	wipe
wobbled	4	common_gap	0	0	wobble
wrist	4	common_gap	0	0	wrist
yells	4	common_gap	0	0	yell
zebras	4	common_gap	0	0	zebra
abc	3	proper_noun	1	1	abc
abracadabra	3	proper_noun	1	1	abracadabra
accomplish	3	common_gap	0	0	accomplish
ache	3	common_gap	0	0	ache
adjusted	3	common_gap	0	0	adjust
alongside	3	common_gap	0	0	alongside
aloud	3	common_gap	0	0	aloud
angels	3	common_gap	0	0	angel
aroma	3	common_gap	0	0	aroma
attendant	3	common_gap	0	0	attendant
awoke	3	proper_noun	1	0	awake
awoken	3	common_gap	0	0	awoken
balanced	3	common_gap	0	0	balanced
balancing	3	inflection_miss	0	0	balance
bamboo	3	common_gap	0	0	bamboo
beams	3	common_gap	0	0	beam
bellies	3	common_gap	0	0	belly
bellowed	3	common_gap	0	0	bellow
benches	3	common_gap	0	0	bench
birdy	3	proper_noun	1	1	birdy
blast	3	common_gap	0	0	blast
blew	3	inflection_miss	0	0	blow
bluebird	3	common_gap	0	0	bluebird
booth	3	common_gap	0	0	booth
bridle	3	common_gap	0	0	bridle
brilliantly	3	common_gap	0	0	brilliantly
builders	3	common_gap	0	0	builder
burger	3	common_gap	0	0	burger
burning	3	inflection_miss	0	0	burn
buster	3	proper_noun	1	1	buster
buzzer	3	common_gap	0	0	buzzer
cages	3	common_gap	0	0	cage
calf	3	common_gap	0	0	calf
catcher	3	common_gap	0	0	catcher
cauliflowers	3	common_gap	0	0	cauliflower
caution	3	common_gap	0	0	caution
caves	3	common_gap	0	0	cave
checkout	3	common_gap	0	0	checkout
chick	3	common_gap	0	0	chick
classmates	3	common_gap	0	0	classmate
climbing	3	inflection_miss	0	0	climb
cloudy	3	common_gap	0	0	cloudy
clutching	3	common_gap	0	0	clutch
cocked	3	common_gap	0	0	cock
coconut	3	common_gap	0	0	coconut
comforting	3	inflection_miss	0	0	comfort
companion	3	common_gap	0	0	companion
complimented	3	common_gap	0	0	compliment
congratulated	3	common_gap	0	0	congratulate
continued	3	inflection_miss	0	0	continue
crawls	3	common_gap	0	0	crawl
creepy	3	proper_noun	1	0	creepy
crouched	3	common_gap	0	0	crouch
crunching	3	common_gap	0	0	crunch
cuddly	3	common_gap	0	0	cuddly
darted	3	common_gap	0	0	dart
dashed	3	common_gap	0	0	dash
dining	3	common_gap	0	0	dining
dip	3	common_gap	0	0	dip
dips	3	common_gap	0	0	dip
dived	3	common_gap	0	0	dive
dollhouse	3	common_gap	0	0	dollhouse
dreamed	3	inflection_miss	0	0	dream
duckling	3	common_gap	0	0	duckle
elder	3	common_gap	0	0	elder
encouraging	3	common_gap	0	0	encouraging
energized	3	common_gap	0	0	energize
english	3	proper_noun	1	1	english
envelopes	3	common_gap	0	0	envelope
everytime	3	proper_noun	1	1	everytime
fading	3	common_gap	0	0	fade
faint	3	common_gap	0	0	faint
flips	3	common_gap	0	0	flips
foreshadowed	3	common_gap	0	0	foreshadow
frosty	3	proper_noun	1	1	frosty
gardener	3	common_gap	0	0	gardener
gazing	3	common_gap	0	0	gaze
giggles	3	common_gap	0	0	giggle
glistening	3	common_gap	0	0	glisten
glittery	3	common_gap	0	0	glittery
glows	3	common_gap	0	0	glow
goodies	3	common_gap	0	0	goody
goodness	3	common_gap	0	0	goodness
grasped	3	common_gap	0	0	grasp
grazing	3	common_gap	0	0	graze
grumbled	3	common_gap	0	0	grumble
gulped	3	common_gap	0	0	gulp
hammering	3	common_gap	0	0	hammer
harmony	3	common_gap	0	0	harmony
harvested	3	common_gap	0	0	harvest
hatched	3	common_gap	0	0	hatch
heartbroken	3	common_gap	0	0	heartbroken
homeless	3	common_gap	0	0	homeless
honeybee	3	common_gap	0	0	honeybee
hoo	3	proper_noun	1	0	hoo
hooked	3	common_gap	0	0	hook
humming	3	common_gap	0	0	hum
inserted	3	common_gap	0	0	insert
jars	3	common_gap	0	0	jar
jimbo	3	proper_noun	1	1	jimbo
jo	3	proper_noun	1	1	jo
jody	3	proper_noun	1	1	jody
joyful	3	common_gap	0	0	joyful
juiciest	3	common_gap	0	0	juicy
keen	3	common_gap	0	0	keen
kit	3	common_gap	0	0	kit
leafy	3	common_gap	0	0	leafy
leapt	3	common_gap	0	0	leapt
levers	3	common_gap	0	0	lever
lioness	3	common_gap	0	0	lioness
lobby	3	common_gap	0	0	lobby
lollipops	3	common_gap	0	0	lollipop
loneliness	3	common_gap	0	0	loneliness
lunchtime	3	common_gap	0	0	lunchtime
marked	3	inflection_miss	0	0	mark
mat	3	common_gap	0	0	mat
matilda	3	proper_noun	1	1	matilda
meadows	3	common_gap	0	0	meadow
melodies	3	common_gap	0	0	melody
moonwalk	3	common_gap	0	0	moonwalk
motion	3	common_gap	0	0	motion
mustered	3	common_gap	0	0	muster
napkins	3	common_gap	0	0	napkin
naps	3	common_gap	0	0	nap
nests	3	common_gap	0	0	nest
nibbled	3	common_gap	0	0	nibble
nicer	3	common_gap	0	0	nicer
nuzzled	3	common_gap	0	0	nuzzle
obediently	3	common_gap	0	0	obediently
ornament	3	common_gap	0	0	ornament
outfits	3	common_gap	0	0	outfit
outing	3	inflection_miss	0	0	out
padlock	3	common_gap	0	0	padlock
parcel	3	common_gap	0	0	parcel
peddled	3	common_gap	0	0	peddle
percy	3	proper_noun	1	1	percy
persistence	3	common_gap	0	0	persistence
phew	3	proper_noun	1	1	phew
pigeons	3	common_gap	0	0	pigeon
playhouse	3	common_gap	0	0	playhouse
pluck	3	common_gap	0	0	pluck
plug	3	common_gap	0	0	plug
pointy	3	common_gap	0	0	pointy
pony	3	common_gap	0	0	pony
porridge	3	common_gap	0	0	porridge
pouch	3	common_gap	0	0	pouch
practising	3	common_gap	0	0	practise
prey	3	common_gap	0	0	prey
pro	3	common_gap	0	0	pro
protector	3	common_gap	0	0	protector
puzzled	3	common_gap	0	0	puzzle
quacked	3	common_gap	0	0	quack
raked	3	common_gap	0	0	rake
rays	3	common_gap	0	0	ray
reappeared	3	common_gap	0	0	reappear
reflection	3	common_gap	0	0	reflection
rejoiced	3	common_gap	0	0	rejoice
relic	3	common_gap	0	0	relic
restored	3	common_gap	0	0	restore
resumed	3	common_gap	0	0	resume
riverbank	3	common_gap	0	0	riverbank
roamed	3	common_gap	0	0	roam
rolly	3	proper_noun	1	1	rolly
rosy	3	common_gap	0	0	rosy
rotted	3	common_gap	0	0	rot
rudy	3	proper_noun	1	1	rudy
ruffled	3	common_gap	0	0	ruffle
rumour	3	common_gap	0	0	rumour
sacks	3	common_gap	0	0	sack
saddle	3	common_gap	0	0	saddle
scattering	3	common_gap	0	0	scatter
seagulls	3	common_gap	0	0	seagull
seahorse	3	common_gap	0	0	seahorse
seatbelt	3	common_gap	0	0	seatbelt
seesaw	3	common_gap	0	0	seesaw
sensation	3	common_gap	0	0	sensation
sewed	3	common_gap	0	0	sew
sewing	3	common_gap	0	0	sew
shaking	3	inflection_miss	0	0	shake
shh	3	proper_noun	1	1	shh
shimmered	3	common_gap	0	0	shimmer
shortly	3	common_gap	0	0	shortly
shrank	3	common_gap	0	0	shrank
shyly	3	common_gap	0	0	shyly
sideways	3	common_gap	0	0	sideways
sips	3	common_gap	0	0	sip
slithered	3	common_gap	0	0	slither
smoothie	3	common_gap	0	0	smoothie
sneaked	3	common_gap	0	0	sneak
sniffled	3	common_gap	0	0	sniffle
sniffs	3	common_gap	0	0	sniff
snowball	3	common_gap	0	0	snowball
softened	3	common_gap	0	0	soften
sparrow	3	common_gap	0	0	sparrow
spat	3	common_gap	0	0	spat
spice	3	common_gap	0	0	spice
spill	3	common_gap	0	0	spill
spilling	3	common_gap	0	0	spill
spills	3	common_gap	0	0	spill
spoiling	3	common_gap	0	0	spoil
sprinkle	3	common_gap	0	0	sprinkle
squinted	3	common_gap	0	0	squint
squirt	3	common_gap	0	0	squirt
stain	3	common_gap	0	0	stain
stairways	3	common_gap	0	0	stairway
stalks	3	common_gap	0	0	stalk
stems	3	common_gap	0	0	stem
storybook	3	common_gap	0	0	storybook
stroke	3	common_gap	0	0	stroke
strolled	3	common_gap	0	0	stroll
strum	3	common_gap	0	0	strum
stubbornness	3	common_gap	0	0	stubbornness
sturdy	3	common_gap	0	0	sturdy
sunsets	3	common_gap	0	0	sunset
surfboard	3	common_gap	0	0	surfboard
susan	3	proper_noun	1	1	susan
sweetly	3	common_gap	0	0	sweetly
swimsuit	3	common_gap	0	0	swimsuit
swirled	3	common_gap	0	0	swirl
teapot	3	common_gap	0	0	teapot
teaspoon	3	common_gap	0	0	teaspoon
teaspoons	3	common_gap	0	0	teaspoon
teddies	3	common_gap	0	0	teddie
temptation	3	common_gap	0	0	temptation
tempted	3	common_gap	0	0	tempt
tickly	3	common_gap	0	0	tickly
tournament	3	common_gap	0	0	tournament
traps	3	common_gap	0	0	trap
trusty	3	common_gap	0	0	trusty
tugging	3	common_gap	0	0	tug
tumbled	3	common_gap	0	0	tumble
turkeys	3	common_gap	0	0	turkey
twists	3	common_gap	0	0	twist
uncovered	3	common_gap	0	0	uncover
unicorn	3	common_gap	0	0	unicorn
unison	3	proper_noun	1	0	unison
unpacking	3	common_gap	0	0	unpack
untangle	3	common_gap	0	0	untangle
unwell	3	common_gap	0	0	unwell
useless	3	common_gap	0	0	useless
waddled	3	common_gap	0	0	waddle
waded	3	common_gap	0	0	wad
wag	3	common_gap	0	0	wag
whizzed	3	common_gap	0	0	whiz
whoa	3	proper_noun	1	1	whoa
windowsill	3	common_gap	0	0	windowsill
wobbly	3	common_gap	0	0	wobbly
workshop	3	common_gap	0	0	workshop
wrinkled	3	common_gap	0	0	wrinkle
yep	3	proper_noun	1	1	yep
yummiest	3	common_gap	0	0	yummy
zara	3	proper_noun	1	1	zara
zigzagged	3	common_gap	0	0	zigzag
zizz	3	proper_noun	1	1	zizz
accurately	2	common_gap	0	0	accurately
achoo	2	proper_noun	1	1	achoo
acrobats	2	common_gap	0	0	acrobat
ahhed	2	common_gap	0	0	ahhe
airplanes	2	common_gap	0	0	airplane
alas	2	common_gap	0	0	alas
aliens	2	common_gap	0	0	alien
amused	2	common_gap	0	0	amuse
anne	2	proper_noun	1	1	anne
anxiously	2	common_gap	0	0	anxiously
anyways	2	common_gap	0	0	anyways
appetite	2	common_gap	0	0	appetite
applauding	2	common_gap	0	0	applaud
aprons	2	common_gap	0	0	apron
artwork	2	common_gap	0	0	artwork
ashtrays	2	common_gap	0	0	ashtray
astounded	2	common_gap	0	0	astound
atop	2	common_gap	0	0	atop
awhile	2	common_gap	0	0	awhile
awkward	2	common_gap	0	0	awkward
baa	2	proper_noun	1	0	baa
backpacks	2	common_gap	0	0	backpack
baffled	2	common_gap	0	0	baffle
ballerina	2	proper_noun	1	0	ballerina
basin	2	common_gap	0	0	basin
bats	2	common_gap	0	0	bat
beady	2	common_gap	0	0	beady
beaming	2	common_gap	0	0	beam
beautifully	2	common_gap	0	0	beautifully
beeped	2	common_gap	0	0	beep
beetles	2	common_gap	0	0	beetle
beware	2	proper_noun	0	1	beware
bid	2	common_gap	0	0	bid
binoculars	2	common_gap	0	0	binocular
birdseed	2	common_gap	0	0	birdseed
blades	2	common_gap	0	0	blade
bled	2	common_gap	0	0	bleed
bleeding	2	common_gap	0	0	bleed
blended	2	common_gap	0	0	blend
bless	2	proper_noun	0	1	bless
blonde	2	common_gap	0	0	blonde
blooms	2	common_gap	0	0	bloom
blur	2	common_gap	0	0	blur
blushed	2	common_gap	0	0	blush
boar	2	common_gap	0	0	boar
boarding	2	common_gap	0	0	boarding
boney	2	proper_noun	1	1	boney
bookshelf	2	common_gap	0	0	bookshelf
boost	2	common_gap	0	0	boost
boundaries	2	common_gap	0	0	boundary
bowling	2	inflection_miss	0	0	bowl
bracelets	2	common_gap	0	0	bracelet
bravo	2	proper_noun	1	0	bravo
breadcrumbs	2	common_gap	0	0	breadcrumb
bristles	2	common_gap	0	0	bristle
bubblegum	2	common_gap	0	0	bubblegum
bubbles	2	inflection_miss	1	0	bubble
bud	2	common_gap	0	0	bud
buds	2	common_gap	0	0	bud
bulls	2	common_gap	0	0	bull
bundles	2	common_gap	0	0	bundle
buttery	2	common_gap	0	0	buttery
cabinets	2	common_gap	0	0	cabinet
campsite	2	common_gap	0	0	campsite
carefree	2	common_gap	0	0	carefree
carelessly	2	common_gap	0	0	carelessly
caring	2	inflection_miss	0	0	care
carriages	2	common_gap	0	0	carriage
carton	2	common_gap	0	0	carton
cautious	2	common_gap	0	0	cautious
chainsaw	2	common_gap	0	0	chainsaw
chaos	2	common_gap	0	0	chaos
chattered	2	common_gap	0	0	chatter
cheerfully	2	common_gap	0	0	cheerfully
cheers	2	common_gap	0	0	cheer
cherished	2	common_gap	0	0	cherish
chill	2	common_gap	0	0	chill
chimes	2	common_gap	0	0	chime
chirps	2	common_gap	0	0	chirp
christmas	2	proper_noun	1	1	christmas
chuckle	2	common_gap	0	0	chuckle
chugged	2	common_gap	0	0	chug
chugging	2	common_gap	0	0	chug
chunks	2	common_gap	0	0	chunk
cinema	2	common_gap	0	0	cinema
clem	2	proper_noun	1	1	clem
clippers	2	common_gap	0	0	clipper
clowns	2	common_gap	0	0	clown
cluck	2	common_gap	0	0	cluck
clung	2	common_gap	0	0	clung
cob	2	common_gap	0	0	cob
cobra	2	common_gap	0	0	cobra
coming	2	inflection_miss	0	0	come
convincing	2	inflection_miss	0	0	convince
coo	2	proper_noun	1	1	coo
cooed	2	common_gap	0	0	coo
cooperate	2	common_gap	0	0	cooperate
cooperation	2	common_gap	0	0	cooperation
coughing	2	common_gap	0	0	cough
courageous	2	common_gap	0	0	courageous
courtiers	2	common_gap	0	0	courtier
cowboy	2	common_gap	0	0	cowboy
cowboys	2	common_gap	0	0	cowboy
cozier	2	common_gap	0	0	cozier
crabs	2	common_gap	0	0	crab
creak	2	common_gap	0	0	creak
critter	2	common_gap	0	0	critter
crocodile	2	common_gap	0	0	crocodile
crowns	2	common_gap	0	0	crown
crying	2	inflection_miss	0	0	cry
cupcakes	2	common_gap	0	0	cupcake
cutest	2	common_gap	0	0	cute
daffodil	2	common_gap	0	0	daffodil
dandelions	2	common_gap	0	0	dandelion
darlings	2	common_gap	0	0	darling
desperately	2	common_gap	0	0	desperately
dials	2	common_gap	0	0	dial
disbelief	2	common_gap	0	0	disbelief
discouraged	2	common_gap	0	0	discourage
disgust	2	common_gap	0	0	disgust
dock	2	common_gap	0	0	dock
dodging	2	common_gap	0	0	dodge
doorbell	2	common_gap	0	0	doorbell
doorstep	2	common_gap	0	0	doorstep
dot	2	common_gap	0	0	dot
dozed	2	common_gap	0	0	doze
dozing	2	common_gap	0	0	doze
drains	2	common_gap	0	0	drain
drawers	2	common_gap	0	0	drawer
dreaming	2	inflection_miss	0	0	dream
drowned	2	common_gap	0	0	drown
dryer	2	common_gap	0	0	dryer
earrings	2	common_gap	0	0	earring
eating	2	inflection_miss	0	0	eat
elders	2	common_gap	0	0	elder
es	2	proper_noun	1	0	es
fallen	2	inflection_miss	0	0	fall
fascination	2	common_gap	0	0	fascination
fate	2	common_gap	0	0	fate
feasted	2	common_gap	0	0	feast
flavoring	2	common_gap	0	0	flavor
flickered	2	common_gap	0	0	flicker
flipped	2	common_gap	0	0	flip
flurry	2	common_gap	0	0	flurry
fond	2	common_gap	0	0	fond
footing	2	inflection_miss	0	0	foot
footsteps	2	common_gap	0	0	footstep
forehead	2	common_gap	0	0	forehead
forgiveness	2	common_gap	0	0	forgiveness
forgot	2	inflection_miss	0	0	forget
forts	2	common_gap	0	0	fort
fright	2	common_gap	0	0	fright
frisbee	2	common_gap	0	0	frisbee
frowns	2	common_gap	0	0	frown
froze	2	common_gap	0	0	froze
frustration	2	common_gap	0	0	frustration
fulfill	2	common_gap	0	0	fulfill
gadgets	2	common_gap	0	0	gadget
galloped	2	common_gap	0	0	gallop
gasp	2	common_gap	0	0	gasp
gasps	2	common_gap	0	0	gasp
gathering	2	inflection_miss	0	0	gather
gears	2	common_gap	0	0	gear
geese	2	proper_noun	1	0	geese
generosity	2	common_gap	0	0	generosity
gesture	2	common_gap	0	0	gesture
gestures	2	common_gap	0	0	gesture
giddy	2	proper_noun	1	0	giddy
gigantic	2	common_gap	0	0	gigantic
glanced	2	common_gap	0	0	glance
glided	2	common_gap	0	0	glide
glistened	2	common_gap	0	0	glisten
glitter	2	common_gap	0	0	glitter
glossy	2	common_gap	0	0	glossy
goats	2	common_gap	0	0	goat
golfer	2	common_gap	0	0	golfer
gone	2	inflection_miss	0	0	go
gracias	2	proper_noun	1	0	gracia
grandkids	2	common_gap	0	0	grandkid
grease	2	common_gap	0	0	grease
grip	2	common_gap	0	0	grip
groaned	2	common_gap	0	0	groan
gross	2	common_gap	0	0	gross
grouchy	2	common_gap	0	0	grouchy
growls	2	common_gap	0	0	growl
guessing	2	inflection_miss	0	0	guess
gulp	2	common_gap	0	0	gulp
hairdresser	2	common_gap	0	0	hairdresser
haired	2	common_gap	0	0	haire
hallways	2	common_gap	0	0	hallway
hammered	2	common_gap	0	0	hammer
harvest	2	common_gap	0	0	harvest
having	2	inflection_miss	0	0	have
hearty	2	common_gap	0	0	hearty
heavenly	2	common_gap	0	0	heavenly
helped	2	inflection_miss	0	0	help
helpers	2	common_gap	0	0	helper
hesitation	2	common_gap	0	0	hesitation
hideaway	2	common_gap	0	0	hideaway
highness	2	proper_noun	1	1	highness
hiked	2	common_gap	0	0	hike
hissing	2	common_gap	0	0	hiss
honesty	2	proper_noun	1	0	honesty
hooks	2	common_gap	0	0	hook
hoops	2	common_gap	0	0	hoop
hooray	2	proper_noun	1	1	hooray
hooted	2	common_gap	0	0	hoot
hooves	2	common_gap	0	0	hoof
hotter	2	common_gap	0	0	hotter
hovered	2	common_gap	0	0	hover
hurriedly	2	common_gap	0	0	hurriedly
illuminated	2	common_gap	0	0	illuminate
impatiently	2	common_gap	0	0	impatiently
infants	2	common_gap	0	0	infant
inseparable	2	common_gap	0	0	inseparable
insistent	2	common_gap	0	0	insistent
itches	2	common_gap	0	0	itch
jellybeans	2	common_gap	0	0	jellybean
jogs	2	common_gap	0	0	jog
juggling	2	common_gap	0	0	juggle
junkyard	2	common_gap	0	0	junkyard
kept	2	inflection_miss	0	0	keep
kevin	2	proper_noun	1	1	kevin
knights	2	common_gap	0	0	knights
knots	2	common_gap	0	0	knot
lawnmower	2	common_gap	0	0	lawnmower
lea	2	proper_noun	1	1	lea
leaped	2	common_gap	0	0	leap
learner	2	common_gap	0	0	learner
lego	2	proper_noun	1	1	lego
lens	2	common_gap	0	0	len
liam	2	proper_noun	1	1	liam
librarian	2	common_gap	0	0	librarian
lightly	2	common_gap	0	0	lightly
lookout	2	common_gap	0	0	lookout
louisa	2	proper_noun	1	1	louisa
loves	2	inflection_miss	0	0	love
lovingly	2	common_gap	0	0	lovingly
luke	2	proper_noun	1	1	luke
lullaby	2	common_gap	0	0	lullaby
lush	2	common_gap	0	0	lush
lying	2	inflection_miss	0	0	lie
ma'am	2	common_gap	0	0	ma'am
mac	2	common_gap	0	0	mac
makers	2	common_gap	0	0	maker
mango	2	common_gap	0	0	mango
markings	2	common_gap	0	0	marking
marveling	2	common_gap	0	0	marvel
mcqueen	2	proper_noun	1	1	mcqueen
meena	2	proper_noun	1	1	meena
meowing	2	common_gap	0	0	meow
merry	2	common_gap	0	0	merry
mi	2	proper_noun	1	0	mi
midst	2	common_gap	0	0	midst
mini	2	common_gap	0	0	mini
mixing	2	inflection_miss	0	0	mix
moe	2	proper_noun	1	1	moe
mooed	2	common_gap	0	0	moo
moonlight	2	common_gap	0	0	moonlight
motioned	2	common_gap	0	0	motion
mower	2	common_gap	0	0	mower
munched	2	common_gap	0	0	munch
mural	2	common_gap	0	0	mural
murky	2	common_gap	0	0	murky
musty	2	common_gap	0	0	musty
nearer	2	common_gap	0	0	nearer
nestled	2	common_gap	0	0	nestle
nibble	2	common_gap	0	0	nibble
nightlight	2	common_gap	0	0	nightlight
nightstand	2	common_gap	0	0	nightstand
obliged	2	common_gap	0	0	oblige
obstacle	2	common_gap	0	0	obstacle
octopuses	2	common_gap	0	0	octopus
oily	2	common_gap	0	0	oily
oohed	2	common_gap	0	0	ooh
organised	2	common_gap	0	0	organise
organiser	2	common_gap	0	0	organiser
otters	2	common_gap	0	0	otter
pad	2	common_gap	0	0	pad
paddling	2	common_gap	0	0	paddle
pail	2	common_gap	0	0	pail
paintbrushes	2	common_gap	0	0	paintbrush
palms	2	common_gap	0	0	palm
panicked	2	common_gap	0	0	panic
patting	2	common_gap	0	0	pat
peacefulness	2	common_gap	0	0	peacefulness
peaches	2	common_gap	0	0	peach
peacock	2	common_gap	0	0	peacock
peak	2	common_gap	0	0	peak
perch	2	common_gap	0	0	perch
persuasive	2	common_gap	0	0	persuasive
pickles	2	common_gap	0	0	pickle
piggybank	2	common_gap	0	0	piggybank
pills	2	common_gap	0	0	pill
pinching	2	common_gap	0	0	pinch
pity	2	common_gap	0	0	pity
plaster	2	common_gap	0	0	plaster
pondered	2	common_gap	0	0	ponder
poppies	2	common_gap	0	0	poppy
pounced	2	common_gap	0	0	pounce
pout	2	common_gap	0	0	pout
pry	2	common_gap	0	0	pry
pucker	2	common_gap	0	0	pucker
puffing	2	common_gap	0	0	puff
purrs	2	common_gap	0	0	purr
quarreling	2	common_gap	0	0	quarrel
quickened	2	common_gap	0	0	quicken
rack	2	common_gap	0	0	rack
raging	2	common_gap	0	0	rag
realise	2	common_gap	0	0	realise
reassure	2	common_gap	0	0	reassure
reassuringly	2	common_gap	0	0	reassuringly
rebuild	2	common_gap	0	0	rebuild
receptionist	2	common_gap	0	0	receptionist
recess	2	common_gap	0	0	recess
reckless	2	common_gap	0	0	reckless
reflective	2	common_gap	0	0	reflective
repairman	2	common_gap	0	0	repairman
responsibly	2	common_gap	0	0	responsibly
restful	2	common_gap	0	0	restful
resting	2	inflection_miss	0	0	rest
rewarding	2	inflection_miss	0	0	reward
riddles	2	common_gap	0	0	riddle
rinsed	2	common_gap	0	0	rinse
rips	2	common_gap	0	0	rip
ritual	2	common_gap	0	0	ritual
roast	2	common_gap	0	0	roast
roasted	2	common_gap	0	0	roast
robber	2	common_gap	0	0	robber
robbers	2	common_gap	0	0	robber
rotten	2	common_gap	0	0	rotten
rumbled	2	common_gap	0	0	rumble
rumbling	2	common_gap	0	0	rumble
rustle	2	common_gap	0	0	rustle
rustled	2	common_gap	0	0	rustle
sang	2	inflection_miss	0	0	sing
savored	2	common_gap	0	0	savor
sawing	2	inflection_miss	0	0	saw
scenery	2	common_gap	0	0	scenery
scold	2	common_gap	0	0	scold
scooping	2	common_gap	0	0	scoop
scoops	2	common_gap	0	0	scoop
scowled	2	common_gap	0	0	scowl
scraped	2	common_gap	0	0	scrap
scraps	2	common_gap	0	0	scrap
scratching	2	common_gap	0	0	scratch
scratchy	2	common_gap	0	0	scratchy
scribbled	2	common_gap	0	0	scribble
searching	2	inflection_miss	0	0	search
sensors	2	common_gap	0	0	sensor
shady	2	common_gap	0	0	shady
shapey	2	proper_noun	1	1	shapey
shhh	2	proper_noun	1	1	shhh
shimmering	2	common_gap	0	0	shimmer
shines	2	common_gap	0	0	shin
shortcut	2	common_gap	0	0	shortcut
shouting	2	inflection_miss	0	0	shout
shuffle	2	proper_noun	1	1	shuffle
sighing	2	common_gap	0	0	sigh
sill	2	common_gap	0	0	sill
siren	2	common_gap	0	0	siren
skulls	2	common_gap	0	0	skull
slammed	2	common_gap	0	0	slam
sleepier	2	common_gap	0	0	sleepy
sleeves	2	common_gap	0	0	sleeve
smeared	2	common_gap	0	0	smear
smoothly	2	common_gap	0	0	smoothly
snapping	2	common_gap	0	0	snap
snaps	2	common_gap	0	0	snap
snarled	2	common_gap	0	0	snarl
sneaking	2	common_gap	0	0	sneak
sneaks	2	common_gap	0	0	sneak
sneezes	2	common_gap	0	0	sneeze
snooze	2	common_gap	0	0	snooze
snoozing	2	common_gap	0	0	snooze
snowballs	2	common_gap	0	0	snowball
snowmen	2	common_gap	0	0	snowman
soaking	2	common_gap	0	0	soak
sobs	2	common_gap	0	0	sobs
softness	2	common_gap	0	0	softness
soothing	2	common_gap	0	0	soothe
soundly	2	common_gap	0	0	soundly
speechless	2	common_gap	0	0	speechless
splat	2	proper_noun	0	1	splat
splish	2	common_gap	0	0	splish
spooked	2	common_gap	0	0	spook
sprout	2	common_gap	0	0	sprout
squawk	2	common_gap	0	0	squawk
squeaked	2	common_gap	0	0	squeak
squeal	2	common_gap	0	0	squeal
squinting	2	common_gap	0	0	squint
squirted	2	common_gap	0	0	squirt
squish	2	common_gap	0	0	squish
squished	2	common_gap	0	0	squish
stall	2	common_gap	0	0	stall
starling	2	common_gap	0	0	starle
stayed	2	inflection_miss	0	0	stay
steering	2	common_gap	0	0	steer
stitched	2	common_gap	0	0	stitch
stomping	2	common_gap	0	0	stomp
stool	2	common_gap	0	0	stool
strapped	2	common_gap	0	0	strap
strawberries	2	common_gap	0	0	strawberry
strokes	2	common_gap	0	0	stroke
stroking	2	common_gap	0	0	stroke
stroll	2	common_gap	0	0	stroll
strutted	2	common_gap	0	0	strut
stung	2	common_gap	0	0	stung
stuttered	2	common_gap	0	0	stutter
sugary	2	common_gap	0	0	sugary
superheroes	2	common_gap	0	0	superhero
surprisingly	2	common_gap	0	0	surprisingly
surrendering	2	common_gap	0	0	surrender
suspicious	2	common_gap	0	0	suspicious
swallowed	2	common_gap	0	0	swallow
swat	2	common_gap	0	0	swat
sweaty	2	common_gap	0	0	sweaty
swell	2	common_gap	0	0	swell
swimmer	2	common_gap	0	0	swimmer
swirling	2	common_gap	0	0	swirl
swirls	2	common_gap	0	0	swirls
swollen	2	common_gap	0	0	swollen
tantrum	2	common_gap	0	0	tantrum
tar	2	common_gap	0	0	tar
teamwork	2	common_gap	0	0	teamwork
tentacles	2	common_gap	0	0	tentacle
terribly	2	common_gap	0	0	terribly
texture	2	common_gap	0	0	texture
thankfully	2	common_gap	0	0	thankfully
thoughtfulness	2	common_gap	0	0	thoughtfulness
tides	2	common_gap	0	0	tide
tilted	2	common_gap	0	0	tilt
timid	2	common_gap	0	0	timid
tirelessly	2	common_gap	0	0	tirelessly
tiring	2	inflection_miss	0	0	tire
tissue	2	common_gap	0	0	tissue
tocked	2	common_gap	0	0	tocke
toed	2	common_gap	0	0	toed
toolbox	2	common_gap	0	0	toolbox
tossed	2	common_gap	0	0	toss
trading	2	common_gap	0	0	trading
treasured	2	common_gap	0	0	treasure
trimmed	2	common_gap	0	0	trim
trousers	2	common_gap	0	0	trouser
trudged	2	common_gap	0	0	trudge
trumpets	2	common_gap	0	0	trumpet
trunks	2	common_gap	0	0	trunk
trustworthy	2	common_gap	0	0	trustworthy
tuck	2	common_gap	0	0	tuck
tumbling	2	common_gap	0	0	tumble
twinkly	2	common_gap	0	0	twinkly
twirls	2	common_gap	0	0	twirls
twitch	2	proper_noun	1	1	twitch
uncover	2	common_gap	0	0	uncover
undo	2	common_gap	0	0	undo
ungrateful	2	common_gap	0	0	ungrateful
uniting	2	common_gap	0	0	unite
unloaded	2	common_gap	0	0	unload
unlocking	2	common_gap	0	0	unlock
unlocks	2	common_gap	0	0	unlock
unroll	2	common_gap	0	0	unroll
untangled	2	common_gap	0	0	untangle
untie	2	common_gap	0	0	untie
unwanted	2	common_gap	0	0	unwanted
venture	2	common_gap	0	0	venture
victorious	2	common_gap	0	0	victorious
vines	2	common_gap	0	0	vine
waggled	2	common_gap	0	0	waggle
waists	2	common_gap	0	0	waist
watchful	2	common_gap	0	0	watchful
waterfall	2	proper_noun	1	0	waterfall
webcam	2	common_gap	0	0	webcam
weightless	2	common_gap	0	0	weightless
welcoming	2	inflection_miss	0	0	welcome
whilst	2	common_gap	0	0	whilst
whined	2	common_gap	0	0	whine
whirlpool	2	common_gap	0	0	whirlpool
whispering	2	common_gap	0	0	whispering
whooping	2	common_gap	0	0	whoop
wider	2	inflection_miss	0	0	wide
windier	2	common_gap	0	0	windier
winding	2	inflection_miss	0	0	wind
winked	2	common_gap	0	0	wink
wisely	2	common_gap	0	0	wisely
wiser	2	proper_noun	1	0	wiser
woah	2	proper_noun	0	1	woah
woodpecker	2	common_gap	0	0	woodpecker
x.	2	common_gap	0	0	x.
zoe	2	proper_noun	1	1	zoe
$	1	common_gap	0	0	$
'bout	1	common_gap	0	0	'bout
abide	1	common_gap	0	0	abide
aboard	1	common_gap	0	0	aboard
achy	1	common_gap	0	0	achy
acting	1	inflection_miss	0	0	act
adjust	1	common_gap	0	0	adjust
adjusting	1	common_gap	0	0	adjust
admiringly	1	common_gap	0	0	admiringly
adventuresome	1	common_gap	0	0	adventuresome
afloat	1	common_gap	0	0	afloat
ahchoo	1	proper_noun	1	1	ahchoo
ahh	1	proper_noun	1	1	ahh
ahhh	1	proper_noun	0	1	ahhh
ahhhhhh	1	proper_noun	1	1	ahhhhhh
aisles	1	common_gap	0	0	aisle
ajar	1	common_gap	0	0	ajar
alerted	1	common_gap	0	0	alert
alleyways	1	common_gap	0	0	alleyways
allowance	1	common_gap	0	0	allowance
alphabet	1	common_gap	0	0	alphabet
amazingly	1	proper_noun	0	1	amazingly
amiss	1	common_gap	0	0	amiss
ancestors	1	common_gap	0	0	ancestor
andjim	1	common_gap	0	0	andjim
antics	1	common_gap	0	0	antic
anything-	1	common_gap	0	0	anything-
apologizer	1	common_gap	0	0	apologizer
apology	1	common_gap	0	0	apology
appeared	1	inflection_miss	0	0	appear
applause	1	common_gap	0	0	applause
appreciated	1	inflection_miss	0	0	appreciate
appreciative	1	common_gap	0	0	appreciative
aquarium	1	common_gap	0	0	aquarium
arch	1	common_gap	0	0	arch
arched	1	common_gap	0	0	arch
archer	1	common_gap	0	0	archer
archery	1	common_gap	0	0	archery
arctic	1	proper_noun	1	1	arctic
argh	1	proper_noun	1	1	argh
ashes	1	common_gap	0	0	ash
asking	1	inflection_miss	0	0	ask
assemble	1	common_gap	0	0	assemble
assured	1	common_gap	0	0	assure
astronauts	1	common_gap	0	0	astronaut
attics	1	common_gap	0	0	attic
automobile	1	common_gap	0	0	automobile
autumn	1	common_gap	0	0	autumn
awaited	1	common_gap	0	0	await
awely	1	common_gap	0	0	awely
awestruck	1	common_gap	0	0	awestruck
baaed	1	common_gap	0	0	baaed
babysitter	1	common_gap	0	0	babysitter
back,"be	1	common_gap	0	0	back,"be
badges	1	common_gap	0	0	badge
bail	1	common_gap	0	0	bail
bait	1	proper_noun	1	0	bait
baked	1	inflection_miss	0	0	bake
baking	1	inflection_miss	0	0	bake
balancer	1	common_gap	0	0	balancer
banging	1	common_gap	0	0	bang
barnyard	1	common_gap	0	0	barnyard
barrels	1	common_gap	0	0	barrel
baskets	1	common_gap	0	0	basket
bathing	1	inflection_miss	0	0	bath
beachs	1	common_gap	0	0	beachs
beaks	1	common_gap	0	0	beak
bearable	1	common_gap	0	0	bearable
beavers	1	proper_noun	0	1	beaver
bedspread	1	common_gap	0	0	bedspread
beeping	1	common_gap	0	0	beep
behold	1	common_gap	0	0	behold
bendy	1	common_gap	0	0	bendy
beneficial	1	common_gap	0	0	beneficial
bicker	1	common_gap	0	0	bicker
bicyles	1	common_gap	0	0	bicyle
bien	1	proper_noun	1	0	bien
bin-	1	common_gap	0	0	bin-
bippity	1	proper_noun	1	1	bippity
birdies	1	common_gap	0	0	birdie
birdsong	1	common_gap	0	0	birdsong
biscuit	1	common_gap	0	0	biscuit
blackbird	1	common_gap	0	0	blackbird
blade	1	common_gap	0	0	blade
blessings	1	common_gap	0	0	blessing
blinking	1	common_gap	0	0	blink
blinks	1	common_gap	0	0	blink
blob	1	common_gap	0	0	blob
blobs	1	common_gap	0	0	blob
blossomed	1	common_gap	0	0	blossom
blossoms	1	common_gap	0	0	blossom
blowing	1	inflection_miss	0	0	blow
boastful	1	common_gap	0	0	boastful
bobbed	1	common_gap	0	0	bobbed
bobbing	1	common_gap	0	0	bob
bold	1	common_gap	0	0	bold
bolts	1	common_gap	0	0	bolt
bond-	1	common_gap	0	0	bond-
bonita	1	proper_noun	1	0	bonita
bookshelves	1	common_gap	0	0	bookshelf
booming	1	common_gap	0	0	boom
booms	1	common_gap	0	0	boom
boosted	1	common_gap	0	0	boost
boppity	1	proper_noun	1	1	boppity
boredom	1	common_gap	0	0	boredom
borrowing	1	inflection_miss	0	0	borrow
bounding	1	common_gap	0	0	bound
bouquet	1	common_gap	0	0	bouquet
brag	1	common_gap	0	0	brag
brainstorming	1	common_gap	0	0	brainstorm
brass	1	common_gap	0	0	brass
bravado	1	common_gap	0	0	bravado
brayed	1	common_gap	0	0	bray
breakthrough	1	common_gap	0	0	breakthrough
brewing	1	common_gap	0	0	brew
brigade	1	common_gap	0	0	brigade
brighten	1	common_gap	0	0	brighten
broomstick	1	common_gap	0	0	broomstick
brownish	1	common_gap	0	0	brownish
browsed	1	common_gap	0	0	browse
bruise	1	common_gap	0	0	bruise
bruises	1	common_gap	0	0	bruise
brushing	1	inflection_miss	0	0	brush
buck	1	common_gap	0	0	buck
buckles	1	common_gap	0	0	buckle
builder	1	common_gap	0	0	builder
bumping	1	common_gap	0	0	bump
burps	1	common_gap	0	0	burp
busily	1	common_gap	0	0	busily
buzzes	1	common_gap	0	0	buzz
cackled	1	common_gap	0	0	cackle
calming	1	inflection_miss	0	0	calm
calmness	1	common_gap	0	0	calmness
calmyou	1	common_gap	0	0	calmyou
campers	1	common_gap	0	0	camper
canes	1	common_gap	0	0	cane
canoes	1	common_gap	0	0	canoe
canyon	1	common_gap	0	0	canyon
canyons	1	common_gap	0	0	canyon
caramel	1	proper_noun	1	0	caramel
careening	1	common_gap	0	0	careen
caretaker	1	common_gap	0	0	caretaker
cartwheels	1	common_gap	0	0	cartwheel
carve	1	common_gap	0	0	carve
carving	1	common_gap	0	0	carve
catchy	1	common_gap	0	0	catchy
caterpillars	1	common_gap	0	0	caterpillar
cautioned	1	common_gap	0	0	caution
cawing	1	common_gap	0	0	caw
cereals	1	common_gap	0	0	cereal
challenging	1	inflection_miss	0	0	challenge
charmy	1	common_gap	0	0	charmy
charred	1	common_gap	0	0	char
chatter	1	common_gap	0	0	chatter
chattering	1	common_gap	0	0	chatter
chatty	1	common_gap	0	0	chatty
checkup	1	common_gap	0	0	checkup
cheery	1	common_gap	0	0	cheery
cherish	1	common_gap	0	0	cherish
chimed	1	common_gap	0	0	chime
chimneys	1	common_gap	0	0	chimney
chin	1	common_gap	0	0	chin
chocolaty	1	common_gap	0	0	chocolaty
choked	1	common_gap	0	0	choke
chomping	1	common_gap	0	0	chomp
choppy	1	common_gap	0	0	choppy
chords	1	common_gap	0	0	chord
chore	1	common_gap	0	0	chore
chorus	1	common_gap	0	0	chorus
chug	1	common_gap	0	0	chug
chunk	1	common_gap	0	0	chunk
churning	1	common_gap	0	0	churn
clam	1	common_gap	0	0	clam
clambered	1	common_gap	0	0	clamber
classwork	1	common_gap	0	0	classwork
claw	1	common_gap	0	0	claw
clawed	1	common_gap	0	0	claw
cleaner	1	common_gap	0	0	cleaner
cleanly	1	common_gap	0	0	cleanly
cleansing	1	common_gap	0	0	cleansing
cleverer	1	common_gap	0	0	cleverer
cleverly	1	common_gap	0	0	cleverly
clingin	1	common_gap	0	0	clingin
clink	1	common_gap	0	0	clink
clipped	1	common_gap	0	0	clip
clothesline	1	common_gap	0	0	clothesline
cloudless	1	common_gap	0	0	cloudless
clucking	1	common_gap	0	0	cluck
clumsily	1	common_gap	0	0	clumsily
clutched	1	common_gap	0	0	clutch
cluttered	1	common_gap	0	0	cluttered
cocoons	1	common_gap	0	0	cocoon
coiled	1	common_gap	0	0	coil
colder	1	common_gap	0	0	colder
collaboration	1	common_gap	0	0	collaboration
collage	1	common_gap	0	0	collage
collars	1	common_gap	0	0	collar
colony	1	common_gap	0	0	colony
coloring	1	inflection_miss	0	0	color
comforted	1	inflection_miss	0	0	comfort
commotion	1	common_gap	0	0	commotion
como	1	common_gap	0	0	como
companionable	1	common_gap	0	0	companionable
compartment	1	common_gap	0	0	compartment
compliment	1	common_gap	0	0	compliment
compromise	1	common_gap	0	0	compromise
concentrated	1	inflection_miss	0	0	concentrate
conductor	1	common_gap	0	0	conductor
cones	1	common_gap	0	0	cone
congratulations	1	proper_noun	1	1	congratulation
conquer	1	common_gap	0	0	conquer
considerate	1	common_gap	0	0	considerate
console	1	common_gap	0	0	console
contagious	1	common_gap	0	0	contagious
contentedly	1	common_gap	0	0	contentedly
conveyor	1	common_gap	0	0	conveyor
cooing	1	common_gap	0	0	coo
cooked	1	inflection_miss	0	0	cook
cooktop	1	common_gap	0	0	cooktop
coop	1	common_gap	0	0	coop
cooperating	1	common_gap	0	0	cooperate
corridors	1	common_gap	0	0	corridor
couches	1	common_gap	0	0	couch
courageously	1	common_gap	0	0	courageously
courteous	1	common_gap	0	0	courteous
courtyard	1	common_gap	0	0	courtyard
crackle	1	common_gap	0	0	crackle
crackled	1	common_gap	0	0	crackle
craft	1	common_gap	0	0	craft
crafting	1	common_gap	0	0	craft
crafts	1	common_gap	0	0	craft
cranes	1	common_gap	0	0	crane
crannies	1	common_gap	0	0	cranny
cranny	1	common_gap	0	0	cranny
crawly	1	common_gap	0	0	crawly
creaked	1	common_gap	0	0	creak
croak	1	common_gap	0	0	croak
crossly	1	common_gap	0	0	crossly
crowned	1	common_gap	0	0	crown
cruelly	1	common_gap	0	0	cruelly
crumb	1	common_gap	0	0	crumb
crumble	1	common_gap	0	0	crumble
crumbling	1	common_gap	0	0	crumble
crumpled	1	common_gap	0	0	crumple
crunched	1	common_gap	0	0	crunch
crushed	1	common_gap	0	0	crush
cub	1	common_gap	0	0	cub
cub---"be	1	common_gap	0	0	cub---"be
cucumbers	1	common_gap	0	0	cucumber
culprit	1	common_gap	0	0	culprit
curl	1	common_gap	0	0	curl
cutters	1	common_gap	0	0	cutter
cutting	1	inflection_miss	0	0	cut
damp	1	common_gap	0	0	damp
dangled	1	common_gap	0	0	dangle
daydream	1	common_gap	0	0	daydream
daydreaming	1	common_gap	0	0	daydream
deader	1	common_gap	0	0	deader
dearly	1	common_gap	0	0	dearly
deeds	1	common_gap	0	0	deed
delicately	1	common_gap	0	0	delicately
delightful	1	common_gap	0	0	delightful
descended	1	common_gap	0	0	descend
destruction	1	common_gap	0	0	destruction
detour	1	common_gap	0	0	detour
dialed	1	common_gap	0	0	dial
different--	1	common_gap	0	0	different--
ding	1	common_gap	0	0	de
dinnertime	1	common_gap	0	0	dinnertime
dinos	1	common_gap	0	0	dinos
dipping	1	common_gap	0	0	dipping
disagreeable	1	common_gap	0	0	disagreeable
disagreement	1	common_gap	0	0	disagreement
disapointed	1	common_gap	0	0	disapointe
discomfort	1	common_gap	0	0	discomfort
disguising	1	common_gap	0	0	disguise
disgusted	1	common_gap	0	0	disgust
disintegrate	1	common_gap	0	0	disintegrate
disobedient	1	common_gap	0	0	disobedient
disobey	1	common_gap	0	0	disobey
disobeying	1	proper_noun	0	1	disobey
disrespectful	1	common_gap	0	0	disrespectful
disrupting	1	common_gap	0	0	disrupt
distract	1	common_gap	0	0	distract
distressed	1	common_gap	0	0	distressed
ditch	1	common_gap	0	0	ditch
dives	1	common_gap	0	0	dive
dizziness	1	common_gap	0	0	dizziness
docked	1	common_gap	0	0	dock
dodge	1	common_gap	0	0	dodge
dodged	1	common_gap	0	0	dodge
doe	1	common_gap	0	0	doe
dogs	1	inflection_miss	1	0	dog
dollop	1	common_gap	0	0	dollop
doomed	1	common_gap	0	0	doom
doormat	1	common_gap	0	0	doormat
doughnuts	1	common_gap	0	0	doughnut
downstream	1	common_gap	0	0	downstream
doze	1	common_gap	0	0	doze
dreamland	1	proper_noun	1	0	dreamland
drenched	1	common_gap	0	0	drench
drifting	1	common_gap	0	0	drift
drills	1	common_gap	0	0	drill
drinking	1	inflection_miss	0	0	drink
drooling	1	common_gap	0	0	drool
drooping	1	common_gap	0	0	droop
drummers	1	common_gap	0	0	drummer
ducked	1	common_gap	0	0	duck
eachother	1	common_gap	0	0	eachother
easel	1	common_gap	0	0	easel
echo	1	common_gap	0	0	echo
echoing	1	common_gap	0	0	echo
ecstatic	1	common_gap	0	0	ecstatic
eeeew	1	proper_noun	1	1	eeeew
eerie	1	common_gap	0	0	eerie
eh	1	proper_noun	0	1	eh
el	1	proper_noun	1	0	el
elbow	1	common_gap	0	0	elbow
elegant	1	common_gap	0	0	elegant
embarrass	1	common_gap	0	0	embarrass
embraced	1	common_gap	0	0	embrace
empowered	1	common_gap	0	0	empower
enchanted	1	common_gap	0	0	enchant
enclosure	1	common_gap	0	0	enclosure
encouragement	1	common_gap	0	0	encouragement
encouragingly	1	common_gap	0	0	encouragingly
endless	1	common_gap	0	0	endless
endlessly	1	common_gap	0	0	endlessly
enforce	1	common_gap	0	0	enforce
enthralled	1	common_gap	0	0	enthral
enthusiastically	1	common_gap	0	0	enthusiastically
erasers	1	common_gap	0	0	eraser
errand	1	common_gap	0	0	errand
errands	1	common_gap	0	0	errand
estas	1	common_gap	0	0	esta
etc	1	common_gap	0	0	etc
eventhough	1	common_gap	0	0	eventhough
eww	1	proper_noun	1	1	eww
exception	1	common_gap	0	0	exception
excessive	1	proper_noun	0	1	excessive
excite	1	common_gap	0	0	excite
explored	1	inflection_miss	1	0	explore
extravagance	1	common_gap	0	0	extravagance
eyebrows	1	common_gap	0	0	eyebrow
eyed	1	inflection_miss	0	0	eye
eyeshadow	1	common_gap	0	0	eyeshadow
farthest	1	common_gap	0	0	farth
favourites	1	common_gap	0	0	favourite
fawns	1	common_gap	0	0	fawn
fearless	1	common_gap	0	0	fearless
feeder	1	inflection_miss	0	0	feed
festive	1	common_gap	0	0	festive
fetches	1	common_gap	0	0	fetch
fidget	1	common_gap	0	0	fidget
fighter	1	common_gap	0	0	fighter
fillings	1	common_gap	0	0	filling
finder	1	common_gap	0	0	finder
firewood	1	common_gap	0	0	firewood
firing	1	inflection_miss	0	0	fire
flaming	1	inflection_miss	0	0	flame
flaps	1	common_gap	0	0	flap
flavour	1	common_gap	0	0	flavour
flavours	1	common_gap	0	0	flavour
flecks	1	common_gap	0	0	fleck
flee	1	common_gap	0	0	flee
fleeting	1	common_gap	0	0	fleeting
flexed	1	common_gap	0	0	flex
flicked	1	common_gap	0	0	flick
flickering	1	common_gap	0	0	flicker
flier	1	common_gap	0	0	flier
flipper	1	common_gap	0	0	flipper
flippers	1	common_gap	0	0	flipper
flitting	1	common_gap	0	0	flit
flowerbed	1	common_gap	0	0	flowerbe
flowerpots	1	common_gap	0	0	flowerpot
fluff	1	common_gap	0	0	fluff
fluffed	1	common_gap	0	0	fluff
foam	1	common_gap	0	0	foam
foamed	1	common_gap	0	0	foam
focusing	1	inflection_miss	0	0	focus
fondness	1	common_gap	0	0	fondness
fooled	1	common_gap	0	0	fool
foolishness	1	common_gap	0	0	foolishness
foreshadowing	1	common_gap	0	0	foreshadow
forgetful	1	common_gap	0	0	forgetful
fortress	1	common_gap	0	0	fortress
fortunate	1	common_gap	0	0	fortunate
forwards	1	common_gap	0	0	forwards
fragrance	1	common_gap	0	0	fragrance
fragrances	1	common_gap	0	0	fragrance
framed	1	inflection_miss	0	0	frame
freeing	1	inflection_miss	0	0	free
freely	1	common_gap	0	0	freely
freezing	1	inflection_miss	0	0	freeze
freshly	1	common_gap	0	0	freshly
frilly	1	common_gap	0	0	frilly
frogs	1	inflection_miss	1	0	frog
frost	1	common_gap	0	0	frost
fulfilled	1	common_gap	0	0	fulfil
fumble	1	common_gap	0	0	fumble
funeral	1	common_gap	0	0	funeral
funnest	1	common_gap	0	0	funn
funniest	1	common_gap	0	0	funniest
furthest	1	common_gap	0	0	furthest
fuzzier	1	common_gap	0	0	fuzzier
g	1	proper_noun	1	1	g
galloping	1	common_gap	0	0	gallop
galore	1	common_gap	0	0	galore
gathered	1	inflection_miss	0	0	gather
genius	1	common_gap	0	0	genius
gentlly	1	common_gap	0	0	gentlly
giraffes	1	common_gap	0	0	giraffe
glaciers	1	common_gap	0	0	glacier
glancing	1	common_gap	0	0	glance
glared	1	common_gap	0	0	glare
glares	1	common_gap	0	0	glare
glaring	1	common_gap	0	0	glare
gleam	1	common_gap	0	0	gleam
gleaming	1	common_gap	0	0	gleam
gliding	1	common_gap	0	0	gliding
glimpse	1	common_gap	0	0	glimpse
glinted	1	common_gap	0	0	glint
gloom	1	common_gap	0	0	gloom
gluing	1	common_gap	0	0	gluing
goggles	1	common_gap	0	0	goggle
gooey	1	common_gap	0	0	gooey
gotcha	1	proper_noun	1	1	gotcha
gown	1	common_gap	0	0	gown
grandaughter	1	proper_noun	1	1	grandaughter
gratefully	1	common_gap	0	0	gratefully
graze	1	common_gap	0	0	graze
grazed	1	common_gap	0	0	graze
greens	1	inflection_miss	1	0	green
griddle	1	common_gap	0	0	griddle
grimy	1	common_gap	0	0	grimy
gripped	1	common_gap	0	0	grip
grrr	1	proper_noun	0	1	grrr
gruff	1	common_gap	0	0	gruff
grumbling	1	common_gap	0	0	grumble
grumpiest	1	common_gap	0	0	grumpiest
guffawed	1	common_gap	0	0	guffaw
guilt	1	common_gap	0	0	guilt
guiltily	1	common_gap	0	0	guiltily
gunshot	1	common_gap	0	0	gunshot
gut	1	common_gap	0	0	gut
guts	1	common_gap	0	0	gut
haha	1	proper_noun	1	1	haha
haircuts	1	common_gap	0	0	haircut
hairstyle	1	common_gap	0	0	hairstyle
halfway	1	common_gap	0	0	halfway
hamburgers	1	common_gap	0	0	hamburger
hammers	1	common_gap	0	0	hammer
hamsters	1	common_gap	0	0	hamster
happenned	1	common_gap	0	0	happenne
hardwork	1	common_gap	0	0	hardwork
harness	1	common_gap	0	0	harness
harvests	1	common_gap	0	0	harvest
hatch	1	common_gap	0	0	hatch
heals	1	common_gap	0	0	heal
heaps	1	common_gap	0	0	heap
heard	1	inflection_miss	0	0	hear
heartbeat	1	common_gap	0	0	heartbeat
heartbeats	1	common_gap	0	0	heartbeat
hearted	1	common_gap	0	0	hearte
heater	1	common_gap	0	0	heater
hedgewit	1	common_gap	0	0	hedgewit
helpamy	1	common_gap	0	0	helpamy
hesitantly	1	common_gap	0	0	hesitantly
hid	1	proper_noun	1	0	hid
hilarious	1	common_gap	0	0	hilarious
hilltop	1	common_gap	0	0	hilltop
him-	1	common_gap	0	0	him-
hippos	1	common_gap	0	0	hippos
hisses	1	common_gap	0	0	hiss
hives	1	common_gap	0	0	hive
hmm	1	proper_noun	1	1	hmm
hmmm	1	proper_noun	1	1	hmmm
hoisted	1	common_gap	0	0	hoist
hola	1	proper_noun	1	1	hola
homemade	1	common_gap	0	0	homemade
homewards	1	common_gap	0	0	homeward
honestly	1	common_gap	0	0	honestly
honeycomb	1	common_gap	0	0	honeycomb
honked	1	common_gap	0	0	honk
honorary	1	common_gap	0	0	honorary
hoof	1	common_gap	0	0	hoof
hooting	1	common_gap	0	0	hoot
hopefully	1	common_gap	0	0	hopefully
hops	1	common_gap	0	0	hop
hosepipe	1	common_gap	0	0	hosepipe
howling	1	common_gap	0	0	howl
huff	1	common_gap	0	0	huff
hum	1	common_gap	0	0	hum
humbly	1	common_gap	0	0	humbly
hummed	1	common_gap	0	0	hum
hunkered	1	common_gap	0	0	hunker
hurray	1	proper_noun	0	1	hurray
hurried	1	inflection_miss	0	0	hurry
hurrying	1	inflection_miss	0	0	hurry
i'm	1	inflection_miss	0	0	i
iceberg	1	common_gap	0	0	iceberg
icky	1	common_gap	0	0	icky
identical	1	common_gap	0	0	identical
ignition	1	common_gap	0	0	ignition
ignorance	1	proper_noun	0	1	ignorance
illuminating	1	common_gap	0	0	illuminate
imaginable	1	common_gap	0	0	imaginable
imaginative	1	common_gap	0	0	imaginative
imagined	1	inflection_miss	0	0	imagine
impatience	1	common_gap	0	0	impatience
improved	1	inflection_miss	0	0	improve
independently	1	common_gap	0	0	independently
inevitable	1	common_gap	0	0	inevitable
inevitably	1	common_gap	0	0	inevitably
infected	1	common_gap	0	0	infect
infectious	1	common_gap	0	0	infectious
ing	1	common_gap	0	0	e
injection	1	common_gap	0	0	injection
inquired	1	common_gap	0	0	inquire
inscribed	1	common_gap	0	0	inscribe
inseperable	1	common_gap	0	0	inseperable
inspection	1	common_gap	0	0	inspection
instant	1	common_gap	0	0	instant
instinctively	1	proper_noun	0	1	instinctively
intensely	1	common_gap	0	0	intensely
interrupting	1	inflection_miss	0	0	interrupt
intruders	1	common_gap	0	0	intruder
itched	1	common_gap	0	0	itch
itching	1	common_gap	0	0	itch
jabbed	1	common_gap	0	0	jabbed
janey	1	proper_noun	1	1	janey
jaw	1	common_gap	0	0	jaw
jealousy	1	common_gap	0	0	jealousy
jig	1	common_gap	0	0	jig
jiggled	1	common_gap	0	0	jiggle
jiggly	1	common_gap	0	0	jiggly
jigsaw	1	common_gap	0	0	jigsaw
jingle	1	common_gap	0	0	jingle
jingling	1	common_gap	0	0	jingle
joyous	1	common_gap	0	0	joyous
joystick	1	common_gap	0	0	joystick
judgement	1	common_gap	0	0	judgement
juggle	1	common_gap	0	0	juggle
juggled	1	common_gap	0	0	juggle
jugs	1	common_gap	0	0	jug
jumbled	1	common_gap	0	0	jumble
justo	1	common_gap	0	0	justo
kayaker	1	common_gap	0	0	kayaker
keeping	1	inflection_miss	0	0	keep
keepsake	1	common_gap	0	0	keepsake
kernels	1	common_gap	0	0	kernel
keyhole	1	common_gap	0	0	keyhole
kiddo	1	proper_noun	1	0	kiddo
kites	1	common_gap	0	0	kit
kneeling	1	common_gap	0	0	kneel
kneels	1	common_gap	0	0	kneel
knowledgeable	1	common_gap	0	0	knowledgeable
lace	1	common_gap	0	0	lace
laces	1	common_gap	0	0	lace
ladders	1	common_gap	0	0	ladder
lamb	1	proper_noun	1	0	lamb
lambs	1	common_gap	0	0	lamb
lapped	1	common_gap	0	0	lap
lasers	1	proper_noun	0	1	laser
lavished	1	common_gap	0	0	lavish
laze	1	common_gap	0	0	laze
leap	1	common_gap	0	0	leap
leaping	1	common_gap	0	0	leap
ledge	1	common_gap	0	0	ledge
leftovers	1	common_gap	0	0	leftover
lesson-	1	common_gap	0	0	lesson-
lifetime	1	common_gap	0	0	lifetime
lipped	1	inflection_miss	0	0	lip
lipstick	1	common_gap	0	0	lipstick
lit	1	inflection_miss	0	0	light
littered	1	common_gap	0	0	litter
littler	1	common_gap	0	0	littler
litttle	1	common_gap	0	0	litttle
loaf	1	common_gap	0	0	loaf
locked	1	inflection_miss	0	0	lock
locker	1	common_gap	0	0	locker
lollies	1	common_gap	0	0	lolly
longing	1	common_gap	0	0	longing
lotions	1	common_gap	0	0	lotion
loudness	1	common_gap	0	0	loudness
loudspeaker	1	common_gap	0	0	loudspeaker
lounge	1	common_gap	0	0	lounge
lovable	1	common_gap	0	0	lovable
loving	1	inflection_miss	0	0	love
loyalty	1	common_gap	0	0	loyalty
luce	1	proper_noun	1	1	luce
luckly	1	proper_noun	1	1	luckly
lucys	1	proper_noun	1	1	lucys
lump	1	common_gap	0	0	lump
lunchbox	1	common_gap	0	0	lunchbox
lurking	1	common_gap	0	0	lurk
luxurious	1	common_gap	0	0	luxurious
machinery	1	common_gap	0	0	machinery
madder	1	common_gap	0	0	madder
maddie	1	proper_noun	1	1	maddie
magcally	1	common_gap	0	0	magcally
magnificent	1	common_gap	0	0	magnificent
magnifying	1	common_gap	0	0	magnify
magpie	1	common_gap	0	0	magpie
majestic	1	common_gap	0	0	majestic
maker	1	common_gap	0	0	maker
making	1	inflection_miss	0	0	make
mandala	1	common_gap	0	0	mandala
marketplace	1	common_gap	0	0	marketplace
marvel	1	common_gap	0	0	marvel
marvelled	1	common_gap	0	0	marvel
marvelling	1	common_gap	0	0	marvel
massages	1	common_gap	0	0	massage
mast	1	common_gap	0	0	mast
masterpieces	1	common_gap	0	0	masterpiece
masts	1	common_gap	0	0	mast
mateys	1	common_gap	0	0	matey
mazes	1	common_gap	0	0	maze
meandered	1	common_gap	0	0	meander
measuring	1	inflection_miss	0	0	measure
meatballs	1	common_gap	0	0	meatball
melodious	1	common_gap	0	0	melodious
melons	1	common_gap	0	0	melon
melting	1	inflection_miss	0	0	melt
mended	1	common_gap	0	0	mend
meows	1	common_gap	0	0	meow
mesmerised	1	common_gap	0	0	mesmerise
mew	1	common_gap	0	0	mew
mewing	1	common_gap	0	0	mewing
microwave	1	common_gap	0	0	microwave
mightier	1	common_gap	0	0	mightier
mindful	1	common_gap	0	0	mindful
mira	1	proper_noun	1	1	mira
miraculously	1	proper_noun	0	1	miraculously
misbehave	1	common_gap	0	0	misbehave
misbehaving	1	common_gap	0	0	misbehave
misery	1	common_gap	0	0	misery
mmmm	1	proper_noun	1	1	mmmm
moaned	1	common_gap	0	0	moan
moats	1	common_gap	0	0	moat
mocking	1	common_gap	0	0	mock
modesty	1	proper_noun	1	0	modesty
mold	1	common_gap	0	0	mold
moled	1	common_gap	0	0	mole
mommies	1	common_gap	0	0	mommy
mommmyyyy	1	proper_noun	1	1	mommmyyyy
mosquitoes	1	proper_noun	0	1	mosquito
mother,"can	1	common_gap	0	0	mother,"can
motionless	1	common_gap	0	0	motionless
mound	1	common_gap	0	0	mound
mountainside	1	common_gap	0	0	mountainside
mourning	1	common_gap	0	0	mourn
moved	1	inflection_miss	0	0	move
mover	1	proper_noun	1	1	mover
mowers	1	common_gap	0	0	mower
multi	1	common_gap	0	0	multi
mumbled	1	common_gap	0	0	mumble
munching	1	common_gap	0	0	munch
muttered	1	common_gap	0	0	mutter
muy	1	proper_noun	1	1	muy
napping	1	common_gap	0	0	nap
naptime	1	common_gap	0	0	naptime
navigate	1	common_gap	0	0	navigate
needel	1	common_gap	0	0	needel
neglected	1	common_gap	0	0	neglect
nephew	1	common_gap	0	0	nephew
newly	1	common_gap	0	0	newly
nibbling	1	common_gap	0	0	nibble
nicknamed	1	common_gap	0	0	nickname
niece	1	common_gap	0	0	niece
nighttime	1	common_gap	0	0	nighttime
nonsense	1	common_gap	0	0	nonsense
nook	1	common_gap	0	0	nook
nooks	1	common_gap	0	0	nook
nooooo	1	proper_noun	1	1	nooooo
nope	1	proper_noun	1	1	nope
noticing	1	inflection_miss	0	0	notice
nudged	1	common_gap	0	0	nudge
nuggets	1	common_gap	0	0	nugget
o'clock	1	common_gap	0	0	o'clock
oar	1	common_gap	0	0	oar
obedience	1	common_gap	0	0	obedience
observant	1	common_gap	0	0	observant
obstacles	1	common_gap	0	0	obstacle
odor	1	common_gap	0	0	odor
offering	1	common_gap	0	0	offering
officially	1	common_gap	0	0	officially
oink	1	common_gap	0	0	oink
ooh	1	proper_noun	1	1	ooh
operas	1	common_gap	0	0	operas
operator	1	common_gap	0	0	operator
opportunistic	1	common_gap	0	0	opportunistic
optimistic	1	common_gap	0	0	optimistic
ounces	1	common_gap	0	0	ounce
outrun	1	common_gap	0	0	outrun
outsiders	1	common_gap	0	0	outsider
outsite	1	common_gap	0	0	outsite
outsmart	1	common_gap	0	0	outsmart
outstretched	1	common_gap	0	0	outstretche
overcame	1	common_gap	0	0	overcame
overheard	1	common_gap	0	0	overhear
overnight	1	common_gap	0	0	overnight
overwhelmed	1	common_gap	0	0	overwhelm
oysters	1	common_gap	0	0	oyster
packet	1	common_gap	0	0	packet
paddles	1	common_gap	0	0	paddle
pals	1	common_gap	0	0	pal
panicking	1	common_gap	0	0	panic
pant	1	common_gap	0	0	pant
panting	1	common_gap	0	0	pant
parachute	1	common_gap	0	0	parachute
parades	1	common_gap	0	0	parade
paradise	1	common_gap	0	0	paradise
pared	1	common_gap	0	0	par
parlor	1	common_gap	0	0	parlor
parrots	1	common_gap	0	0	parrot
passageways	1	common_gap	0	0	passageway
pastries	1	common_gap	0	0	pastry
patched	1	common_gap	0	0	patch
pathway	1	common_gap	0	0	pathway
patter	1	common_gap	0	0	patter
pauses	1	common_gap	0	0	pause
pawed	1	common_gap	0	0	paw
peaked	1	common_gap	0	0	peak
peaks	1	common_gap	0	0	peak
peat	1	common_gap	0	0	peat
pecks	1	common_gap	0	0	peck
peddle	1	common_gap	0	0	peddle
peddling	1	common_gap	0	0	peddle
peeks	1	common_gap	0	0	peek
peeled	1	common_gap	0	0	peel
peels	1	common_gap	0	0	peel
peering	1	common_gap	0	0	peer
perfection	1	common_gap	0	0	perfection
performers	1	common_gap	0	0	performer
petrified	1	common_gap	0	0	petrify
pews	1	common_gap	0	0	pew
pinches	1	common_gap	0	0	pinch
piped	1	common_gap	0	0	pip
pitching	1	inflection_miss	0	0	pitch
pitter	1	common_gap	0	0	pitter
planting	1	inflection_miss	0	0	plant
playdate	1	common_gap	0	0	playdate
plaything	1	common_gap	0	0	playthe
plea	1	common_gap	0	0	plea
pleading	1	common_gap	0	0	plead
pleadingly	1	common_gap	0	0	pleadingly
pleeease	1	common_gap	0	0	pleeease
plugged	1	common_gap	0	0	plug
plump	1	common_gap	0	0	plump
plush	1	common_gap	0	0	plush
pokes	1	common_gap	0	0	poke
poles	1	common_gap	0	0	pole
politeness	1	common_gap	0	0	politeness
pollen	1	common_gap	0	0	pollen
polluting	1	common_gap	0	0	pollute
poof	1	common_gap	0	0	poof
poolside	1	common_gap	0	0	poolside
popsicle	1	common_gap	0	0	popsicle
popsicles	1	common_gap	0	0	popsicle
portion	1	common_gap	0	0	portion
postman	1	common_gap	0	0	postman
potions	1	common_gap	0	0	potion
pow	1	proper_noun	1	1	pow
powerless	1	common_gap	0	0	powerless
practicig	1	common_gap	0	0	practicig
pranced	1	common_gap	0	0	prance
prancing	1	common_gap	0	0	prance
pre	1	common_gap	0	0	pre
precariously	1	common_gap	0	0	precariously
precise	1	common_gap	0	0	precise
preferences	1	common_gap	0	0	preference
presto	1	common_gap	0	0	presto
prick	1	common_gap	0	0	prick
pricked	1	common_gap	0	0	prick
pried	1	common_gap	0	0	pry
promotion	1	common_gap	0	0	promotion
pros	1	common_gap	0	0	pro
puck	1	common_gap	0	0	puck
puffed	1	common_gap	0	0	puff
puffy	1	common_gap	0	0	puffy
pumped	1	common_gap	0	0	pump
punches	1	common_gap	0	0	punch
purring	1	common_gap	0	0	purr
puzzling	1	common_gap	0	0	puzzle
puzzlw	1	common_gap	0	0	puzzlw
pyjamas	1	common_gap	0	0	pyjama
quacking	1	common_gap	0	0	quack
quarreled	1	common_gap	0	0	quarrel
quest	1	common_gap	0	0	quest
quicker	1	inflection_miss	0	0	quick
quit3	1	common_gap	0	0	quit3
quivered	1	common_gap	0	0	quiver
quivering	1	common_gap	0	0	quiver
racket	1	common_gap	0	0	racket
radishes	1	common_gap	0	0	radish
rafts	1	common_gap	0	0	raft
rage	1	common_gap	0	0	rage
rainfall	1	common_gap	0	0	rainfall
rainstorm	1	common_gap	0	0	rainstorm
rainwater	1	common_gap	0	0	rainwater
rakes	1	common_gap	0	0	rake
raking	1	common_gap	0	0	rake
ramps	1	common_gap	0	0	ramp
rash	1	common_gap	0	0	rash
raspberry	1	common_gap	0	0	raspberry
rattle	1	common_gap	0	0	rattle
ravens	1	proper_noun	1	1	raven
readily	1	common_gap	0	0	readily
realising	1	common_gap	0	0	realise
realization	1	common_gap	0	0	realization
reap	1	common_gap	0	0	reap
rearranged	1	common_gap	0	0	rearrange
reassurance	1	common_gap	0	0	reassurance
reassuring	1	common_gap	0	0	reassure
recital	1	common_gap	0	0	recital
recognise	1	common_gap	0	0	recognise
recounted	1	common_gap	0	0	recount
recovery	1	common_gap	0	0	recovery
reefs	1	common_gap	0	0	reef
reel	1	common_gap	0	0	reel
refreshingly	1	common_gap	0	0	refreshingly
refusal	1	common_gap	0	0	refusal
reindeers	1	common_gap	0	0	reindeer
reins	1	common_gap	0	0	rein
rejoicing	1	common_gap	0	0	rejoice
relented	1	common_gap	0	0	relent
remained	1	inflection_miss	0	0	remain
remarkable	1	common_gap	0	0	remarkable
repeatedly	1	common_gap	0	0	repeatedly
repeatly	1	common_gap	0	0	repeatly
repeats	1	inflection_miss	1	0	repeat
replied:"oh	1	common_gap	0	0	replied:"oh
rescuer	1	common_gap	0	0	rescuer
reset	1	common_gap	0	0	reset
resigned	1	common_gap	0	0	resign
resourceful	1	common_gap	0	0	resourceful
resourcefulness	1	common_gap	0	0	resourcefulness
restarted	1	common_gap	0	0	restart
restoring	1	common_gap	0	0	restore
retrieve	1	common_gap	0	0	retrieve
retrieved	1	common_gap	0	0	retrieve
retying	1	common_gap	0	0	retye
reverse-	1	common_gap	0	0	reverse-
reversinng	1	common_gap	0	0	reversinng
rhyme	1	common_gap	0	0	rhyme
rib	1	common_gap	0	0	rib
rider	1	common_gap	0	0	rider
ridiculous	1	common_gap	0	0	ridiculous
rightful	1	common_gap	0	0	rightful
ripen	1	common_gap	0	0	ripen
ripping	1	common_gap	0	0	rip
rippling	1	common_gap	0	0	ripple
risky	1	common_gap	0	0	risky
riverside	1	common_gap	0	0	riverside
roaming	1	common_gap	0	0	roam
roasting	1	common_gap	0	0	roast
robe	1	common_gap	0	0	robe
rode	1	inflection_miss	0	0	ride
rosemary	1	common_gap	0	0	rosemary
roses	1	common_gap	0	0	rose
roughly	1	common_gap	0	0	roughly
roundest	1	common_gap	0	0	roundest
rowboat	1	common_gap	0	0	rowboat
rowing	1	inflection_miss	0	0	row
rraaaaaaaawr	1	proper_noun	1	1	rraaaaaaaawr
rrrr	1	proper_noun	1	1	rrrr
rubbing	1	inflection_miss	0	0	rub
rubbish	1	common_gap	0	0	rubbish
rudely	1	common_gap	0	0	rudely
ruffling	1	common_gap	0	0	ruffle
rugs	1	common_gap	0	0	rug
ruins	1	common_gap	0	0	ruin
rulers	1	common_gap	0	0	ruler
rummaged	1	common_gap	0	0	rummage
rungs	1	common_gap	0	0	rung
runnning	1	common_gap	0	0	runnne
rust	1	common_gap	0	0	rust
s	1	proper_noun	0	1	s
sacking	1	common_gap	0	0	sack
said,"if	1	common_gap	0	0	said,"if
said,"okay	1	common_gap	0	0	said,"okay
said,"this	1	common_gap	0	0	said,"this
said:"mummy	1	common_gap	0	0	said:"mummy
salon	1	common_gap	0	0	salon
sandals	1	common_gap	0	0	sandal
sap	1	common_gap	0	0	sap
sat	1	inflection_miss	0	0	sit
sauntered	1	common_gap	0	0	saunter
savannah	1	proper_noun	1	0	savannah
scaredy	1	common_gap	0	0	scaredy
scariness	1	common_gap	0	0	scariness
scarves	1	common_gap	0	0	scarf
scolding	1	common_gap	0	0	scold
scolds	1	common_gap	0	0	scold
scoot	1	common_gap	0	0	scoot
scootered	1	common_gap	0	0	scootere
scootering	1	common_gap	0	0	scootere
scooters	1	common_gap	0	0	scooter
scourging	1	common_gap	0	0	scourging
scowling	1	common_gap	0	0	scowl
scrap	1	common_gap	0	0	scrap
scrape	1	common_gap	0	0	scrape
scraping	1	common_gap	0	0	scrap
screamed,"help	1	common_gap	0	0	screamed,"help
screech	1	proper_noun	1	0	screech
screws	1	common_gap	0	0	screw
scribble	1	common_gap	0	0	scribble
scribbles	1	common_gap	0	0	scribble
scrunch	1	common_gap	0	0	scrunch
scurry	1	common_gap	0	0	scurry
scuttled	1	common_gap	0	0	scuttle
seasoning	1	inflection_miss	0	0	season
seatbelts	1	common_gap	0	0	seatbelt
secretly	1	common_gap	0	0	secretly
securely	1	common_gap	0	0	securely
sees	1	inflection_miss	0	0	see
seize	1	common_gap	0	0	seize
selfie	1	common_gap	0	0	selfie
selfishness	1	common_gap	0	0	selfishness
seller	1	common_gap	0	0	seller
selling	1	inflection_miss	0	0	sell
sermon	1	common_gap	0	0	sermon
server	1	common_gap	0	0	server
shaky	1	common_gap	0	0	shaky
shared	1	inflection_miss	0	0	share
sharer	1	common_gap	0	0	sharer
shaved	1	common_gap	0	0	shave
sheepishly	1	common_gap	0	0	sheepishly
sheltered	1	inflection_miss	0	0	shelter
shoebox	1	common_gap	0	0	shoebox
shooing	1	common_gap	0	0	shoo
shovels	1	common_gap	0	0	shovels
shrieked	1	common_gap	0	0	shriek
shrinker	1	common_gap	0	0	shrinker
shrug	1	common_gap	0	0	shrug
shrunk	1	common_gap	0	0	shrunk
shuffled	1	common_gap	0	0	shuffle
shyness	1	common_gap	0	0	shyness
sickness	1	common_gap	0	0	sickness
sidelines	1	common_gap	0	0	sideline
sighting	1	inflection_miss	0	0	sight
signature	1	common_gap	0	0	signature
sillyness	1	common_gap	0	0	sillyness
silverware	1	common_gap	0	0	silverware
simmer	1	common_gap	0	0	simmer
simmi	1	proper_noun	1	1	simmi
sipped	1	common_gap	0	0	sip
sis	1	proper_noun	1	1	sis
sitting	1	inflection_miss	0	0	sit
sized	1	inflection_miss	0	0	size
sizzle	1	common_gap	0	0	sizzle
sizzled	1	common_gap	0	0	sizzle
skates	1	common_gap	0	0	skate
skeletons	1	common_gap	0	0	skeleton
sketches	1	common_gap	0	0	sketch
skillfully	1	common_gap	0	0	skillfully
slam	1	proper_noun	1	1	slam
slapping	1	common_gap	0	0	slap
slashed	1	common_gap	0	0	slash
sleepyhead	1	common_gap	0	0	sleepyhead
slim	1	common_gap	0	0	slim
slithering	1	common_gap	0	0	slither
sloppy	1	common_gap	0	0	sloppy
slurped	1	common_gap	0	0	slurp
sly	1	common_gap	0	0	sly
smelly-	1	common_gap	0	0	smelly-
smock	1	common_gap	0	0	smock
smooshy	1	common_gap	0	0	smooshy
smoother	1	common_gap	0	0	smoother
smoothness	1	common_gap	0	0	smoothness
smug	1	common_gap	0	0	smug
snached	1	common_gap	0	0	snache
snarling	1	common_gap	0	0	snarl
sneakily	1	common_gap	0	0	sneakily
sniffles	1	common_gap	0	0	sniffle
sniffling	1	common_gap	0	0	sniffle
snipped	1	common_gap	0	0	snip
snivel	1	common_gap	0	0	snivel
snores	1	common_gap	0	0	snore
snoring	1	common_gap	0	0	snore
snorting	1	common_gap	0	0	snort
snorts	1	common_gap	0	0	snort
snowflake	1	common_gap	0	0	snowflake
snowstorm	1	common_gap	0	0	snowstorm
snug	1	common_gap	0	0	snug
sofishticated	1	proper_noun	0	1	sofishticate
softens	1	common_gap	0	0	soften
solemnly	1	common_gap	0	0	solemnly
solver	1	common_gap	0	0	solver
someplace	1	common_gap	0	0	someplace
soooooo	1	common_gap	0	0	soooooo
soot	1	common_gap	0	0	soot
sound,"thought	1	common_gap	0	0	sound,"thought
sound-	1	common_gap	0	0	sound-
souvenir	1	common_gap	0	0	souvenir
souvenirs	1	common_gap	0	0	souvenir
spacesuit	1	common_gap	0	0	spacesuit
spades	1	common_gap	0	0	spade
spank	1	common_gap	0	0	spank
spanked	1	common_gap	0	0	spank
spared	1	common_gap	0	0	spar
sparked	1	common_gap	0	0	spark
speck	1	common_gap	0	0	speck
spectacle	1	common_gap	0	0	spectacle
speeding	1	inflection_miss	0	0	speed
spewing	1	common_gap	0	0	spew
spied	1	common_gap	0	0	spy
spikey	1	common_gap	0	0	spikey
spine	1	common_gap	0	0	spine
spins	1	common_gap	0	0	spin
spiraling	1	common_gap	0	0	spiral
spitting	1	common_gap	0	0	spit
splattered	1	common_gap	0	0	splatter
splendid	1	common_gap	0	0	splendid
spot-	1	common_gap	0	0	spot-
sprayer	1	common_gap	0	0	sprayer
sprays	1	common_gap	0	0	spray
springtime	1	common_gap	0	0	springtime
sprinked	1	common_gap	0	0	sprinke
sprinklers	1	common_gap	0	0	sprinkler
sprinkling	1	common_gap	0	0	sprinkle
sprinted	1	common_gap	0	0	sprint
sprouted	1	common_gap	0	0	sprout
sprouting	1	common_gap	0	0	sprout
squabbled	1	common_gap	0	0	squabble
squabbling	1	common_gap	0	0	squabble
squatted	1	common_gap	0	0	squat
squawked	1	common_gap	0	0	squawk
squawking	1	common_gap	0	0	squawk
squeak	1	common_gap	0	0	squeak
squeezes	1	common_gap	0	0	squeeze
squiggles	1	common_gap	0	0	squiggle
squirmed	1	common_gap	0	0	squirm
squishing	1	common_gap	0	0	squish
stacking	1	common_gap	0	0	stack
staircase	1	common_gap	0	0	staircase
stalk	1	common_gap	0	0	stalk
stallion	1	common_gap	0	0	stallion
stalls	1	common_gap	0	0	stall
standing	1	inflection_miss	0	0	stand
starry	1	common_gap	0	0	starry
starting	1	inflection_miss	0	0	start
starving	1	common_gap	0	0	starve
stash	1	common_gap	0	0	stash
steadily	1	common_gap	0	0	steadily
steamy	1	common_gap	0	0	steamy
steered	1	common_gap	0	0	steer
stethoscope	1	common_gap	0	0	stethoscope
stinky	1	common_gap	0	0	stinky
stirrer	1	common_gap	0	0	stirrer
stitching	1	common_gap	0	0	stitch
stopper	1	common_gap	0	0	stopper
strangely	1	proper_noun	0	1	strangely
straws	1	common_gap	0	0	straw
streak	1	common_gap	0	0	streak
stretchy	1	common_gap	0	0	stretchy
strewn	1	common_gap	0	0	strew
strive	1	common_gap	0	0	strive
strolling	1	common_gap	0	0	stroll
strolls	1	common_gap	0	0	stroll
strummed	1	common_gap	0	0	strum
stubbed	1	common_gap	0	0	stub
studying	1	inflection_miss	0	0	study
stuffed	1	inflection_miss	0	0	stuff
stuffy	1	common_gap	0	0	stuffy
stunned	1	common_gap	0	0	stun
styling	1	common_gap	0	0	styling
stylish	1	common_gap	0	0	stylish
su	1	proper_noun	1	0	su
suave	1	common_gap	0	0	suave
submerged	1	common_gap	0	0	submerge
subside	1	common_gap	0	0	subside
subtracting	1	common_gap	0	0	subtract
summertime	1	common_gap	0	0	summertime
sunbathing	1	common_gap	0	0	sunbathe
sunbeams	1	common_gap	0	0	sunbeam
sunburnt	1	common_gap	0	0	sunburnt
sundays	1	proper_noun	1	1	sundays
sunflowers	1	common_gap	0	0	sunflower
sunnier	1	common_gap	0	0	sunnier
sunrises	1	common_gap	0	0	sunrise
suprised	1	common_gap	0	0	suprise
surfer	1	common_gap	0	0	surfer
surfing	1	common_gap	0	0	surf
surged	1	common_gap	0	0	surge
surprised-	1	common_gap	0	0	surprised-
suspended	1	common_gap	0	0	suspend
suspiciously	1	common_gap	0	0	suspiciously
swap	1	common_gap	0	0	swap
swapped	1	common_gap	0	0	swap
swarm	1	common_gap	0	0	swarm
sweat	1	common_gap	0	0	sweat
sweating	1	common_gap	0	0	sweat
sweeping	1	inflection_miss	0	0	sweep
sweeter	1	common_gap	0	0	sweeter
swelled	1	common_gap	0	0	swell
swimsuits	1	common_gap	0	0	swimsuit
swingset	1	common_gap	0	0	swingset
swiped	1	common_gap	0	0	swipe
swipes	1	common_gap	0	0	swipe
swooping	1	common_gap	0	0	swoop
swordfighting	1	common_gap	0	0	swordfighte
swords	1	common_gap	0	0	sword
sympathetically	1	common_gap	0	0	sympathetically
tags	1	common_gap	0	0	tag
takin	1	common_gap	0	0	takin
talking	1	inflection_miss	0	0	talk
tantrums	1	common_gap	0	0	tantrum
tapestries	1	common_gap	0	0	tapestry
tapped	1	common_gap	0	0	tap
tart	1	common_gap	0	0	tart
tastiest	1	common_gap	0	0	tasty
tasting	1	inflection_miss	0	0	taste
teary	1	common_gap	0	0	teary
teases	1	common_gap	0	0	tease
teasier	1	common_gap	0	0	teasier
tempting	1	common_gap	0	0	tempt
tender	1	common_gap	0	0	tender
tense	1	common_gap	0	0	tense
tensed	1	common_gap	0	0	tense
terrifying	1	common_gap	0	0	terrify
terror	1	common_gap	0	0	terror
tester	1	common_gap	0	0	tester
thawed	1	common_gap	0	0	thaw
theend	1	proper_noun	1	1	theend
theyse	1	proper_noun	1	1	theyse
thimble	1	common_gap	0	0	thimble
things-	1	common_gap	0	0	things-
thinkin	1	common_gap	0	0	thinkin
thirst	1	common_gap	0	0	thirst
thistle	1	common_gap	0	0	thistle
thorns	1	common_gap	0	0	thorn
thoroughly	1	common_gap	0	0	thoroughly
thoughtfully	1	common_gap	0	0	thoughtfully
threatened	1	inflection_miss	0	0	threaten
thrive	1	common_gap	0	0	thrive
throne	1	common_gap	0	0	throne
throwing	1	inflection_miss	0	0	throw
thump	1	common_gap	0	0	thump
thunderbolt	1	common_gap	0	0	thunderbolt
ticking	1	common_gap	0	0	tick
tickles	1	common_gap	0	0	tickle
tighten	1	common_gap	0	0	tighten
tightened	1	common_gap	0	0	tighten
tighter	1	common_gap	0	0	tighter
tightness	1	common_gap	0	0	tightness
tiles	1	common_gap	0	0	tile
timely	1	common_gap	0	0	timely
tin	1	common_gap	0	0	tin
tinged	1	common_gap	0	0	ting
tingly	1	common_gap	0	0	tingly
tinkling	1	common_gap	0	0	tinkle
tippy	1	common_gap	0	0	tippy
tiptoes	1	common_gap	0	0	tiptoes
tissues	1	common_gap	0	0	tissue
toad	1	proper_noun	1	1	toad
toasted	1	common_gap	0	0	toast
toaster	1	common_gap	0	0	toaster
toasting	1	common_gap	0	0	toast
toddled	1	common_gap	0	0	toddle
tokens	1	common_gap	0	0	tokens
toppings	1	common_gap	0	0	topping
toppled	1	common_gap	0	0	topple
tore	1	common_gap	0	0	tore
toss	1	common_gap	0	0	toss
tosses	1	common_gap	0	0	toss
tow	1	proper_noun	1	0	tow
travelling	1	inflection_miss	0	0	travel
traversed	1	common_gap	0	0	traverse
treasue	1	common_gap	0	0	treasue
trekked	1	common_gap	0	0	trek
trigger	1	common_gap	0	0	trigger
triumph	1	common_gap	0	0	triumph
triumphant	1	common_gap	0	0	triumphant
trolley	1	common_gap	0	0	trolley
troublesome	1	common_gap	0	0	troublesome
trundled	1	common_gap	0	0	trundle
truthful	1	common_gap	0	0	truthful
truthfully	1	common_gap	0	0	truthfully
tucking	1	common_gap	0	0	tuck
tucks	1	common_gap	0	0	tuck
tumble	1	common_gap	0	0	tumble
tutu	1	common_gap	0	0	tutu
twirly	1	common_gap	0	0	twirly
twitched	1	common_gap	0	0	twitch
twitching	1	common_gap	0	0	twitch
ufo	1	proper_noun	1	1	ufo
ultimate	1	common_gap	0	0	ultimate
unattended	1	common_gap	0	0	unattended
unbelievably	1	common_gap	0	0	unbelievably
unclean	1	common_gap	0	0	unclean
uncovering	1	common_gap	0	0	uncover
undone	1	common_gap	0	0	undo
undress	1	common_gap	0	0	undress
undying	1	common_gap	0	0	undye
unfreeze	1	common_gap	0	0	unfreeze
unhooked	1	common_gap	0	0	unhooked
unhooking	1	common_gap	0	0	unhook
unicorns	1	common_gap	0	0	unicorns
unimportant	1	common_gap	0	0	unimportant
unity	1	common_gap	0	0	unity
unload	1	common_gap	0	0	unload
unloading	1	common_gap	0	0	unload
unlucky	1	common_gap	0	0	unlucky
unnoticed	1	common_gap	0	0	unnoticed
unpackinng	1	common_gap	0	0	unpackinng
unpleasantly	1	common_gap	0	0	unpleasantly
unstuck	1	common_gap	0	0	unstuck
unwinding	1	common_gap	0	0	unwind
unwrap	1	common_gap	0	0	unwrap
unwraps	1	common_gap	0	0	unwrap
unzip	1	common_gap	0	0	unzip
upside	1	common_gap	0	0	upside
upstream	1	common_gap	0	0	upstream
upwards	1	common_gap	0	0	upwards
urgently	1	common_gap	0	0	urgently
utmost	1	common_gap	0	0	utmost
vacuum	1	common_gap	0	0	vacuum
vendors	1	common_gap	0	0	vendor
ventures	1	common_gap	0	0	venture
venturing	1	common_gap	0	0	venture
vibrate	1	common_gap	0	0	vibrate
vibrations	1	common_gap	0	0	vibration
victor	1	common_gap	0	0	victor
vigorously	1	common_gap	0	0	vigorously
violins	1	common_gap	0	0	violin
virtue	1	common_gap	0	0	virtue
vivid	1	common_gap	0	0	vivid
void	1	common_gap	0	0	void
voyage	1	common_gap	0	0	voyage
wade	1	common_gap	0	0	wade
wading	1	common_gap	0	0	wad
waggly	1	common_gap	0	0	waggly
waggy	1	common_gap	0	0	waggy
wagons	1	common_gap	0	0	wagon
walkway	1	common_gap	0	0	walkway
wanting	1	inflection_miss	0	0	want
wary	1	common_gap	0	0	wary
wasteful	1	common_gap	0	0	wasteful
waver	1	common_gap	0	0	waver
weakening	1	common_gap	0	0	weaken
weaved	1	common_gap	0	0	weave
webs	1	common_gap	0	0	webs
weeds	1	common_gap	0	0	weed
welcomed	1	inflection_miss	0	0	welcome
wetness	1	common_gap	0	0	wetness
wetsuits	1	common_gap	0	0	wetsuit
whacking	1	common_gap	0	0	whack
whales	1	common_gap	0	0	whale
whew	1	proper_noun	0	1	whew
whimpered	1	common_gap	0	0	whimper
whir	1	common_gap	0	0	whir
whirled	1	common_gap	0	0	whirl
whirling	1	common_gap	0	0	whirling
whirr	1	common_gap	0	0	whirr
whirred	1	common_gap	0	0	whir
whisk	1	common_gap	0	0	whisk
whisked	1	common_gap	0	0	whisk
whistles	1	common_gap	0	0	whistle
whiteboard	1	common_gap	0	0	whiteboard
whiteness	1	common_gap	0	0	whiteness
whizzing	1	common_gap	0	0	whiz
whooped	1	common_gap	0	0	whoop
whooshed	1	common_gap	0	0	whoosh
width	1	common_gap	0	0	width
wildflowers	1	common_gap	0	0	wildflower
willingness	1	common_gap	0	0	willingness
windmill	1	common_gap	0	0	windmill
wingbeats	1	common_gap	0	0	wingbeat
wobbling	1	common_gap	0	0	wobble
wonderfully	1	common_gap	0	0	wonderfully
woo	1	proper_noun	1	1	woo
woody	1	common_gap	0	0	woody
wordless	1	common_gap	0	0	wordless
worn	1	inflection_miss	0	0	wear
worriedly	1	common_gap	0	0	worriedly
worrying	1	inflection_miss	0	0	worry
worsened	1	common_gap	0	0	worsen
wrappers	1	common_gap	0	0	wrapper
wrapping	1	inflection_miss	0	0	wrap
wrecked	1	common_gap	0	0	wreck
wriggled	1	common_gap	0	0	wriggle
xhe	1	proper_noun	1	1	xhe
y	1	proper_noun	1	0	y
ya	1	common_gap	0	0	ya
yawns	1	common_gap	0	0	yawn
yea	1	proper_noun	1	1	yea
yearning	1	common_gap	0	0	yearn
yelp	1	common_gap	0	0	yelp
yielded	1	common_gap	0	0	yield
yip	1	common_gap	0	0	yip
yippee	1	proper_noun	1	1	yippee
yummies--	1	common_gap	0	0	yummies--
zigzags	1	common_gap	0	0	zigzag
zooms	1	common_gap	0	0	zoom
